This is pdfTeX, Version 3.141592653-2.6-1.40.26 (TeX Live 2024) (preloaded format=pdflatex 2024.7.31)  11 JUL 2025 10:44
entering extended mode
 \write18 enabled.
 %&-line parsing enabled.
**Hoa11_C01_CBHH_2.tex
(./Hoa11_C01_CBHH_2.tex
LaTeX2e <2023-11-01> patch level 1
L3 programming layer <2024-02-20>
(c:/texlive/2024/texmf-dist/tex/latex/subfiles/subfiles.cls
Document Class: subfiles 2020/11/14 v2.2 Multi-file projects (class)
Preamble taken from file `Main.tex'
(c:/texlive/2024/texmf-dist/tex/latex/import/import.sty
Package: import 2020/04/01  v 6.2
) (./Main.tex
(c:/texlive/2024/texmf-dist/tex/latex/base/book.cls
Document Class: book 2023/05/17 v1.4n Standard LaTeX document class
(c:/texlive/2024/texmf-dist/tex/latex/base/bk12.clo
File: bk12.clo 2023/05/17 v1.4n Standard LaTeX file (size option)
)
\c@part=\count188
\c@chapter=\count189
\c@section=\count190
\c@subsection=\count191
\c@subsubsection=\count192
\c@paragraph=\count193
\c@subparagraph=\count194
\c@figure=\count195
\c@table=\count196
\abovecaptionskip=\skip48
\belowcaptionskip=\skip49
\bibindent=\dimen140
)
(c:/texlive/2024/texmf-dist/tex/latex/xcolor/xcolor.sty
Package: xcolor 2023/11/15 v3.01 LaTeX color extensions (UK)

(c:/texlive/2024/texmf-dist/tex/latex/graphics-cfg/color.cfg
File: color.cfg 2016/01/02 v1.6 sample color configuration
)
Package xcolor Info: Driver file: pdftex.def on input line 274.

(c:/texlive/2024/texmf-dist/tex/latex/graphics-def/pdftex.def
File: pdftex.def 2022/09/22 v1.2b Graphics/color driver for pdftex
)
(c:/texlive/2024/texmf-dist/tex/latex/graphics/mathcolor.ltx)
Package xcolor Info: Model `cmy' substituted by `cmy0' on input line 1350.
Package xcolor Info: Model `hsb' substituted by `rgb' on input line 1354.
Package xcolor Info: Model `RGB' extended on input line 1366.
Package xcolor Info: Model `HTML' substituted by `rgb' on input line 1368.
Package xcolor Info: Model `Hsb' substituted by `hsb' on input line 1369.
Package xcolor Info: Model `tHsb' substituted by `hsb' on input line 1370.
Package xcolor Info: Model `HSB' substituted by `hsb' on input line 1371.
Package xcolor Info: Model `Gray' substituted by `gray' on input line 1372.
Package xcolor Info: Model `wave' substituted by `hsb' on input line 1373.
)
(c:/texlive/2024/texmf-dist/tex/latex/colortbl/colortbl.sty
Package: colortbl 2024/02/20 v1.0g Color table columns (DPC)

(c:/texlive/2024/texmf-dist/tex/latex/tools/array.sty
Package: array 2023/10/16 v2.5g Tabular extension package (FMi)
\col@sep=\dimen141
\ar@mcellbox=\box51
\extrarowheight=\dimen142
\NC@list=\toks17
\extratabsurround=\skip50
\backup@length=\skip51
\ar@cellbox=\box52
)
\everycr=\toks18
\minrowclearance=\skip52
\rownum=\count197
)
(c:/texlive/2024/texmf-dist/tex/latex/amsmath/amsmath.sty
Package: amsmath 2023/05/13 v2.17o AMS math features
\@mathmargin=\skip53

For additional information on amsmath, use the `?' option.
(c:/texlive/2024/texmf-dist/tex/latex/amsmath/amstext.sty
Package: amstext 2021/08/26 v2.01 AMS text

(c:/texlive/2024/texmf-dist/tex/latex/amsmath/amsgen.sty
File: amsgen.sty 1999/11/30 v2.0 generic functions
\@emptytoks=\toks19
\ex@=\dimen143
))
(c:/texlive/2024/texmf-dist/tex/latex/amsmath/amsbsy.sty
Package: amsbsy 1999/11/29 v1.2d Bold Symbols
\pmbraise@=\dimen144
)
(c:/texlive/2024/texmf-dist/tex/latex/amsmath/amsopn.sty
Package: amsopn 2022/04/08 v2.04 operator names
)
\inf@bad=\count198
LaTeX Info: Redefining \frac on input line 234.
\uproot@=\count199
\leftroot@=\count266
LaTeX Info: Redefining \overline on input line 399.
LaTeX Info: Redefining \colon on input line 410.
\classnum@=\count267
\DOTSCASE@=\count268
LaTeX Info: Redefining \ldots on input line 496.
LaTeX Info: Redefining \dots on input line 499.
LaTeX Info: Redefining \cdots on input line 620.
\Mathstrutbox@=\box53
\strutbox@=\box54
LaTeX Info: Redefining \big on input line 722.
LaTeX Info: Redefining \Big on input line 723.
LaTeX Info: Redefining \bigg on input line 724.
LaTeX Info: Redefining \Bigg on input line 725.
\big@size=\dimen145
LaTeX Font Info:    Redeclaring font encoding OML on input line 743.
LaTeX Font Info:    Redeclaring font encoding OMS on input line 744.
\macc@depth=\count269
LaTeX Info: Redefining \bmod on input line 905.
LaTeX Info: Redefining \pmod on input line 910.
LaTeX Info: Redefining \smash on input line 940.
LaTeX Info: Redefining \relbar on input line 970.
LaTeX Info: Redefining \Relbar on input line 971.
\c@MaxMatrixCols=\count270
\dotsspace@=\muskip16
\c@parentequation=\count271
\dspbrk@lvl=\count272
\tag@help=\toks20
\row@=\count273
\column@=\count274
\maxfields@=\count275
\andhelp@=\toks21
\eqnshift@=\dimen146
\alignsep@=\dimen147
\tagshift@=\dimen148
\tagwidth@=\dimen149
\totwidth@=\dimen150
\lineht@=\dimen151
\@envbody=\toks22
\multlinegap=\skip54
\multlinetaggap=\skip55
\mathdisplay@stack=\toks23
LaTeX Info: Redefining \[ on input line 2953.
LaTeX Info: Redefining \] on input line 2954.
)
(c:/texlive/2024/texmf-dist/tex/latex/graphics/graphicx.sty
Package: graphicx 2021/09/16 v1.2d Enhanced LaTeX Graphics (DPC,SPQR)

(c:/texlive/2024/texmf-dist/tex/latex/graphics/keyval.sty
Package: keyval 2022/05/29 v1.15 key=value parser (DPC)
\KV@toks@=\toks24
)
(c:/texlive/2024/texmf-dist/tex/latex/graphics/graphics.sty
Package: graphics 2022/03/10 v1.4e Standard LaTeX Graphics (DPC,SPQR)

(c:/texlive/2024/texmf-dist/tex/latex/graphics/trig.sty
Package: trig 2021/08/11 v1.11 sin cos tan (DPC)
)
(c:/texlive/2024/texmf-dist/tex/latex/graphics-cfg/graphics.cfg
File: graphics.cfg 2016/06/04 v1.11 sample graphics configuration
)
Package graphics Info: Driver file: pdftex.def on input line 107.
)
\Gin@req@height=\dimen152
\Gin@req@width=\dimen153
)
(c:/texlive/2024/texmf-dist/tex/latex/savesym/savesym.sty
Package: savesym 2013/09/02 v1.2 Saves and restores symbols (JG)
)
(c:/texlive/2024/texmf-dist/tex/latex/bbding/bbding.sty
Package: bbding 1999/04/15 v1.01 Dingbats symbols
)
(c:/texlive/2024/texmf-dist/tex/latex/amsrefs/textcmds.sty
Package: textcmds 2012/08/02 v2.00
)
(c:/texlive/2024/texmf-dist/tex/latex/hyperref/hyperref.sty
Package: hyperref 2024-01-20 v7.01h Hypertext links for LaTeX

(c:/texlive/2024/texmf-dist/tex/generic/iftex/iftex.sty
Package: iftex 2022/02/03 v1.0f TeX engine tests
)
(c:/texlive/2024/texmf-dist/tex/latex/kvsetkeys/kvsetkeys.sty
Package: kvsetkeys 2022-10-05 v1.19 Key value parser (HO)
)
(c:/texlive/2024/texmf-dist/tex/generic/kvdefinekeys/kvdefinekeys.sty
Package: kvdefinekeys 2019-12-19 v1.6 Define keys (HO)
)
(c:/texlive/2024/texmf-dist/tex/generic/pdfescape/pdfescape.sty
Package: pdfescape 2019/12/09 v1.15 Implements pdfTeX's escape features (HO)

(c:/texlive/2024/texmf-dist/tex/generic/ltxcmds/ltxcmds.sty
Package: ltxcmds 2023-12-04 v1.26 LaTeX kernel commands for general use (HO)
)
(c:/texlive/2024/texmf-dist/tex/generic/pdftexcmds/pdftexcmds.sty
Package: pdftexcmds 2020-06-27 v0.33 Utility functions of pdfTeX for LuaTeX (HO
)

(c:/texlive/2024/texmf-dist/tex/generic/infwarerr/infwarerr.sty
Package: infwarerr 2019/12/03 v1.5 Providing info/warning/error messages (HO)
)
Package pdftexcmds Info: \pdf@primitive is available.
Package pdftexcmds Info: \pdf@ifprimitive is available.
Package pdftexcmds Info: \pdfdraftmode found.
))
(c:/texlive/2024/texmf-dist/tex/latex/hycolor/hycolor.sty
Package: hycolor 2020-01-27 v1.10 Color options for hyperref/bookmark (HO)
)
(c:/texlive/2024/texmf-dist/tex/latex/auxhook/auxhook.sty
Package: auxhook 2019-12-17 v1.6 Hooks for auxiliary files (HO)
)
(c:/texlive/2024/texmf-dist/tex/latex/hyperref/nameref.sty
Package: nameref 2023-11-26 v2.56 Cross-referencing by name of section

(c:/texlive/2024/texmf-dist/tex/latex/refcount/refcount.sty
Package: refcount 2019/12/15 v3.6 Data extraction from label references (HO)
)
(c:/texlive/2024/texmf-dist/tex/generic/gettitlestring/gettitlestring.sty
Package: gettitlestring 2019/12/15 v1.6 Cleanup title references (HO)

(c:/texlive/2024/texmf-dist/tex/latex/kvoptions/kvoptions.sty
Package: kvoptions 2022-06-15 v3.15 Key value format for package options (HO)
))
\c@section@level=\count276
)
(c:/texlive/2024/texmf-dist/tex/latex/etoolbox/etoolbox.sty
Package: etoolbox 2020/10/05 v2.5k e-TeX tools for LaTeX (JAW)
\etb@tempcnta=\count277
)
\@linkdim=\dimen154
\Hy@linkcounter=\count278
\Hy@pagecounter=\count279

(c:/texlive/2024/texmf-dist/tex/latex/hyperref/pd1enc.def
File: pd1enc.def 2024-01-20 v7.01h Hyperref: PDFDocEncoding definition (HO)
Now handling font encoding PD1 ...
... no UTF-8 mapping file for font encoding PD1
)
(c:/texlive/2024/texmf-dist/tex/generic/intcalc/intcalc.sty
Package: intcalc 2019/12/15 v1.3 Expandable calculations with integers (HO)
)
\Hy@SavedSpaceFactor=\count280

(c:/texlive/2024/texmf-dist/tex/latex/hyperref/puenc.def
File: puenc.def 2024-01-20 v7.01h Hyperref: PDF Unicode definition (HO)
Now handling font encoding PU ...
... no UTF-8 mapping file for font encoding PU
)
Package hyperref Info: Option `colorlinks' set `true' on input line 4062.
Package hyperref Info: Hyper figures OFF on input line 4179.
Package hyperref Info: Link nesting OFF on input line 4184.
Package hyperref Info: Hyper index ON on input line 4187.
Package hyperref Info: Plain pages OFF on input line 4194.
Package hyperref Info: Backreferencing OFF on input line 4199.
Package hyperref Info: Implicit mode ON; LaTeX internals redefined.
Package hyperref Info: Bookmarks ON on input line 4446.
\c@Hy@tempcnt=\count281

(c:/texlive/2024/texmf-dist/tex/latex/url/url.sty
\Urlmuskip=\muskip17
Package: url 2013/09/16  ver 3.4  Verb mode for urls, etc.
)
LaTeX Info: Redefining \url on input line 4784.
\XeTeXLinkMargin=\dimen155

(c:/texlive/2024/texmf-dist/tex/generic/bitset/bitset.sty
Package: bitset 2019/12/09 v1.3 Handle bit-vector datatype (HO)

(c:/texlive/2024/texmf-dist/tex/generic/bigintcalc/bigintcalc.sty
Package: bigintcalc 2019/12/15 v1.5 Expandable calculations on big integers (HO
)
))
\Fld@menulength=\count282
\Field@Width=\dimen156
\Fld@charsize=\dimen157
Package hyperref Info: Hyper figures OFF on input line 6063.
Package hyperref Info: Link nesting OFF on input line 6068.
Package hyperref Info: Hyper index ON on input line 6071.
Package hyperref Info: backreferencing OFF on input line 6078.
Package hyperref Info: Link coloring ON on input line 6081.
Package hyperref Info: Link coloring with OCG OFF on input line 6088.
Package hyperref Info: PDF/A mode OFF on input line 6093.

(c:/texlive/2024/texmf-dist/tex/latex/base/atbegshi-ltx.sty
Package: atbegshi-ltx 2021/01/10 v1.0c Emulation of the original atbegshi
package with kernel methods
)
\Hy@abspage=\count283
\c@Item=\count284
\c@Hfootnote=\count285
)
Package hyperref Info: Driver (autodetected): hpdftex.

(c:/texlive/2024/texmf-dist/tex/latex/hyperref/hpdftex.def
File: hpdftex.def 2024-01-20 v7.01h Hyperref driver for pdfTeX

(c:/texlive/2024/texmf-dist/tex/latex/base/atveryend-ltx.sty
Package: atveryend-ltx 2020/08/19 v1.0a Emulation of the original atveryend pac
kage
with kernel methods
)
\Fld@listcount=\count286
\c@bookmark@seq@number=\count287

(c:/texlive/2024/texmf-dist/tex/latex/rerunfilecheck/rerunfilecheck.sty
Package: rerunfilecheck 2022-07-10 v1.10 Rerun checks for auxiliary files (HO)

(c:/texlive/2024/texmf-dist/tex/generic/uniquecounter/uniquecounter.sty
Package: uniquecounter 2019/12/15 v1.4 Provide unlimited unique counter (HO)
)
Package uniquecounter Info: New unique counter `rerunfilecheck' on input line 2
85.
)
\Hy@SectionHShift=\skip56
)
(c:/texlive/2024/texmf-dist/tex/latex/subfiles/subfiles.sty
Package: subfiles 2020/11/14 v2.2 Multi-file projects (package)
)
(c:/texlive/2024/texmf-dist/tex/latex/vntex/vietnam.sty
Package: vietnam 2009/07/12 v1.3 support for Vietnamese

(c:/texlive/2024/texmf-dist/tex/latex/base/ifthen.sty
Package: ifthen 2022/04/13 v1.1d Standard LaTeX ifthen package (DPC)
)
(c:/texlive/2024/texmf-dist/tex/latex/base/fontenc.sty
Package: fontenc 2021/04/29 v2.0v Standard LaTeX package

(c:/texlive/2024/texmf-dist/tex/latex/vntex/t5enc.def
File: t5enc.def 2006/11/21 v1.4 Vietnamese T5 encoding
Now handling font encoding T5 ...
... processing UTF-8 mapping file for font encoding T5

(c:/texlive/2024/texmf-dist/tex/latex/vntex/t5enc.dfu
File: t5enc.dfu 2006/08/19 v1.1 UTF8 support for Vietnamese
   defining Unicode char U+00AB (decimal 171)
   defining Unicode char U+00BB (decimal 187)
   defining Unicode char U+00C0 (decimal 192)
   defining Unicode char U+00C1 (decimal 193)
   defining Unicode char U+00C2 (decimal 194)
   defining Unicode char U+00C3 (decimal 195)
   defining Unicode char U+00C8 (decimal 200)
   defining Unicode char U+00C9 (decimal 201)
   defining Unicode char U+00CA (decimal 202)
   defining Unicode char U+00CC (decimal 204)
   defining Unicode char U+00CD (decimal 205)
   defining Unicode char U+00D2 (decimal 210)
   defining Unicode char U+00D3 (decimal 211)
   defining Unicode char U+00D4 (decimal 212)
   defining Unicode char U+00D5 (decimal 213)
   defining Unicode char U+00D9 (decimal 217)
   defining Unicode char U+00DA (decimal 218)
   defining Unicode char U+00DD (decimal 221)
   defining Unicode char U+00E0 (decimal 224)
   defining Unicode char U+00E1 (decimal 225)
   defining Unicode char U+00E2 (decimal 226)
   defining Unicode char U+00E3 (decimal 227)
   defining Unicode char U+00E8 (decimal 232)
   defining Unicode char U+00E9 (decimal 233)
   defining Unicode char U+00EA (decimal 234)
   defining Unicode char U+00EC (decimal 236)
   defining Unicode char U+00ED (decimal 237)
   defining Unicode char U+00F2 (decimal 242)
   defining Unicode char U+00F3 (decimal 243)
   defining Unicode char U+00F4 (decimal 244)
   defining Unicode char U+00F5 (decimal 245)
   defining Unicode char U+00F9 (decimal 249)
   defining Unicode char U+00FA (decimal 250)
   defining Unicode char U+00FD (decimal 253)
   defining Unicode char U+0102 (decimal 258)
   defining Unicode char U+0103 (decimal 259)
   defining Unicode char U+0110 (decimal 272)
   defining Unicode char U+0111 (decimal 273)
   defining Unicode char U+0128 (decimal 296)
   defining Unicode char U+0129 (decimal 297)
   defining Unicode char U+0131 (decimal 305)
   defining Unicode char U+0168 (decimal 360)
   defining Unicode char U+0169 (decimal 361)
   defining Unicode char U+01A0 (decimal 416)
   defining Unicode char U+01A1 (decimal 417)
   defining Unicode char U+01AF (decimal 431)
   defining Unicode char U+01B0 (decimal 432)
   defining Unicode char U+1EA0 (decimal 7840)
   defining Unicode char U+1EA1 (decimal 7841)
   defining Unicode char U+1EA2 (decimal 7842)
   defining Unicode char U+1EA3 (decimal 7843)
   defining Unicode char U+1EA4 (decimal 7844)
   defining Unicode char U+1EA5 (decimal 7845)
   defining Unicode char U+1EA6 (decimal 7846)
   defining Unicode char U+1EA7 (decimal 7847)
   defining Unicode char U+1EA8 (decimal 7848)
   defining Unicode char U+1EA9 (decimal 7849)
   defining Unicode char U+1EAA (decimal 7850)
   defining Unicode char U+1EAB (decimal 7851)
   defining Unicode char U+1EAC (decimal 7852)
   defining Unicode char U+1EAD (decimal 7853)
   defining Unicode char U+1EAE (decimal 7854)
   defining Unicode char U+1EAF (decimal 7855)
   defining Unicode char U+1EB0 (decimal 7856)
   defining Unicode char U+1EB1 (decimal 7857)
   defining Unicode char U+1EB2 (decimal 7858)
   defining Unicode char U+1EB3 (decimal 7859)
   defining Unicode char U+1EB4 (decimal 7860)
   defining Unicode char U+1EB5 (decimal 7861)
   defining Unicode char U+1EB6 (decimal 7862)
   defining Unicode char U+1EB7 (decimal 7863)
   defining Unicode char U+1EB8 (decimal 7864)
   defining Unicode char U+1EB9 (decimal 7865)
   defining Unicode char U+1EBA (decimal 7866)
   defining Unicode char U+1EBB (decimal 7867)
   defining Unicode char U+1EBC (decimal 7868)
   defining Unicode char U+1EBD (decimal 7869)
   defining Unicode char U+1EBE (decimal 7870)
   defining Unicode char U+1EBF (decimal 7871)
   defining Unicode char U+1EC0 (decimal 7872)
   defining Unicode char U+1EC1 (decimal 7873)
   defining Unicode char U+1EC2 (decimal 7874)
   defining Unicode char U+1EC3 (decimal 7875)
   defining Unicode char U+1EC4 (decimal 7876)
   defining Unicode char U+1EC5 (decimal 7877)
   defining Unicode char U+1EC6 (decimal 7878)
   defining Unicode char U+1EC7 (decimal 7879)
   defining Unicode char U+1EC8 (decimal 7880)
   defining Unicode char U+1EC9 (decimal 7881)
   defining Unicode char U+1ECA (decimal 7882)
   defining Unicode char U+1ECB (decimal 7883)
   defining Unicode char U+1ECC (decimal 7884)
   defining Unicode char U+1ECD (decimal 7885)
   defining Unicode char U+1ECE (decimal 7886)
   defining Unicode char U+1ECF (decimal 7887)
   defining Unicode char U+1ED0 (decimal 7888)
   defining Unicode char U+1ED1 (decimal 7889)
   defining Unicode char U+1ED2 (decimal 7890)
   defining Unicode char U+1ED3 (decimal 7891)
   defining Unicode char U+1ED4 (decimal 7892)
   defining Unicode char U+1ED5 (decimal 7893)
   defining Unicode char U+1ED6 (decimal 7894)
   defining Unicode char U+1ED7 (decimal 7895)
   defining Unicode char U+1ED8 (decimal 7896)
   defining Unicode char U+1ED9 (decimal 7897)
   defining Unicode char U+1EDA (decimal 7898)
   defining Unicode char U+1EDB (decimal 7899)
   defining Unicode char U+1EDC (decimal 7900)
   defining Unicode char U+1EDD (decimal 7901)
   defining Unicode char U+1EDE (decimal 7902)
   defining Unicode char U+1EDF (decimal 7903)
   defining Unicode char U+1EE0 (decimal 7904)
   defining Unicode char U+1EE1 (decimal 7905)
   defining Unicode char U+1EE2 (decimal 7906)
   defining Unicode char U+1EE3 (decimal 7907)
   defining Unicode char U+1EE4 (decimal 7908)
   defining Unicode char U+1EE5 (decimal 7909)
   defining Unicode char U+1EE6 (decimal 7910)
   defining Unicode char U+1EE7 (decimal 7911)
   defining Unicode char U+1EE8 (decimal 7912)
   defining Unicode char U+1EE9 (decimal 7913)
   defining Unicode char U+1EEA (decimal 7914)
   defining Unicode char U+1EEB (decimal 7915)
   defining Unicode char U+1EEC (decimal 7916)
   defining Unicode char U+1EED (decimal 7917)
   defining Unicode char U+1EEE (decimal 7918)
   defining Unicode char U+1EEF (decimal 7919)
   defining Unicode char U+1EF0 (decimal 7920)
   defining Unicode char U+1EF1 (decimal 7921)
   defining Unicode char U+1EF2 (decimal 7922)
   defining Unicode char U+1EF3 (decimal 7923)
   defining Unicode char U+1EF4 (decimal 7924)
   defining Unicode char U+1EF5 (decimal 7925)
   defining Unicode char U+1EF6 (decimal 7926)
   defining Unicode char U+1EF7 (decimal 7927)
   defining Unicode char U+1EF8 (decimal 7928)
   defining Unicode char U+1EF9 (decimal 7929)
   defining Unicode char U+200C (decimal 8204)
   defining Unicode char U+2013 (decimal 8211)
   defining Unicode char U+2014 (decimal 8212)
   defining Unicode char U+2018 (decimal 8216)
   defining Unicode char U+2019 (decimal 8217)
   defining Unicode char U+201A (decimal 8218)
   defining Unicode char U+201C (decimal 8220)
   defining Unicode char U+201D (decimal 8221)
   defining Unicode char U+201E (decimal 8222)
   defining Unicode char U+2030 (decimal 8240)
   defining Unicode char U+2031 (decimal 8241)
   defining Unicode char U+2039 (decimal 8249)
   defining Unicode char U+203A (decimal 8250)
   defining Unicode char U+2423 (decimal 9251)
))
LaTeX Font Info:    Trying to load font information for T5+cmr on input line 11
2.

(c:/texlive/2024/texmf-dist/tex/latex/vntex/t5cmr.fd
File: t5cmr.fd 1999/05/25 v2.5h Standard LaTeX font definitions
))
(c:/texlive/2024/texmf-dist/tex/latex/base/inputenc.sty
Package: inputenc 2021/02/14 v1.3d Input encoding file
\inpenc@prehook=\toks25
\inpenc@posthook=\toks26
)
(c:/texlive/2024/texmf-dist/tex/latex/vntex/vncaps.tex
File: vncaps.tex 2006/06/07 v1.1 Captions in Vietnamese
))
(c:/texlive/2024/texmf-dist/tex/latex/psnfss/pifont.sty
Package: pifont 2020/03/25 PSNFSS-v9.3 Pi font support (SPQR) 
LaTeX Font Info:    Trying to load font information for U+pzd on input line 63.


(c:/texlive/2024/texmf-dist/tex/latex/psnfss/upzd.fd
File: upzd.fd 2001/06/04 font definitions for U/pzd.
)
LaTeX Font Info:    Trying to load font information for U+psy on input line 64.


(c:/texlive/2024/texmf-dist/tex/latex/psnfss/upsy.fd
File: upsy.fd 2001/06/04 font definitions for U/psy.
))
(c:/texlive/2024/texmf-dist/tex/latex/oplotsymbl/oplotsymbl.sty
(c:/texlive/2024/texmf-dist/tex/latex/pgf/frontendlayer/tikz.sty
(c:/texlive/2024/texmf-dist/tex/latex/pgf/basiclayer/pgf.sty
(c:/texlive/2024/texmf-dist/tex/latex/pgf/utilities/pgfrcs.sty
(c:/texlive/2024/texmf-dist/tex/generic/pgf/utilities/pgfutil-common.tex
\pgfutil@everybye=\toks27
\pgfutil@tempdima=\dimen158
\pgfutil@tempdimb=\dimen159
)
(c:/texlive/2024/texmf-dist/tex/generic/pgf/utilities/pgfutil-latex.def
\pgfutil@abb=\box55
)
(c:/texlive/2024/texmf-dist/tex/generic/pgf/utilities/pgfrcs.code.tex
(c:/texlive/2024/texmf-dist/tex/generic/pgf/pgf.revision.tex)
Package: pgfrcs 2023-01-15 v3.1.10 (3.1.10)
))
Package: pgf 2023-01-15 v3.1.10 (3.1.10)

(c:/texlive/2024/texmf-dist/tex/latex/pgf/basiclayer/pgfcore.sty
(c:/texlive/2024/texmf-dist/tex/latex/pgf/systemlayer/pgfsys.sty
(c:/texlive/2024/texmf-dist/tex/generic/pgf/systemlayer/pgfsys.code.tex
Package: pgfsys 2023-01-15 v3.1.10 (3.1.10)

(c:/texlive/2024/texmf-dist/tex/generic/pgf/utilities/pgfkeys.code.tex
\pgfkeys@pathtoks=\toks28
\pgfkeys@temptoks=\toks29

(c:/texlive/2024/texmf-dist/tex/generic/pgf/utilities/pgfkeyslibraryfiltered.co
de.tex
\pgfkeys@tmptoks=\toks30
))
\pgf@x=\dimen160
\pgf@y=\dimen161
\pgf@xa=\dimen162
\pgf@ya=\dimen163
\pgf@xb=\dimen164
\pgf@yb=\dimen165
\pgf@xc=\dimen166
\pgf@yc=\dimen167
\pgf@xd=\dimen168
\pgf@yd=\dimen169
\w@pgf@writea=\write3
\r@pgf@reada=\read2
\c@pgf@counta=\count288
\c@pgf@countb=\count289
\c@pgf@countc=\count290
\c@pgf@countd=\count291
\t@pgf@toka=\toks31
\t@pgf@tokb=\toks32
\t@pgf@tokc=\toks33
\pgf@sys@id@count=\count292
 (c:/texlive/2024/texmf-dist/tex/generic/pgf/systemlayer/pgf.cfg
File: pgf.cfg 2023-01-15 v3.1.10 (3.1.10)
)
Driver file for pgf: pgfsys-pdftex.def

(c:/texlive/2024/texmf-dist/tex/generic/pgf/systemlayer/pgfsys-pdftex.def
File: pgfsys-pdftex.def 2023-01-15 v3.1.10 (3.1.10)

(c:/texlive/2024/texmf-dist/tex/generic/pgf/systemlayer/pgfsys-common-pdf.def
File: pgfsys-common-pdf.def 2023-01-15 v3.1.10 (3.1.10)
)))
(c:/texlive/2024/texmf-dist/tex/generic/pgf/systemlayer/pgfsyssoftpath.code.tex
File: pgfsyssoftpath.code.tex 2023-01-15 v3.1.10 (3.1.10)
\pgfsyssoftpath@smallbuffer@items=\count293
\pgfsyssoftpath@bigbuffer@items=\count294
)
(c:/texlive/2024/texmf-dist/tex/generic/pgf/systemlayer/pgfsysprotocol.code.tex
File: pgfsysprotocol.code.tex 2023-01-15 v3.1.10 (3.1.10)
)) (c:/texlive/2024/texmf-dist/tex/generic/pgf/basiclayer/pgfcore.code.tex
Package: pgfcore 2023-01-15 v3.1.10 (3.1.10)

(c:/texlive/2024/texmf-dist/tex/generic/pgf/math/pgfmath.code.tex
(c:/texlive/2024/texmf-dist/tex/generic/pgf/math/pgfmathutil.code.tex)
(c:/texlive/2024/texmf-dist/tex/generic/pgf/math/pgfmathparser.code.tex
\pgfmath@dimen=\dimen170
\pgfmath@count=\count295
\pgfmath@box=\box56
\pgfmath@toks=\toks34
\pgfmath@stack@operand=\toks35
\pgfmath@stack@operation=\toks36
)
(c:/texlive/2024/texmf-dist/tex/generic/pgf/math/pgfmathfunctions.code.tex)
(c:/texlive/2024/texmf-dist/tex/generic/pgf/math/pgfmathfunctions.basic.code.te
x)
(c:/texlive/2024/texmf-dist/tex/generic/pgf/math/pgfmathfunctions.trigonometric
.code.tex)
(c:/texlive/2024/texmf-dist/tex/generic/pgf/math/pgfmathfunctions.random.code.t
ex)
(c:/texlive/2024/texmf-dist/tex/generic/pgf/math/pgfmathfunctions.comparison.co
de.tex)
(c:/texlive/2024/texmf-dist/tex/generic/pgf/math/pgfmathfunctions.base.code.tex
)
(c:/texlive/2024/texmf-dist/tex/generic/pgf/math/pgfmathfunctions.round.code.te
x)
(c:/texlive/2024/texmf-dist/tex/generic/pgf/math/pgfmathfunctions.misc.code.tex
)
(c:/texlive/2024/texmf-dist/tex/generic/pgf/math/pgfmathfunctions.integerarithm
etics.code.tex)
(c:/texlive/2024/texmf-dist/tex/generic/pgf/math/pgfmathcalc.code.tex)
(c:/texlive/2024/texmf-dist/tex/generic/pgf/math/pgfmathfloat.code.tex
\c@pgfmathroundto@lastzeros=\count296
))
(c:/texlive/2024/texmf-dist/tex/generic/pgf/math/pgfint.code.tex)
(c:/texlive/2024/texmf-dist/tex/generic/pgf/basiclayer/pgfcorepoints.code.tex
File: pgfcorepoints.code.tex 2023-01-15 v3.1.10 (3.1.10)
\pgf@picminx=\dimen171
\pgf@picmaxx=\dimen172
\pgf@picminy=\dimen173
\pgf@picmaxy=\dimen174
\pgf@pathminx=\dimen175
\pgf@pathmaxx=\dimen176
\pgf@pathminy=\dimen177
\pgf@pathmaxy=\dimen178
\pgf@xx=\dimen179
\pgf@xy=\dimen180
\pgf@yx=\dimen181
\pgf@yy=\dimen182
\pgf@zx=\dimen183
\pgf@zy=\dimen184
)
(c:/texlive/2024/texmf-dist/tex/generic/pgf/basiclayer/pgfcorepathconstruct.cod
e.tex
File: pgfcorepathconstruct.code.tex 2023-01-15 v3.1.10 (3.1.10)
\pgf@path@lastx=\dimen185
\pgf@path@lasty=\dimen186
)
(c:/texlive/2024/texmf-dist/tex/generic/pgf/basiclayer/pgfcorepathusage.code.te
x
File: pgfcorepathusage.code.tex 2023-01-15 v3.1.10 (3.1.10)
\pgf@shorten@end@additional=\dimen187
\pgf@shorten@start@additional=\dimen188
)
(c:/texlive/2024/texmf-dist/tex/generic/pgf/basiclayer/pgfcorescopes.code.tex
File: pgfcorescopes.code.tex 2023-01-15 v3.1.10 (3.1.10)
\pgfpic=\box57
\pgf@hbox=\box58
\pgf@layerbox@main=\box59
\pgf@picture@serial@count=\count297
)
(c:/texlive/2024/texmf-dist/tex/generic/pgf/basiclayer/pgfcoregraphicstate.code
.tex
File: pgfcoregraphicstate.code.tex 2023-01-15 v3.1.10 (3.1.10)
\pgflinewidth=\dimen189
)
(c:/texlive/2024/texmf-dist/tex/generic/pgf/basiclayer/pgfcoretransformations.c
ode.tex
File: pgfcoretransformations.code.tex 2023-01-15 v3.1.10 (3.1.10)
\pgf@pt@x=\dimen190
\pgf@pt@y=\dimen191
\pgf@pt@temp=\dimen192
)
(c:/texlive/2024/texmf-dist/tex/generic/pgf/basiclayer/pgfcorequick.code.tex
File: pgfcorequick.code.tex 2023-01-15 v3.1.10 (3.1.10)
)
(c:/texlive/2024/texmf-dist/tex/generic/pgf/basiclayer/pgfcoreobjects.code.tex
File: pgfcoreobjects.code.tex 2023-01-15 v3.1.10 (3.1.10)
)
(c:/texlive/2024/texmf-dist/tex/generic/pgf/basiclayer/pgfcorepathprocessing.co
de.tex
File: pgfcorepathprocessing.code.tex 2023-01-15 v3.1.10 (3.1.10)
)
(c:/texlive/2024/texmf-dist/tex/generic/pgf/basiclayer/pgfcorearrows.code.tex
File: pgfcorearrows.code.tex 2023-01-15 v3.1.10 (3.1.10)
\pgfarrowsep=\dimen193
)
(c:/texlive/2024/texmf-dist/tex/generic/pgf/basiclayer/pgfcoreshade.code.tex
File: pgfcoreshade.code.tex 2023-01-15 v3.1.10 (3.1.10)
\pgf@max=\dimen194
\pgf@sys@shading@range@num=\count298
\pgf@shadingcount=\count299
)
(c:/texlive/2024/texmf-dist/tex/generic/pgf/basiclayer/pgfcoreimage.code.tex
File: pgfcoreimage.code.tex 2023-01-15 v3.1.10 (3.1.10)
)
(c:/texlive/2024/texmf-dist/tex/generic/pgf/basiclayer/pgfcoreexternal.code.tex
File: pgfcoreexternal.code.tex 2023-01-15 v3.1.10 (3.1.10)
\pgfexternal@startupbox=\box60
) (c:/texlive/2024/texmf-dist/tex/generic/pgf/basiclayer/pgfcorelayers.code.tex
File: pgfcorelayers.code.tex 2023-01-15 v3.1.10 (3.1.10)
)
(c:/texlive/2024/texmf-dist/tex/generic/pgf/basiclayer/pgfcoretransparency.code
.tex
File: pgfcoretransparency.code.tex 2023-01-15 v3.1.10 (3.1.10)
)
(c:/texlive/2024/texmf-dist/tex/generic/pgf/basiclayer/pgfcorepatterns.code.tex
File: pgfcorepatterns.code.tex 2023-01-15 v3.1.10 (3.1.10)
) (c:/texlive/2024/texmf-dist/tex/generic/pgf/basiclayer/pgfcorerdf.code.tex
File: pgfcorerdf.code.tex 2023-01-15 v3.1.10 (3.1.10)
))) (c:/texlive/2024/texmf-dist/tex/generic/pgf/modules/pgfmoduleshapes.code.te
x
File: pgfmoduleshapes.code.tex 2023-01-15 v3.1.10 (3.1.10)
\pgfnodeparttextbox=\box61
)
(c:/texlive/2024/texmf-dist/tex/generic/pgf/modules/pgfmoduleplot.code.tex
File: pgfmoduleplot.code.tex 2023-01-15 v3.1.10 (3.1.10)
)
(c:/texlive/2024/texmf-dist/tex/latex/pgf/compatibility/pgfcomp-version-0-65.st
y
Package: pgfcomp-version-0-65 2023-01-15 v3.1.10 (3.1.10)
\pgf@nodesepstart=\dimen195
\pgf@nodesepend=\dimen196
)
(c:/texlive/2024/texmf-dist/tex/latex/pgf/compatibility/pgfcomp-version-1-18.st
y
Package: pgfcomp-version-1-18 2023-01-15 v3.1.10 (3.1.10)
)) (c:/texlive/2024/texmf-dist/tex/latex/pgf/utilities/pgffor.sty
(c:/texlive/2024/texmf-dist/tex/latex/pgf/utilities/pgfkeys.sty
(c:/texlive/2024/texmf-dist/tex/generic/pgf/utilities/pgfkeys.code.tex))
(c:/texlive/2024/texmf-dist/tex/latex/pgf/math/pgfmath.sty
(c:/texlive/2024/texmf-dist/tex/generic/pgf/math/pgfmath.code.tex))
(c:/texlive/2024/texmf-dist/tex/generic/pgf/utilities/pgffor.code.tex
Package: pgffor 2023-01-15 v3.1.10 (3.1.10)
\pgffor@iter=\dimen197
\pgffor@skip=\dimen198
\pgffor@stack=\toks37
\pgffor@toks=\toks38
))
(c:/texlive/2024/texmf-dist/tex/generic/pgf/frontendlayer/tikz/tikz.code.tex
Package: tikz 2023-01-15 v3.1.10 (3.1.10)

(c:/texlive/2024/texmf-dist/tex/generic/pgf/libraries/pgflibraryplothandlers.co
de.tex
File: pgflibraryplothandlers.code.tex 2023-01-15 v3.1.10 (3.1.10)
\pgf@plot@mark@count=\count300
\pgfplotmarksize=\dimen199
)
\tikz@lastx=\dimen256
\tikz@lasty=\dimen257
\tikz@lastxsaved=\dimen258
\tikz@lastysaved=\dimen259
\tikz@lastmovetox=\dimen260
\tikz@lastmovetoy=\dimen261
\tikzleveldistance=\dimen262
\tikzsiblingdistance=\dimen263
\tikz@figbox=\box62
\tikz@figbox@bg=\box63
\tikz@tempbox=\box64
\tikz@tempbox@bg=\box65
\tikztreelevel=\count301
\tikznumberofchildren=\count302
\tikznumberofcurrentchild=\count303
\tikz@fig@count=\count304

(c:/texlive/2024/texmf-dist/tex/generic/pgf/modules/pgfmodulematrix.code.tex
File: pgfmodulematrix.code.tex 2023-01-15 v3.1.10 (3.1.10)
\pgfmatrixcurrentrow=\count305
\pgfmatrixcurrentcolumn=\count306
\pgf@matrix@numberofcolumns=\count307
)
\tikz@expandcount=\count308

(c:/texlive/2024/texmf-dist/tex/generic/pgf/frontendlayer/tikz/libraries/tikzli
brarytopaths.code.tex
File: tikzlibrarytopaths.code.tex 2023-01-15 v3.1.10 (3.1.10)
)))
Package: oplotsymbl 2017/08/04 Symbols, that are used in plots
)
(c:/texlive/2024/texmf-dist/tex/latex/marvosym/marvosym.sty
Package: marvosym 2011/07/20 v2.2 Martin Vogel's Symbols font definitions
)
(c:/texlive/2024/texmf-dist/tex/latex/fontawesome/fontawesome.sty
Package: fontawesome 2016/05/15 v4.6.3.1 font awesome icons

(c:/texlive/2024/texmf-dist/tex/generic/iftex/ifxetex.sty
Package: ifxetex 2019/10/25 v0.7 ifxetex legacy package. Use iftex instead.
)
(c:/texlive/2024/texmf-dist/tex/generic/iftex/ifluatex.sty
Package: ifluatex 2019/10/25 v1.5 ifluatex legacy package. Use iftex instead.
)
(c:/texlive/2024/texmf-dist/tex/latex/fontawesome/fontawesomesymbols-generic.te
x)
(c:/texlive/2024/texmf-dist/tex/latex/fontawesome/fontawesomesymbols-pdftex.tex
)) (c:/texlive/2024/texmf-dist/tex/latex/miama/miama.sty
Package: miama 2019/06/18 v1.1 class to use the typeface Miama Nueva

(c:/texlive/2024/texmf-dist/tex/latex/xkeyval/xkeyval.sty
Package: xkeyval 2022/06/16 v2.9 package option processing (HA)

(c:/texlive/2024/texmf-dist/tex/generic/xkeyval/xkeyval.tex
(c:/texlive/2024/texmf-dist/tex/generic/xkeyval/xkvutils.tex
\XKV@toks=\toks39
\XKV@tempa@toks=\toks40
)
\XKV@depth=\count309
File: xkeyval.tex 2014/12/03 v2.7a key=value parser (HA)
)))
(c:/texlive/2024/texmf-dist/tex/latex/pdfpages/pdfpages.sty
Package: pdfpages 2024/01/21 v0.5y Insert pages of external PDF documents (AM)

(c:/texlive/2024/texmf-dist/tex/latex/tools/calc.sty
Package: calc 2023/07/08 v4.3 Infix arithmetic (KKT,FJ)
\calc@Acount=\count310
\calc@Bcount=\count311
\calc@Adimen=\dimen264
\calc@Bdimen=\dimen265
\calc@Askip=\skip57
\calc@Bskip=\skip58
LaTeX Info: Redefining \setlength on input line 80.
LaTeX Info: Redefining \addtolength on input line 81.
\calc@Ccount=\count312
\calc@Cskip=\skip59
)
(c:/texlive/2024/texmf-dist/tex/latex/eso-pic/eso-pic.sty
Package: eso-pic 2023/05/03 v3.0c eso-pic (RN)
\ESO@tempdima=\dimen266
\ESO@tempdimb=\dimen267
)
\AM@pagewidth=\dimen268
\AM@pageheight=\dimen269
\AM@fboxrule=\dimen270

(c:/texlive/2024/texmf-dist/tex/latex/pdfpages/pppdftex.def
File: pppdftex.def 2024/01/21 v0.5y Pdfpages driver for pdfTeX (AM)
)
\pdfpages@includegraphics@status=\count313
\AM@pagebox=\box66
\AM@global@opts=\toks41
\AM@pagecnt=\count314
\AM@toc@title=\toks42
\AM@lof@heading=\toks43
\c@AM@survey=\count315
\AM@templatesizebox=\box67
)
(c:/texlive/2024/texmf-dist/tex/latex/tikz-3dplot/tikz-3dplot.sty
(c:/texlive/2024/texmf-dist/tex/generic/pgf/frontendlayer/tikz/libraries/tikzli
brarycalc.code.tex
File: tikzlibrarycalc.code.tex 2023-01-15 v3.1.10 (3.1.10)
)
(c:/texlive/2024/texmf-dist/tex/generic/pgf/frontendlayer/tikz/libraries/tikzli
brary3d.code.tex
File: tikzlibrary3d.code.tex 2023-01-15 v3.1.10 (3.1.10)
)
(c:/texlive/2024/texmf-dist/tex/generic/pgf/frontendlayer/tikz/libraries/tikzli
braryarrows.code.tex
File: tikzlibraryarrows.code.tex 2023-01-15 v3.1.10 (3.1.10)

(c:/texlive/2024/texmf-dist/tex/generic/pgf/libraries/pgflibraryarrows.code.tex
File: pgflibraryarrows.code.tex 2023-01-15 v3.1.10 (3.1.10)
\arrowsize=\dimen271
))) (c:/texlive/2024/texmf-dist/tex/latex/pgfplots/pgfplots.sty
(c:/texlive/2024/texmf-dist/tex/generic/pgfplots/pgfplots.revision.tex)
Package: pgfplots 2021/05/15 v1.18.1 Data Visualization (1.18.1)

(c:/texlive/2024/texmf-dist/tex/generic/pgfplots/pgfplots.code.tex
(c:/texlive/2024/texmf-dist/tex/generic/pgfplots/pgfplotscore.code.tex
\t@pgfplots@toka=\toks44
\t@pgfplots@tokb=\toks45
\t@pgfplots@tokc=\toks46
\pgfplots@tmpa=\dimen272
\c@pgfplots@coordindex=\count316
\c@pgfplots@scanlineindex=\count317

(c:/texlive/2024/texmf-dist/tex/generic/pgfplots/sys/pgfplotssysgeneric.code.te
x))
(c:/texlive/2024/texmf-dist/tex/generic/pgfplots/libs/pgfplotslibrary.code.tex)

(c:/texlive/2024/texmf-dist/tex/generic/pgfplots/oldpgfcompatib/pgfplotsoldpgfs
upp_loader.code.tex
(c:/texlive/2024/texmf-dist/tex/generic/pgf/libraries/pgflibraryfpu.code.tex)
Package pgfplots: loading complementary utilities for your pgf version...
\t@pgf@toka=\toks47
\t@pgf@tokb=\toks48
\t@pgf@tokc=\toks49

(c:/texlive/2024/texmf-dist/tex/generic/pgfplots/oldpgfcompatib/pgfplotsoldpgfs
upp_pgfutil-common-lists.tex))
(c:/texlive/2024/texmf-dist/tex/generic/pgfplots/util/pgfplotsutil.code.tex
(c:/texlive/2024/texmf-dist/tex/generic/pgfplots/liststructure/pgfplotsliststru
cture.code.tex)
(c:/texlive/2024/texmf-dist/tex/generic/pgfplots/liststructure/pgfplotsliststru
ctureext.code.tex)
(c:/texlive/2024/texmf-dist/tex/generic/pgfplots/liststructure/pgfplotsarray.co
de.tex
\c@pgfplotsarray@tmp=\count318
)
(c:/texlive/2024/texmf-dist/tex/generic/pgfplots/liststructure/pgfplotsmatrix.c
ode.tex)
(c:/texlive/2024/texmf-dist/tex/generic/pgfplots/numtable/pgfplotstableshared.c
ode.tex
\c@pgfplotstable@counta=\count319
\t@pgfplotstable@a=\toks50
)
(c:/texlive/2024/texmf-dist/tex/generic/pgfplots/liststructure/pgfplotsdeque.co
de.tex)
(c:/texlive/2024/texmf-dist/tex/generic/pgfplots/util/pgfplotsbinary.code.tex
(c:/texlive/2024/texmf-dist/tex/generic/pgfplots/util/pgfplotsbinary.data.code.
tex))
(c:/texlive/2024/texmf-dist/tex/generic/pgfplots/util/pgfplotsutil.verb.code.te
x)
(c:/texlive/2024/texmf-dist/tex/generic/pgfplots/libs/pgflibrarypgfplots.surfsh
ading.code.tex
\c@pgfplotslibrarysurf@no=\count320

(c:/texlive/2024/texmf-dist/tex/generic/pgfplots/sys/pgflibrarypgfplots.surfsha
ding.pgfsys-pdftex.def)))
(c:/texlive/2024/texmf-dist/tex/generic/pgfplots/util/pgfplotscolormap.code.tex
(c:/texlive/2024/texmf-dist/tex/generic/pgfplots/util/pgfplotscolor.code.tex))
(c:/texlive/2024/texmf-dist/tex/generic/pgfplots/pgfplotsstackedplots.code.tex)
(c:/texlive/2024/texmf-dist/tex/generic/pgfplots/pgfplotsplothandlers.code.tex
(c:/texlive/2024/texmf-dist/tex/generic/pgfplots/pgfplotsmeshplothandler.code.t
ex
(c:/texlive/2024/texmf-dist/tex/generic/pgfplots/pgfplotsmeshplotimage.code.tex
))) (c:/texlive/2024/texmf-dist/tex/generic/pgfplots/pgfplots.scaling.code.tex)

(c:/texlive/2024/texmf-dist/tex/generic/pgfplots/pgfplotscoordprocessing.code.t
ex)
(c:/texlive/2024/texmf-dist/tex/generic/pgfplots/pgfplots.errorbars.code.tex)
(c:/texlive/2024/texmf-dist/tex/generic/pgfplots/pgfplots.markers.code.tex)
(c:/texlive/2024/texmf-dist/tex/generic/pgfplots/pgfplotsticks.code.tex)
(c:/texlive/2024/texmf-dist/tex/generic/pgfplots/pgfplots.paths.code.tex)
(c:/texlive/2024/texmf-dist/tex/generic/pgf/frontendlayer/tikz/libraries/tikzli
brarydecorations.code.tex
(c:/texlive/2024/texmf-dist/tex/generic/pgf/modules/pgfmoduledecorations.code.t
ex
\pgfdecoratedcompleteddistance=\dimen273
\pgfdecoratedremainingdistance=\dimen274
\pgfdecoratedinputsegmentcompleteddistance=\dimen275
\pgfdecoratedinputsegmentremainingdistance=\dimen276
\pgf@decorate@distancetomove=\dimen277
\pgf@decorate@repeatstate=\count321
\pgfdecorationsegmentamplitude=\dimen278
\pgfdecorationsegmentlength=\dimen279
)
\tikz@lib@dec@box=\box68
)
(c:/texlive/2024/texmf-dist/tex/generic/pgf/frontendlayer/tikz/libraries/tikzli
brarydecorations.pathmorphing.code.tex
(c:/texlive/2024/texmf-dist/tex/generic/pgf/libraries/decorations/pgflibrarydec
orations.pathmorphing.code.tex))
(c:/texlive/2024/texmf-dist/tex/generic/pgf/frontendlayer/tikz/libraries/tikzli
brarydecorations.pathreplacing.code.tex
(c:/texlive/2024/texmf-dist/tex/generic/pgf/libraries/decorations/pgflibrarydec
orations.pathreplacing.code.tex))
(c:/texlive/2024/texmf-dist/tex/generic/pgfplots/libs/tikzlibrarypgfplots.conto
urlua.code.tex)
\pgfplots@numplots=\count322
\pgfplots@xmin@reg=\dimen280
\pgfplots@xmax@reg=\dimen281
\pgfplots@ymin@reg=\dimen282
\pgfplots@ymax@reg=\dimen283
\pgfplots@zmin@reg=\dimen284
\pgfplots@zmax@reg=\dimen285
)
(c:/texlive/2024/texmf-dist/tex/generic/pgf/frontendlayer/tikz/libraries/tikzli
braryplotmarks.code.tex
File: tikzlibraryplotmarks.code.tex 2023-01-15 v3.1.10 (3.1.10)

(c:/texlive/2024/texmf-dist/tex/generic/pgf/libraries/pgflibraryplotmarks.code.
tex
File: pgflibraryplotmarks.code.tex 2023-01-15 v3.1.10 (3.1.10)
))) (c:/texlive/2024/texmf-dist/tex/latex/pgf-pie/pgf-pie.sty
Package: pgf-pie 2022/06/14 v0.7 Some LaTeX macros for pie chart by using PGF/T
ikz package.

(c:/texlive/2024/texmf-dist/tex/latex/pgf-pie/tikzlibrarypie.code.tex
(c:/texlive/2024/texmf-dist/tex/latex/carlisle/scalefnt.sty)
\pgfpie@angleEnd=\dimen286
\pgfpie@explodeLength=\count323
\pgfpie@colorLength=\count324
\pgfpie@sliceLength=\count325
))
(c:/texlive/2024/texmf-dist/tex/generic/pgfplots/libs/tikzlibrarypgfplots.fillb
etween.code.tex
(c:/texlive/2024/texmf-dist/tex/generic/pgfplots/pgfcontrib/tikzlibraryfillbetw
een.code.tex
(c:/texlive/2024/texmf-dist/tex/generic/pgf/frontendlayer/tikz/libraries/tikzli
braryintersections.code.tex
(c:/texlive/2024/texmf-dist/tex/generic/pgf/libraries/pgflibraryintersections.c
ode.tex
\pgf@intersect@solutions=\count326
))
(c:/texlive/2024/texmf-dist/tex/generic/pgfplots/pgfcontrib/tikzlibrarydecorati
ons.softclip.code.tex
(c:/texlive/2024/texmf-dist/tex/generic/pgfplots/pgfcontrib/pgflibraryfillbetwe
en.code.tex)))
(c:/texlive/2024/texmf-dist/tex/generic/pgfplots/libs/tikzlibrarypgfplots.decor
ations.softclip.code.tex))
(c:/texlive/2024/texmf-dist/tex/latex/yhmath/yhmath.sty
Package: yhmath 2020/03/17 v1.6
\symyhlargesymbols=\mathgroup4
LaTeX Font Info:    Redeclaring math accent \widetilde on input line 29.
LaTeX Font Info:    Redeclaring math accent \widehat on input line 30.
LaTeX Font Info:    Redeclaring math symbol \braceld on input line 48.
LaTeX Font Info:    Redeclaring math symbol \bracerd on input line 49.
LaTeX Font Info:    Redeclaring math symbol \bracelu on input line 50.
LaTeX Font Info:    Redeclaring math symbol \braceru on input line 51.
LaTeX Font Info:    Redeclaring math delimiter \lmoustache on input line 53.
LaTeX Font Info:    Redeclaring math delimiter \rmoustache on input line 55.
LaTeX Font Info:    Redeclaring math delimiter \arrowvert on input line 57.
LaTeX Font Info:    Redeclaring math delimiter \Arrowvert on input line 59.
LaTeX Font Info:    Redeclaring math delimiter \Vert on input line 61.
LaTeX Font Info:    Redeclaring math delimiter \vert on input line 63.
LaTeX Font Info:    Redeclaring math delimiter \uparrow on input line 65.
LaTeX Font Info:    Redeclaring math delimiter \downarrow on input line 67.
LaTeX Font Info:    Redeclaring math delimiter \updownarrow on input line 69.
LaTeX Font Info:    Redeclaring math delimiter \Uparrow on input line 71.
LaTeX Font Info:    Redeclaring math delimiter \Downarrow on input line 73.
LaTeX Font Info:    Redeclaring math delimiter \Updownarrow on input line 75.
LaTeX Font Info:    Redeclaring math delimiter \backslash on input line 79.
LaTeX Font Info:    Redeclaring math delimiter \rangle on input line 81.
LaTeX Font Info:    Redeclaring math delimiter \langle on input line 83.
LaTeX Font Info:    Redeclaring math delimiter \rbrace on input line 85.
LaTeX Font Info:    Redeclaring math delimiter \lbrace on input line 87.
LaTeX Font Info:    Redeclaring math delimiter \rceil on input line 89.
LaTeX Font Info:    Redeclaring math delimiter \lceil on input line 91.
LaTeX Font Info:    Redeclaring math delimiter \rfloor on input line 93.
LaTeX Font Info:    Redeclaring math delimiter \lfloor on input line 95.
LaTeX Font Info:    Redeclaring math delimiter \lgroup on input line 97.
LaTeX Font Info:    Redeclaring math delimiter \rgroup on input line 99.
LaTeX Font Info:    Redeclaring math delimiter \bracevert on input line 101.
)
(c:/texlive/2024/texmf-dist/tex/latex/tkz-euclide/tkz-euclide.sty
2024/02/04 5.06c tkz-euclide.sty
Package: tkz-euclide  2024/02/04 5.06c for pure Euclidean Geometry 

(c:/texlive/2024/texmf-dist/tex/generic/pgf/frontendlayer/tikz/libraries/tikzli
braryangles.code.tex
File: tikzlibraryangles.code.tex 2023-01-15 v3.1.10 (3.1.10)
)
(c:/texlive/2024/texmf-dist/tex/generic/pgf/libraries/pgflibraryarrows.meta.cod
e.tex
File: pgflibraryarrows.meta.code.tex 2023-01-15 v3.1.10 (3.1.10)
\pgfarrowinset=\dimen287
\pgfarrowlength=\dimen288
\pgfarrowwidth=\dimen289
\pgfarrowlinewidth=\dimen290
)
(c:/texlive/2024/texmf-dist/tex/generic/pgf/frontendlayer/tikz/libraries/tikzli
brarybackgrounds.code.tex
File: tikzlibrarybackgrounds.code.tex 2023-01-15 v3.1.10 (3.1.10)
\pgf@layerbox@background=\box69
\pgf@layerboxsaved@background=\box70
)
(c:/texlive/2024/texmf-dist/tex/generic/pgf/frontendlayer/tikz/libraries/tikzli
brarydecorations.markings.code.tex
(c:/texlive/2024/texmf-dist/tex/generic/pgf/libraries/decorations/pgflibrarydec
orations.markings.code.tex))
(c:/texlive/2024/texmf-dist/tex/generic/pgf/frontendlayer/tikz/libraries/tikzli
brarydecorations.shapes.code.tex
(c:/texlive/2024/texmf-dist/tex/generic/pgf/libraries/decorations/pgflibrarydec
orations.shapes.code.tex))
(c:/texlive/2024/texmf-dist/tex/generic/pgf/frontendlayer/tikz/libraries/tikzli
brarydecorations.text.code.tex
(c:/texlive/2024/texmf-dist/tex/generic/pgf/libraries/decorations/pgflibrarydec
orations.text.code.tex
\pgf@lib@dec@text@box=\box71
)
\tikz@lib@dec@te@box=\box72
)
(c:/texlive/2024/texmf-dist/tex/generic/pgf/frontendlayer/tikz/libraries/tikzli
brarymath.code.tex
(c:/texlive/2024/texmf-dist/tex/generic/pgf/frontendlayer/tikz/libraries/tikzli
braryfpu.code.tex)
\tikz@math@for@depth=\count327
\tikz@math@dimen=\dimen291
\tikz@math@toks=\toks51
)
(c:/texlive/2024/texmf-dist/tex/generic/pgf/frontendlayer/tikz/libraries/tikzli
brarypositioning.code.tex
File: tikzlibrarypositioning.code.tex 2023-01-15 v3.1.10 (3.1.10)
)
(c:/texlive/2024/texmf-dist/tex/generic/pgf/frontendlayer/tikz/libraries/tikzli
braryquotes.code.tex
File: tikzlibraryquotes.code.tex 2023-01-15 v3.1.10 (3.1.10)
)
(c:/texlive/2024/texmf-dist/tex/generic/pgf/frontendlayer/tikz/libraries/tikzli
braryshapes.misc.code.tex
File: tikzlibraryshapes.misc.code.tex 2023-01-15 v3.1.10 (3.1.10)

(c:/texlive/2024/texmf-dist/tex/generic/pgf/libraries/shapes/pgflibraryshapes.m
isc.code.tex
File: pgflibraryshapes.misc.code.tex 2023-01-15 v3.1.10 (3.1.10)
))
(c:/texlive/2024/texmf-dist/tex/generic/pgf/frontendlayer/tikz/libraries/tikzli
brarythrough.code.tex
File: tikzlibrarythrough.code.tex 2023-01-15 v3.1.10 (3.1.10)
)
(c:/texlive/2024/texmf-dist/tex/latex/l3packages/xfp/xfp.sty
(c:/texlive/2024/texmf-dist/tex/latex/l3kernel/expl3.sty
Package: expl3 2024-02-20 L3 programming layer (loader) 

(c:/texlive/2024/texmf-dist/tex/latex/l3backend/l3backend-pdftex.def
File: l3backend-pdftex.def 2024-02-20 L3 backend support: PDF output (pdfTeX)
\l__color_backend_stack_int=\count328
\l__pdf_internal_box=\box73
))
Package: xfp 2024-02-18 L3 Floating point unit
)
(c:/texlive/2024/texmf-dist/tex/latex/xpatch/xpatch.sty
Package: xpatch 2020/03/25 v0.3a Extending etoolbox patching commands

(c:/texlive/2024/texmf-dist/tex/latex/l3packages/xparse/xparse.sty
Package: xparse 2024-02-18 L3 Experimental document command parser
))
\tkzRadius=\dimen292
\tkzLength=\dimen293
\tkz@radi=\dimen294
\tkz@ax=\dimen295
\tkz@ay=\dimen296
\tkz@bx=\dimen297
\tkz@by=\dimen298
\tkz@cx=\dimen299
\tkz@cy=\dimen300
\tkz@dx=\dimen301
\tkz@dy=\dimen302
\tkz@cntmk=\count329

Local configuration file tkz-euclide.cfg found and used
(c:/texlive/2024/texmf-dist/tex/latex/tkz-euclide/tkz-euclide.cfg
2024/02/04 5.06c tkz-euclide.cfg
) (c:/texlive/2024/texmf-dist/tex/latex/tkz-euclide/tkz-tools-eu-base.tex
2024/02/04 5.06c tkz-tools-eu-base.tex
) (c:/texlive/2024/texmf-dist/tex/latex/tkz-euclide/tkz-tools-eu-utilities.tex
2024/02/04 5.06c tkz-tools-eu-utilities.tex
) (c:/texlive/2024/texmf-dist/tex/latex/tkz-euclide/tkz-tools-eu-BB.tex
2024/02/04 5.06c tkz-obj-eu-BB.tex
) (c:/texlive/2024/texmf-dist/tex/latex/tkz-euclide/tkz-obj-eu-grids.tex
2024/02/04 5.06c tkz-obj-eu-grids.tex
) (c:/texlive/2024/texmf-dist/tex/latex/tkz-euclide/tkz-lib-eu-marks.tex
2024/02/04 5.06c tkz-lib-eu-marks.tex
) (c:/texlive/2024/texmf-dist/tex/latex/tkz-euclide/tkz-tools-eu-text.tex
2024/02/04 5.06c tkz-tools-eu-text.tex
) (c:/texlive/2024/texmf-dist/tex/latex/tkz-euclide/tkz-lib-eu-shape.tex
2024/02/04 5.06c tkz-lib-eu-shape.tex
) (c:/texlive/2024/texmf-dist/tex/latex/tkz-euclide/tkz-obj-eu-axesmin.tex
2024/02/04 5.06c tkz-obj-eu-axesmin
) (c:/texlive/2024/texmf-dist/tex/latex/tkz-euclide/tkz-tools-eu-colors.tex
2024/02/04 5.06c tkz-tools-eu-colors
) (c:/texlive/2024/texmf-dist/tex/latex/tkz-euclide/tkz-obj-eu-points.tex
2024/02/04 5.06c tkz-obj-eu-points.tex
) (c:/texlive/2024/texmf-dist/tex/latex/tkz-euclide/tkz-draw-eu-points.tex
2024/02/04 5.06c tkz-draw-eu-points.tex
) (c:/texlive/2024/texmf-dist/tex/latex/tkz-euclide/tkz-obj-eu-points.tex
2024/02/04 5.06c tkz-obj-eu-points.tex
) (c:/texlive/2024/texmf-dist/tex/latex/tkz-euclide/tkz-obj-eu-points-by.tex
2024/02/04 5.06c tkz-tools-eu-points-by.tex
) (c:/texlive/2024/texmf-dist/tex/latex/tkz-euclide/tkz-tools-eu-math.tex
2024/02/04 5.06c tkz-tools-eu-math.tex
)
(c:/texlive/2024/texmf-dist/tex/latex/tkz-euclide/tkz-tools-eu-intersections.te
x
2024/02/04 5.06c tkz-tools-eu-intersections.tex
) (c:/texlive/2024/texmf-dist/tex/latex/tkz-euclide/tkz-obj-eu-points-with.tex
2024/02/04 5.06c tkz-obj-eu-points-with.tex
) (c:/texlive/2024/texmf-dist/tex/latex/tkz-euclide/tkz-obj-eu-points-spc.tex
2024/02/04 5.06c tkz-obj-el-points.tex
) (c:/texlive/2024/texmf-dist/tex/latex/tkz-euclide/tkz-tools-eu-angles.tex
2024/02/04 5.06c tkz-tools-eu-angles.tex
) (c:/texlive/2024/texmf-dist/tex/latex/tkz-euclide/tkz-obj-eu-circles.tex
2024/02/04 5.06c tkz-obj-eu-circles.tex
) (c:/texlive/2024/texmf-dist/tex/latex/tkz-euclide/tkz-obj-eu-circles-by.tex
2024/02/04 5.06c tkz-obj-eu-circles.tex
) (c:/texlive/2024/texmf-dist/tex/latex/tkz-euclide/tkz-obj-eu-points-rnd.tex
2024/02/04 5.06c tkz-obj-eu-points-rnd.tex
) (c:/texlive/2024/texmf-dist/tex/latex/tkz-euclide/tkz-obj-eu-lines.tex
2024/02/04 5.06c tkz-obj-eu-lines.tex
) (c:/texlive/2024/texmf-dist/tex/latex/tkz-euclide/tkz-obj-eu-polygons.tex
2024/02/04 5.06c tkz-obj-eu-polygons.tex
) (c:/texlive/2024/texmf-dist/tex/latex/tkz-euclide/tkz-obj-eu-triangles.tex
2024/02/04 5.06c tkz-obj-eu-triangles.tex
) (c:/texlive/2024/texmf-dist/tex/latex/tkz-euclide/tkz-draw-eu-lines.tex
2024/02/04 5.06c tkz-obj-eu-draw-lines.tex
) (c:/texlive/2024/texmf-dist/tex/latex/tkz-euclide/tkz-draw-eu-circles.tex
2024/02/04 5.06c tkz-obj-eu-draw-circles.tex
) (c:/texlive/2024/texmf-dist/tex/latex/tkz-euclide/tkz-draw-eu-ellipses.tex
2024/02/04 5.06c tkz-obj-eu-draw-ellipses.tex
) (c:/texlive/2024/texmf-dist/tex/latex/tkz-euclide/tkz-draw-eu-polygons.tex
2024/02/04 5.06c tkz-obj-eu-polygons.tex
) (c:/texlive/2024/texmf-dist/tex/latex/tkz-euclide/tkz-draw-eu-angles.tex
2024/02/04 5.06c tkz-tool-eu-angles.tex
) (c:/texlive/2024/texmf-dist/tex/latex/tkz-euclide/tkz-draw-eu-sectors.tex
2024/02/04 5.06c tkz-obj-eu-sectors.tex
) (c:/texlive/2024/texmf-dist/tex/latex/tkz-euclide/tkz-draw-eu-compass.tex
2024/02/04 5.06c tkz-obj-eu-compass.tex
) (c:/texlive/2024/texmf-dist/tex/latex/tkz-euclide/tkz-draw-eu-show.tex
2024/02/04 5.06c tkz-obj-eu-show.tex
) (c:/texlive/2024/texmf-dist/tex/latex/tkz-euclide/tkz-draw-eu-protractor.tex
2024/02/04 5.06c tkz-obj-eu-protractor.tex
)) (c:/texlive/2024/texmf-dist/tex/generic/soul/soulutf8.sty
Package: soulutf8 2023-06-14 v3.1 Permit use of UTF-8 characters in soul (HO)


Package soulutf8 Warning: This package is obsolete,
(soulutf8)                use the soul package directly. 
(soulutf8)                 on input line 29.

) (c:/texlive/2024/texmf-dist/tex/generic/soul/soul.sty
Package: soul 2023-06-14 v3.1 Permit use of UTF-8 characters in soul (HO)

(c:/texlive/2024/texmf-dist/tex/generic/soul/soul-ori.sty
Package: soul-ori 2023-06-14 v3.1 letterspacing/underlining (mf)
\SOUL@word=\toks52
\SOUL@lasttoken=\toks53
\SOUL@syllable=\toks54
\SOUL@cmds=\toks55
\SOUL@buffer=\toks56
\SOUL@token=\toks57
\SOUL@syllgoal=\dimen303
\SOUL@syllwidth=\dimen304
\SOUL@charkern=\dimen305
\SOUL@hyphkern=\dimen306
\SOUL@dimen=\dimen307
\SOUL@dimeni=\dimen308
\SOUL@minus=\count330
\SOUL@comma=\count331
\SOUL@apo=\count332
\SOUL@grave=\count333
\SOUL@spaceskip=\skip60
\SOUL@ttwidth=\dimen309
\SOUL@uldp=\dimen310
\SOUL@ulht=\dimen311
)
(c:/texlive/2024/texmf-dist/tex/generic/etexcmds/etexcmds.sty
Package: etexcmds 2019/12/15 v1.7 Avoid name clashes with e-TeX commands (HO)
))
(c:/texlive/2024/texmf-dist/tex/latex/csquotes/csquotes.sty
Package: csquotes 2022-09-14 v5.2n context-sensitive quotations (JAW)
\csq@reset=\count334
\csq@gtype=\count335
\csq@glevel=\count336
\csq@qlevel=\count337
\csq@maxlvl=\count338
\csq@tshold=\count339
\csq@ltx@everypar=\toks58

(c:/texlive/2024/texmf-dist/tex/latex/csquotes/csquotes.def
File: csquotes.def 2022-09-14 v5.2n csquotes generic definitions (JAW)
)
Package csquotes Info: Trying to load configuration file 'csquotes.cfg'...
Package csquotes Info: ... configuration file loaded successfully.

(c:/texlive/2024/texmf-dist/tex/latex/csquotes/csquotes.cfg
File: csquotes.cfg 
))
(c:/texlive/2024/texmf-dist/tex/generic/pgf/frontendlayer/tikz/libraries/tikzli
braryfit.code.tex
File: tikzlibraryfit.code.tex 2023-01-15 v3.1.10 (3.1.10)
)
(c:/texlive/2024/texmf-dist/tex/generic/pgf/frontendlayer/tikz/libraries/tikzli
braryfadings.code.tex
File: tikzlibraryfadings.code.tex 2023-01-15 v3.1.10 (3.1.10)

(c:/texlive/2024/texmf-dist/tex/generic/pgf/libraries/pgflibraryfadings.code.te
x
File: pgflibraryfadings.code.tex 2023-01-15 v3.1.10 (3.1.10)
))
(c:/texlive/2024/texmf-dist/tex/generic/pgf/frontendlayer/tikz/libraries/tikzli
braryshadows.code.tex
File: tikzlibraryshadows.code.tex 2023-01-15 v3.1.10 (3.1.10)
)
(c:/texlive/2024/texmf-dist/tex/latex/pgf-blur/tikzlibraryshadows.blur.code.tex
 v1.02, 2012/12/09
\pgfbs@fading@count=\count340
)
(c:/texlive/2024/texmf-dist/tex/generic/pgf/frontendlayer/tikz/libraries/tikzli
braryshapes.code.tex
File: tikzlibraryshapes.code.tex 2023-01-15 v3.1.10 (3.1.10)

(c:/texlive/2024/texmf-dist/tex/generic/pgf/frontendlayer/tikz/libraries/tikzli
braryshapes.geometric.code.tex
File: tikzlibraryshapes.geometric.code.tex 2023-01-15 v3.1.10 (3.1.10)

(c:/texlive/2024/texmf-dist/tex/generic/pgf/libraries/shapes/pgflibraryshapes.g
eometric.code.tex
File: pgflibraryshapes.geometric.code.tex 2023-01-15 v3.1.10 (3.1.10)
))
(c:/texlive/2024/texmf-dist/tex/generic/pgf/frontendlayer/tikz/libraries/tikzli
braryshapes.symbols.code.tex
File: tikzlibraryshapes.symbols.code.tex 2023-01-15 v3.1.10 (3.1.10)

(c:/texlive/2024/texmf-dist/tex/generic/pgf/libraries/shapes/pgflibraryshapes.s
ymbols.code.tex
File: pgflibraryshapes.symbols.code.tex 2023-01-15 v3.1.10 (3.1.10)
))
(c:/texlive/2024/texmf-dist/tex/generic/pgf/frontendlayer/tikz/libraries/tikzli
braryshapes.arrows.code.tex
File: tikzlibraryshapes.arrows.code.tex 2023-01-15 v3.1.10 (3.1.10)

(c:/texlive/2024/texmf-dist/tex/generic/pgf/libraries/shapes/pgflibraryshapes.a
rrows.code.tex
File: pgflibraryshapes.arrows.code.tex 2023-01-15 v3.1.10 (3.1.10)
))
(c:/texlive/2024/texmf-dist/tex/generic/pgf/frontendlayer/tikz/libraries/tikzli
braryshapes.callouts.code.tex
(c:/texlive/2024/texmf-dist/tex/generic/pgf/libraries/shapes/pgflibraryshapes.c
allouts.code.tex))
(c:/texlive/2024/texmf-dist/tex/generic/pgf/frontendlayer/tikz/libraries/tikzli
braryshapes.multipart.code.tex
File: tikzlibraryshapes.multipart.code.tex 2023-01-15 v3.1.10 (3.1.10)

(c:/texlive/2024/texmf-dist/tex/generic/pgf/libraries/shapes/pgflibraryshapes.m
ultipart.code.tex
File: pgflibraryshapes.multipart.code.tex 2023-01-15 v3.1.10 (3.1.10)
\pgfnodepartlowerbox=\box74
\pgfnodeparttwobox=\box75
\pgfnodepartthreebox=\box76
\pgfnodepartfourbox=\box77
\pgfnodeparttwentybox=\box78
\pgfnodepartnineteenbox=\box79
\pgfnodeparteighteenbox=\box80
\pgfnodepartseventeenbox=\box81
\pgfnodepartsixteenbox=\box82
\pgfnodepartfifteenbox=\box83
\pgfnodepartfourteenbox=\box84
\pgfnodepartthirteenbox=\box85
\pgfnodeparttwelvebox=\box86
\pgfnodepartelevenbox=\box87
\pgfnodeparttenbox=\box88
\pgfnodepartninebox=\box89
\pgfnodeparteightbox=\box90
\pgfnodepartsevenbox=\box91
\pgfnodepartsixbox=\box92
\pgfnodepartfivebox=\box93
)))
(c:/texlive/2024/texmf-dist/tex/generic/pgf/frontendlayer/tikz/libraries/tikzli
brarymatrix.code.tex
File: tikzlibrarymatrix.code.tex 2023-01-15 v3.1.10 (3.1.10)
)
(c:/texlive/2024/texmf-dist/tex/latex/geometry/geometry.sty
Package: geometry 2020/01/02 v5.9 Page Geometry

(c:/texlive/2024/texmf-dist/tex/generic/iftex/ifvtex.sty
Package: ifvtex 2019/10/25 v1.7 ifvtex legacy package. Use iftex instead.
)
\Gm@cnth=\count341
\Gm@cntv=\count342
\c@Gm@tempcnt=\count343
\Gm@bindingoffset=\dimen312
\Gm@wd@mp=\dimen313
\Gm@odd@mp=\dimen314
\Gm@even@mp=\dimen315
\Gm@layoutwidth=\dimen316
\Gm@layoutheight=\dimen317
\Gm@layouthoffset=\dimen318
\Gm@layoutvoffset=\dimen319
\Gm@dimlist=\toks59
)
(c:/texlive/2024/texmf-dist/tex/latex/tools/multicol.sty
Package: multicol 2023/03/30 v1.9f multicolumn formatting (FMi)
\c@tracingmulticols=\count344
\mult@box=\box94
\multicol@leftmargin=\dimen320
\c@unbalance=\count345
\c@collectmore=\count346
\doublecol@number=\count347
\multicoltolerance=\count348
\multicolpretolerance=\count349
\full@width=\dimen321
\page@free=\dimen322
\premulticols=\dimen323
\postmulticols=\dimen324
\multicolsep=\skip61
\multicolbaselineskip=\skip62
\partial@page=\box95
\last@line=\box96
\mc@boxedresult=\box97
\maxbalancingoverflow=\dimen325
\mult@rightbox=\box98
\mult@grightbox=\box99
\mult@firstbox=\box100
\mult@gfirstbox=\box101
\@tempa=\box102
\@tempa=\box103
\@tempa=\box104
\@tempa=\box105
\@tempa=\box106
\@tempa=\box107
\@tempa=\box108
\@tempa=\box109
\@tempa=\box110
\@tempa=\box111
\@tempa=\box112
\@tempa=\box113
\@tempa=\box114
\@tempa=\box115
\@tempa=\box116
\@tempa=\box117
\@tempa=\box118
\@tempa=\box119
\@tempa=\box120
\@tempa=\box121
\@tempa=\box122
\@tempa=\box123
\@tempa=\box124
\@tempa=\box125
\@tempa=\box126
\@tempa=\box127
\@tempa=\box128
\@tempa=\box129
\@tempa=\box130
\@tempa=\box131
\@tempa=\box132
\@tempa=\box133
\@tempa=\box134
\@tempa=\box135
\@tempa=\box136
\@tempa=\box137
\c@minrows=\count350
\c@columnbadness=\count351
\c@finalcolumnbadness=\count352
\last@try=\dimen326
\multicolovershoot=\dimen327
\multicolundershoot=\dimen328
\mult@nat@firstbox=\box138
\colbreak@box=\box139
\mc@col@check@num=\count353
)
(c:/texlive/2024/texmf-dist/tex/latex/environ/environ.sty
Package: environ 2014/05/04 v0.3 A new way to define environments

(c:/texlive/2024/texmf-dist/tex/latex/trimspaces/trimspaces.sty
Package: trimspaces 2009/09/17 v1.1 Trim spaces around a token list
))
(c:/texlive/2024/texmf-dist/tex/latex/setspace/setspace.sty
Package: setspace 2022/12/04 v6.7b set line spacing
)
(c:/texlive/2024/texmf-dist/tex/latex/doublestroke/dsfont.sty
Package: dsfont 1995/08/01 v0.1 Double stroke roman fonts
)
(c:/texlive/2024/texmf-dist/tex/latex/morewrites/morewrites.sty
(c:/texlive/2024/texmf-dist/tex/latex/morewrites/primargs.sty
Package: primargs 2024/02/02 Parsing arguments of primitives
)
Package: morewrites 2024/02/02 Always room for a new write
\g__morewrites_later_int=\count354
\l__morewrites_user_int=\count355
\g__morewrites_iow=\write4
\g__morewrites_ior=\read3
\g__morewrites_group_level_int=\count356
\g__morewrites_shipout_box=\box140
\l__morewrites_collect_next_int=\count357
\g__morewrites_alloc_write_int=\count358
)
(c:/texlive/2024/texmf-dist/tex/latex/amsfonts/amssymb.sty
Package: amssymb 2013/01/14 v3.01 AMS font symbols

(c:/texlive/2024/texmf-dist/tex/latex/amsfonts/amsfonts.sty
Package: amsfonts 2013/01/14 v3.01 Basic AMSFonts support
\symAMSa=\mathgroup5
\symAMSb=\mathgroup6
LaTeX Font Info:    Redeclaring math symbol \hbar on input line 98.
LaTeX Font Info:    Overwriting math alphabet `\mathfrak' in version `bold'
(Font)                  U/euf/m/n --> U/euf/b/n on input line 106.
))
(c:/texlive/2024/texmf-dist/tex/latex/jknapltx/mathrsfs.sty
Package: mathrsfs 1996/01/01 Math RSFS package v1.0 (jk)
\symrsfs=\mathgroup7
)
(c:/texlive/2024/texmf-dist/tex/latex/maybemath/maybemath.sty
Package: maybemath 2005/2/22

(c:/texlive/2024/texmf-dist/tex/latex/tools/bm.sty
Package: bm 2023/07/08 v1.2f Bold Symbol Support (DPC/FMi)
\symboldoperators=\mathgroup8
\symboldletters=\mathgroup9
\symboldsymbols=\mathgroup10
Package bm Info: No bold for \OMX/cmex/m/n, using \pmb.
Package bm Info: No bold for \OMX/yhex/m/n, using \pmb.
Package bm Info: No bold for \U/msa/m/n, using \pmb.
Package bm Info: No bold for \U/msb/m/n, using \pmb.
Package bm Info: No bold for \U/rsfs/m/n, using \pmb.
LaTeX Font Info:    Redeclaring math alphabet \mathbf on input line 149.
))
(c:/texlive/2024/texmf-dist/tex/generic/xlop/xlop.sty
Package: xlop 2020/04/26 package wrapper for xlop.tex

(c:/texlive/2024/texmf-dist/tex/generic/xlop/xlop.tex
\op@count@z=\count359
\op@count@i=\count360
\op@count@ii=\count361
\op@count@iii=\count362
\op@count@iv=\count363
\op@count@v=\count364
\op@count@vi=\count365
\op@nbop=\count366
\op@currentstyle=\toks60

`xlop' v0.28  <2020/11/11> (jcc)
\opcolumnwidth=\dimen329
\oplineheight=\dimen330
\op@strutbox=\box141
\op@decimalsepwidth=\dimen331
\op@decimalsepoffset=\dimen332
\op@hrulewidth=\dimen333
\op@vrulewidth=\dimen334
\op@parenthesis=\count367
\op@token=\count368
\op@stack=\count369
\op@stackb=\count370
)) (c:/texlive/2024/texmf-dist/tex/latex/polynom/polynom.sty
Package: polynom 2017/07/17 0.19 (CH,HA)
\pld@currstage=\count371
)
(c:/texlive/2024/texmf-dist/tex/generic/systeme/systeme.sty
(c:/texlive/2024/texmf-dist/tex/generic/xstring/xstring.sty
(c:/texlive/2024/texmf-dist/tex/generic/xstring/xstring.tex
\xs_counta=\count372
\xs_countb=\count373
)
Package: xstring 2023/08/22 v1.86 String manipulations (CT)
)
(c:/texlive/2024/texmf-dist/tex/generic/systeme/systeme.tex
\SYS_systemecode=\toks61
\SYS_systempreamble=\toks62
\SYSeqnum=\count374
)
Package: systeme 2020/05/03 v0.34 Mise en forme de systemes d'equations (CT)
)
(c:/texlive/2024/texmf-dist/tex/latex/ragged2e/ragged2e.sty
Package: ragged2e 2023/06/22 v3.6 ragged2e Package
\CenteringLeftskip=\skip63
\RaggedLeftLeftskip=\skip64
\RaggedRightLeftskip=\skip65
\CenteringRightskip=\skip66
\RaggedLeftRightskip=\skip67
\RaggedRightRightskip=\skip68
\CenteringParfillskip=\skip69
\RaggedLeftParfillskip=\skip70
\RaggedRightParfillskip=\skip71
\JustifyingParfillskip=\skip72
\CenteringParindent=\skip73
\RaggedLeftParindent=\skip74
\RaggedRightParindent=\skip75
\JustifyingParindent=\skip76
)
(c:/texlive/2024/texmf-dist/tex/latex/microtype/microtype.sty
Package: microtype 2023/03/13 v3.1a Micro-typographical refinements (RS)
\MT@toks=\toks63
\MT@tempbox=\box142
\MT@count=\count375
LaTeX Info: Redefining \noprotrusionifhmode on input line 1059.
LaTeX Info: Redefining \leftprotrusion on input line 1060.
\MT@prot@toks=\toks64
LaTeX Info: Redefining \rightprotrusion on input line 1078.
LaTeX Info: Redefining \textls on input line 1368.
\MT@outer@kern=\dimen335
LaTeX Info: Redefining \textmicrotypecontext on input line 1988.
\MT@listname@count=\count376

(c:/texlive/2024/texmf-dist/tex/latex/microtype/microtype-pdftex.def
File: microtype-pdftex.def 2023/03/13 v3.1a Definitions specific to pdftex (RS)

LaTeX Info: Redefining \lsstyle on input line 902.
LaTeX Info: Redefining \lslig on input line 902.
\MT@outer@space=\skip77
)
Package microtype Info: Loading configuration file microtype.cfg.

(c:/texlive/2024/texmf-dist/tex/latex/microtype/microtype.cfg
File: microtype.cfg 2023/03/13 v3.1a microtype main configuration file (RS)
))
(c:/texlive/2024/texmf-dist/tex/latex/makecell/makecell.sty
Package: makecell 2009/08/03 V0.1e Managing of Tab Column Heads and Cells
\rotheadsize=\dimen336
\c@nlinenum=\count377
\TeXr@lab=\toks65
)
(c:/texlive/2024/texmf-dist/tex/latex/booktabs/booktabs.sty
Package: booktabs 2020/01/12 v1.61803398 Publication quality tables
\heavyrulewidth=\dimen337
\lightrulewidth=\dimen338
\cmidrulewidth=\dimen339
\belowrulesep=\dimen340
\belowbottomsep=\dimen341
\aboverulesep=\dimen342
\abovetopsep=\dimen343
\cmidrulesep=\dimen344
\cmidrulekern=\dimen345
\defaultaddspace=\dimen346
\@cmidla=\count378
\@cmidlb=\count379
\@aboverulesep=\dimen347
\@belowrulesep=\dimen348
\@thisruleclass=\count380
\@lastruleclass=\count381
\@thisrulewidth=\dimen349
)
(c:/texlive/2024/texmf-dist/tex/latex/diagbox/diagbox.sty
Package: diagbox 2020/02/09 v2.3 Making table heads with diagonal lines

(c:/texlive/2024/texmf-dist/tex/latex/pict2e/pict2e.sty
Package: pict2e 2020/09/30 v0.4b Improved picture commands (HjG,RN,JT)

(c:/texlive/2024/texmf-dist/tex/latex/pict2e/pict2e.cfg
File: pict2e.cfg 2016/02/05 v0.1u pict2e configuration for teTeX/TeXLive
)
Package pict2e Info: Driver file: pdftex.def on input line 112.
Package pict2e Info: Driver file for pict2e: p2e-pdftex.def on input line 114.

(c:/texlive/2024/texmf-dist/tex/latex/pict2e/p2e-pdftex.def
File: p2e-pdftex.def 2016/02/05 v0.1u Driver-dependant file (RN,HjG,JT)
)
\pIIe@GRAPH=\toks66
\@arclen=\dimen350
\@arcrad=\dimen351
\pIIe@tempdima=\dimen352
\pIIe@tempdimb=\dimen353
\pIIe@tempdimc=\dimen354
\pIIe@tempdimd=\dimen355
\pIIe@tempdime=\dimen356
\pIIe@tempdimf=\dimen357
)
\diagbox@boxa=\box143
\diagbox@boxb=\box144
\diagbox@boxm=\box145
\diagbox@wd=\dimen358
\diagbox@ht=\dimen359
\diagbox@insepl=\dimen360
\diagbox@insepr=\dimen361
\diagbox@outsepl=\dimen362
\diagbox@outsepr=\dimen363
)
(c:/texlive/2024/texmf-dist/tex/latex/pgfornament/pgfornament.sty
(c:/texlive/2024/texmf-dist/tex/latex/pgfopts/pgfopts.sty
Package: pgfopts 2014/07/10 v2.1a LaTeX package options with pgfkeys
\pgfopts@list@add@a@toks=\toks67
\pgfopts@list@add@b@toks=\toks68
)
Package: pgfornament 2020/05/26 v1.2 vector ornaments

(c:/texlive/2024/texmf-dist/tex/latex/pgfornament/pgflibraryvectorian.code.tex
2020/04/06 1.1 pgflibraryvectorian.code.tex
)) (c:/texlive/2024/texmf-dist/tex/latex/psnfss/mathptm.sty
Package: mathptm 2020/03/25 PSNFSS-v9.3 Times w/ Math (SPQR, WaS) 


Package mathptm Warning: This package is to be regarded as obsolete.
(mathptm)                See the PSNFSS documentation.

LaTeX Font Info:    Redeclaring symbol font `operators' on input line 31.
LaTeX Font Info:    Overwriting symbol font `operators' in version `normal'
(Font)                  OT1/cmr/m/n --> OT1/ptmcm/m/n on input line 31.
LaTeX Font Info:    Overwriting symbol font `operators' in version `bold'
(Font)                  OT1/cmr/bx/n --> OT1/ptmcm/m/n on input line 31.
LaTeX Font Info:    Redeclaring symbol font `letters' on input line 32.
LaTeX Font Info:    Overwriting symbol font `letters' in version `normal'
(Font)                  OML/cmm/m/it --> OML/ptmcm/m/it on input line 32.
LaTeX Font Info:    Overwriting symbol font `letters' in version `bold'
(Font)                  OML/cmm/b/it --> OML/ptmcm/m/it on input line 32.
LaTeX Font Info:    Redeclaring symbol font `symbols' on input line 33.
LaTeX Font Info:    Overwriting symbol font `symbols' in version `normal'
(Font)                  OMS/cmsy/m/n --> OMS/pzccm/m/n on input line 33.
LaTeX Font Info:    Overwriting symbol font `symbols' in version `bold'
(Font)                  OMS/cmsy/b/n --> OMS/pzccm/m/n on input line 33.
LaTeX Font Info:    Redeclaring symbol font `largesymbols' on input line 34.
LaTeX Font Info:    Overwriting symbol font `largesymbols' in version `normal'
(Font)                  OMX/cmex/m/n --> OMX/psycm/m/n on input line 34.
LaTeX Font Info:    Overwriting symbol font `largesymbols' in version `bold'
(Font)                  OMX/cmex/m/n --> OMX/psycm/m/n on input line 34.
\symbold=\mathgroup11
\symitalic=\mathgroup12
LaTeX Font Info:    Redeclaring math alphabet \mathbf on input line 37.
LaTeX Font Info:    Redeclaring math alphabet \mathit on input line 38.
LaTeX Font Info:    Overwriting math alphabet `\mathit' in version `normal'
(Font)                  OT1/cmr/m/it --> OT1/ptm/m/it on input line 38.
LaTeX Font Info:    Overwriting math alphabet `\mathit' in version `bold'
(Font)                  OT1/cmr/bx/it --> OT1/ptm/m/it on input line 38.
)
\symsymbolsC=\mathgroup13
LaTeX Font Info:    Redeclaring symbol font `AMSb' on input line 97.
LaTeX Font Info:    Overwriting symbol font `AMSb' in version `normal'
(Font)                  U/msb/m/n --> U/msb/m/n on input line 97.
LaTeX Font Info:    Overwriting symbol font `AMSb' in version `bold'
(Font)                  U/msb/m/n --> U/msb/m/n on input line 97.
 (./Khaibao/Caption/caption.tex
(c:/texlive/2024/texmf-dist/tex/latex/caption/caption.sty
Package: caption 2023/08/05 v3.6o Customizing captions (AR)

(c:/texlive/2024/texmf-dist/tex/latex/caption/caption3.sty
Package: caption3 2023/07/31 v2.4d caption3 kernel (AR)
\caption@tempdima=\dimen364
\captionmargin=\dimen365
\caption@leftmargin=\dimen366
\caption@rightmargin=\dimen367
\caption@width=\dimen368
\caption@indent=\dimen369
\caption@parindent=\dimen370
\caption@hangindent=\dimen371
Package caption Info: Standard document class detected.
)
\c@caption@flags=\count382
\c@continuedfloat=\count383
Package caption Info: hyperref package is loaded.
)
(c:/texlive/2024/texmf-dist/tex/latex/wrapfig/wrapfig.sty
\wrapoverhang=\dimen372
\WF@size=\dimen373
\c@WF@wrappedlines=\count384
\WF@box=\box146
\WF@everypar=\toks69
Package: wrapfig 2003/01/31  v 3.6
)
(c:/texlive/2024/texmf-dist/tex/latex/caption/subcaption.sty
Package: subcaption 2023/07/28 v1.6b Sub-captions (AR)
Package caption Info: New subtype `subfigure' on input line 238.
\c@subfigure=\count385
Package caption Info: New subtype `subtable' on input line 238.
\c@subtable=\count386
)
(c:/texlive/2024/texmf-dist/tex/latex/float/float.sty
Package: float 2001/11/08 v1.3d Float enhancements (AL)
\c@float@type=\count387
\float@exts=\toks70
\float@box=\box147
\@float@everytoks=\toks71
\@floatcapt=\box148
))
(./Khaibao/Tikz/tikz.tex) (./Khaibao/Chemistry/chemmistry.tex
(c:/texlive/2024/texmf-dist/tex/latex/filecontents/filecontents.sty
Package: filecontents 2023/04/02 v1.5a Create an external file from within a La
TeX document


Package filecontents Warning: This package is obsolete. Disabling it and
(filecontents)                passing control to the filecontents environment
(filecontents)                defined by the LaTeX kernel.

) (c:/texlive/2024/texmf-dist/tex/generic/chemfig/chemfig.sty
(c:/texlive/2024/texmf-dist/tex/generic/chemfig/chemfig.tex
(c:/texlive/2024/texmf-dist/tex/generic/simplekv/simplekv.tex
Package: simplekv 2023/10/02 v0.2c Simple keyval package (CT)
)
\CF_cnt_atomgroup=\count388
\CF_cnt_group=\count389
\CF_cnt_atom=\count390
\CF_cnt_cycle=\count391
\CF_cnt_cyclebonds=\count392
\CF_cnt_compound=\count393
\CF_dim=\dimen374
\CF_turnangle=\dimen375
\CF_arrowsize=\dimen376
\CF_zero=\dimen377
\CF_box=\box149
\CF_boxstuff=\box150
\CF_testbox=\box151
\CF_chargebox=\box152
\CF_substtoks=\toks72
)
Package: chemfig 2023/12/28 v1.66 Draw molecule with an easy syntax (CT)
)
(c:/texlive/2024/texmf-dist/tex/latex/chemmacros/chemmacros.sty
(c:/texlive/2024/texmf-dist/tex/latex/l3packages/l3keys2e/l3keys2e.sty
Package: l3keys2e 2024-02-18 LaTeX2e option processing using LaTeX3 keys
)
Package: chemmacros 2022/03/11 v6.2a comprehensive support for typesetting chem
istry documents (CN & SK)
\l__chemmacros_tmpa_dim=\dimen378
\l__chemmacros_tmpb_dim=\dimen379
\l__chemmacros_tmpc_dim=\dimen380
\l__chemmacros_tmpa_int=\count394
\l__chemmacros_tmpb_int=\count395
\l__chemmacros_tmpc_int=\count396
\l__chemmacros_tmpa_box=\box153
\l__chemmacros_tmpb_box=\box154
\l__chemmacros_tmpc_box=\box155
Loading the chemmacros module `base' ...

Loading the chemmacros module `base' ...
Loading the chemmacros module `errorcheck' ...
Loading the chemmacros module `errorcheck' ...
Loading the chemmacros module `lang' ...
Loading the chemmacros module `lang' ...
(c:/texlive/2024/texmf-dist/tex/latex/translations/translations.sty
Package: translations 2022/02/05 v1.12 internationalization of LaTeX2e packages
 (CN)
)
Loading the chemmacros module `greek' ...

Loading the chemmacros module `greek' ...
(c:/texlive/2024/texmf-dist/tex/latex/chemgreek/chemgreek.sty
Package: chemgreek 2020/01/16 v1.1a interface for upright Greek letters for use
 in chemistry (CN)
\l__chemgreek_tmpa_int=\count397
\g__chemgreek_tmpa_int=\count398
)
Loading the chemmacros module `formula' ...

Loading the chemmacros module `formula' ...
Loading the chemmacros module `charges' ...
Loading the chemmacros module `charges' ...
Loading the chemmacros module `acid-base' ...
Loading the chemmacros module `acid-base' ...
Loading the chemmacros module `symbols' ...
Loading the chemmacros module `symbols' ...
Loading the chemmacros module `particles' ...
Loading the chemmacros module `particles' ...
\l__chemmacros_nucleophile_dim=\dimen381
Loading the chemmacros module `phases' ...
Loading the chemmacros module `phases' ...
\l__chemmacros_phases_space_dim=\dimen382
Loading the chemmacros module `nomenclature' ...
Loading the chemmacros module `nomenclature' ...
\l__chemmacros_cip_kern_dim=\dimen383
\l__chemmacros_iupac_hyphen_pre_dim=\dimen384
\l__chemmacros_iupac_hyphen_post_dim=\dimen385
\l__chemmacros_iupac_break_dim=\dimen386
\l__chemmacros_iupac_break_skip=\skip78
Loading the chemmacros module `tikz' ...
Loading the chemmacros module `tikz' ...
\l__chemmacros_el_length_dim=\dimen387
Loading the chemmacros module `isotopes' ...
Loading the chemmacros module `isotopes' ...
(c:/texlive/2024/texmf-dist/tex/latex/elements/elements.sty
Package: elements 2022/01/29 v0.4 properties of chemical elements
\c@@elements@orbital@type=\count399
\c@@elements@shell@number=\count400
)
Loading the chemmacros module `mechanisms' ...

Loading the chemmacros module `mechanisms' ...
Loading the chemmacros module `newman' ...
Loading the chemmacros module `newman' ...
Loading the chemmacros module `orbital' ...
Loading the chemmacros module `orbital' ...
Loading the chemmacros module `polymers' ...
Loading the chemmacros module `polymers' ...
\l__chemmacros_polymer_delimiter_height_dim=\dimen388
\l__chemmacros_polymer_delimiter_depth_dim=\dimen389
Loading the chemmacros module `reactions' ...
Loading the chemmacros module `reactions' ...
\c@reaction=\count401
(c:/texlive/2024/texmf-dist/tex/latex/mathtools/mathtools.sty
Package: mathtools 2024/03/11 v1.30 mathematical typesetting tools

(c:/texlive/2024/texmf-dist/tex/latex/mathtools/mhsetup.sty
Package: mhsetup 2021/03/18 v1.4 programming setup (MH)
)
\g_MT_multlinerow_int=\count402
\l_MT_multwidth_dim=\dimen390
\origjot=\skip79
\l_MT_shortvdotswithinadjustabove_dim=\dimen391
\l_MT_shortvdotswithinadjustbelow_dim=\dimen392
\l_MT_above_intertext_sep=\dimen393
\l_MT_below_intertext_sep=\dimen394
\l_MT_above_shortintertext_sep=\dimen395
\l_MT_below_shortintertext_sep=\dimen396
\xmathstrut@box=\box156
\xmathstrut@dim=\dimen397
)
Loading the chemmacros module `redox' ...

Loading the chemmacros module `redox' ...
(c:/texlive/2024/texmf-dist/tex/latex/relsize/relsize.sty
Package: relsize 2013/03/29 ver 4.1
)
\l__chemmacros_ox_number_int=\count403
\l__chemmacros_redox_sep_dim=\dimen398
\l__chemmacros_redox_sep_default_dim=\dimen399
\l__chemmacros_redox_dist_dim=\dimen400
Loading the chemmacros module `xfrac' ...

Loading the chemmacros module `xfrac' ...
(c:/texlive/2024/texmf-dist/tex/latex/xfrac/xfrac.sty
Package: xfrac 2024-02-13 Split-level fractions

(c:/texlive/2024/texmf-dist/tex/latex/l3packages/xtemplate/xtemplate.sty
(c:/texlive/2024/texmf-dist/tex/latex/l3packages/xtemplate/xtemplate-2023-10-10
.sty
Package: xtemplate 2023-10-10 L3 Experimental prototype document functions
\l__xtemplate_tmp_dim=\dimen401
\l__xtemplate_tmp_int=\count404
\l__xtemplate_tmp_muskip=\muskip18
\l__xtemplate_tmp_skip=\skip80
))
\l__xfrac_slash_box=\box157
\l__xfrac_tmp_box=\box158
\l__xfrac_denominator_bot_sep_dim=\dimen402
\l__xfrac_numerator_bot_sep_dim=\dimen403
\l__xfrac_numerator_top_sep_dim=\dimen404
\l__xfrac_slash_left_sep_dim=\dimen405
\l__xfrac_slash_right_sep_dim=\dimen406
\l__xfrac_slash_left_muskip=\muskip19
\l__xfrac_slash_right_muskip=\muskip20

Package xtemplate Info: Declaring object type 'xfrac' taking 3 argument(s) on
(xtemplate)             line 98.

)
Loading the chemmacros module `scheme' ...

Loading the chemmacros module `scheme' ...
(c:/texlive/2024/texmf-dist/tex/latex/chemnum/chemnum.sty
Package: chemnum 2021/01/21 v1.3a a comprehensive approach for the numbering of
 chemical compounds (CN)

(c:/texlive/2024/texmf-dist/tex/latex/psfrag/psfrag.sty
Package: psfrag 1998/04/11 v3.04 PSfrag (MCG)
\pfg@pcount=\count405
\pfg@scount=\count406
\pfg@temp=\write129
)
\l__chemnum_tmpa_int=\count407
\l__chemnum_tmpb_int=\count408
\l__chemnum_tmpc_int=\count409
\c@cmpdmain=\count410
\g__chemnum_main_int=\count411
\l__chemnum_compound_replace_int=\count412
)
Loading the chemmacros module `spectroscopy' ...

Loading the chemmacros module `spectroscopy' ...
(c:/texlive/2024/texmf-dist/tex/latex/siunitx/siunitx.sty
Package: siunitx 2024-02-15 v3.3.12 A comprehensive (SI) units package
\l__siunitx_number_uncert_offset_int=\count413
\l__siunitx_number_exponent_fixed_int=\count414
\l__siunitx_number_min_decimal_int=\count415
\l__siunitx_number_min_integer_int=\count416
\l__siunitx_number_round_precision_int=\count417
\l__siunitx_number_lower_threshold_int=\count418
\l__siunitx_number_upper_threshold_int=\count419
\l__siunitx_number_group_first_int=\count420
\l__siunitx_number_group_size_int=\count421
\l__siunitx_number_group_minimum_int=\count422
\l__siunitx_angle_tmp_dim=\dimen407
\l__siunitx_angle_marker_box=\box159
\l__siunitx_angle_unit_box=\box160
\l__siunitx_compound_count_int=\count423
\l__siunitx_table_tmp_box=\box161
\l__siunitx_table_tmp_dim=\dimen408
\l__siunitx_table_column_width_dim=\dimen409
\l__siunitx_table_integer_box=\box162
\l__siunitx_table_decimal_box=\box163
\l__siunitx_table_uncert_box=\box164
\l__siunitx_table_before_box=\box165
\l__siunitx_table_after_box=\box166
\l__siunitx_table_before_dim=\dimen410
\l__siunitx_table_carry_dim=\dimen411
\l__siunitx_unit_tmp_int=\count424
\l__siunitx_unit_position_int=\count425
\l__siunitx_unit_total_int=\count426
)
\l__chemmacros_nmr_space_skip=\skip81
Loading the chemmacros module `thermodynamics' ...

Loading the chemmacros module `thermodynamics' ...
Loading the chemmacros module `units' ...
Loading the chemmacros module `units' ...
Loading the chemmacros module `reactants' ...
Loading the chemmacros module `reactants' ...
Loading the chemmacros module `translations' ...
Loading the chemmacros module `translations' ...
)
LaTeX Font Info:    Redeclaring math alphabet \mathbf on input line 9.
LaTeX Font Info:    Overwriting math alphabet `\mathbf' in version `normal'
(Font)                  OT1/ptm/bx/n --> T1/qag/b/n on input line 9.
LaTeX Font Info:    Overwriting math alphabet `\mathbf' in version `bold'
(Font)                  OT1/ptm/bx/n --> T1/qag/b/n on input line 9.
LaTeX Font Info:    Redeclaring math alphabet \mathtt on input line 10.
LaTeX Font Info:    Overwriting math alphabet `\mathtt' in version `normal'
(Font)                  OT1/cmtt/m/n --> T1/pcr/m/n on input line 10.
LaTeX Font Info:    Overwriting math alphabet `\mathtt' in version `bold'
(Font)                  OT1/cmtt/m/n --> T1/pcr/m/n on input line 10.
LaTeX Font Info:    Redeclaring math alphabet \mathit on input line 11.
LaTeX Font Info:    Overwriting math alphabet `\mathit' in version `normal'
(Font)                  OT1/ptm/m/it --> T1/ptm/m/it on input line 11.
LaTeX Font Info:    Overwriting math alphabet `\mathit' in version `bold'
(Font)                  OT1/ptm/m/it --> T1/ptm/m/it on input line 11.
) (./Khaibao/Headerfooter/HeaderFooterVer1.tex
(c:/texlive/2024/texmf-dist/tex/latex/fancyhdr/fancyhdr.sty
Package: fancyhdr 2022/11/09 v4.1 Extensive control of page headers and footers

\f@nch@headwidth=\skip82
\f@nch@O@elh=\skip83
\f@nch@O@erh=\skip84
\f@nch@O@olh=\skip85
\f@nch@O@orh=\skip86
\f@nch@O@elf=\skip87
\f@nch@O@erf=\skip88
\f@nch@O@olf=\skip89
\f@nch@O@orf=\skip90
)
(c:/texlive/2024/texmf-dist/tex/latex/textcase/textcase.sty
Package: textcase 2023/07/27 v1.04 Text only upper/lower case changing (DPC)
Package textcase Info: Defining Legacy names on input line 20.
)
(c:/texlive/2024/texmf-dist/tex/latex/lastpage/lastpage.sty
Package: lastpage 2023/10/14 v2.0e lastpage: 2.09 or 2e? (HMM)

(c:/texlive/2024/texmf-dist/tex/latex/lastpage/lastpage2e.sty
Package: lastpage2e 2023/10/14 v2.0e Decide which 2e lastpage version to use (H
MM)

(c:/texlive/2024/texmf-dist/tex/latex/lastpage/lastpagemodern.sty
Package: lastpagemodern 2023-10-14 v2.0e Refers to last page's name (HMM; JPG)
\c@lastpagecount=\count427
) 
)) (c:/texlive/2024/texmf-dist/tex/latex/qrcode/qrcode.sty
Package: qrcode 2015/01/08 v1.51 QR code generation
\c@qr@i=\count428
\c@qr@j=\count429
\qr@a=\count430
\qr@b=\count431
\qr@c=\count432
\qr@for@depth=\count433
\qr@for@maxdepth=\count434
\qr@for@start=\count435
\qr@for@end=\count436
\qr@for@step=\count437
\qr@newforcount=\count438
\qr@newforcount=\count439
\qr@desiredheight=\skip91
\qr@modulesize=\skip92
\qr@minipagewidth=\skip93
\c@maski=\count440
\c@maskj=\count441
\c@totalones=\count442
\c@penaltyi=\count443
\c@penaltyii=\count444
\c@penaltyiii=\count445
\c@penaltyiv=\count446
\c@qr@hexchars=\count447
\qr@newforcount=\count448
\c@qr@divisionsremaining=\count449
))
(./Khaibao/Tcolorbox/Tcolorbox.tex
(c:/texlive/2024/texmf-dist/tex/latex/tcolorbox/tcolorbox.sty
Package: tcolorbox 2024/01/10 version 6.2.0 text color boxes

(c:/texlive/2024/texmf-dist/tex/latex/tools/verbatim.sty
Package: verbatim 2023-11-06 v1.5v LaTeX2e package for verbatim enhancements
\every@verbatim=\toks73
\verbatim@line=\toks74
\verbatim@in@stream=\read4
)
\tcb@titlebox=\box167
\tcb@upperbox=\box168
\tcb@lowerbox=\box169
\tcb@phantombox=\box170
\c@tcbbreakpart=\count450
\c@tcblayer=\count451
\c@tcolorbox@number=\count452
\l__tcobox_tmpa_box=\box171
\l__tcobox_tmpa_dim=\dimen412
\tcb@temp=\box172
\tcb@temp=\box173
\tcb@temp=\box174
\tcb@temp=\box175

(c:/texlive/2024/texmf-dist/tex/latex/tcolorbox/tcbraster.code.tex
Library (tcolorbox): 'tcbraster.code.tex' version '6.2.0'
\c@tcbrastercolumn=\count453
\c@tcbrasterrow=\count454
\c@tcbrasternum=\count455
\c@tcbraster=\count456
) (c:/texlive/2024/texmf-dist/tex/latex/tcolorbox/tcbskins.code.tex
Library (tcolorbox): 'tcbskins.code.tex' version '6.2.0'
(c:/texlive/2024/texmf-dist/tex/latex/tikzfill/tikzfill.image.sty
Package: tikzfill.image 2023/08/08 v1.0.1 Image filling library for TikZ

(c:/texlive/2024/texmf-dist/tex/latex/tikzfill/tikzfill-common.sty
Package: tikzfill-common 2023/08/08 v1.0.1 Auxiliary code for tikzfill
)
(c:/texlive/2024/texmf-dist/tex/latex/tikzfill/tikzlibraryfill.image.code.tex
File: tikzlibraryfill.image.code.tex 2023/08/08 v1.0.1 Image filling library
\l__tikzfill_img_box=\box176
)) (c:/texlive/2024/texmf-dist/tex/latex/tcolorbox/tcbskinsjigsaw.code.tex
Library (tcolorbox): 'tcbskinsjigsaw.code.tex' version '6.2.0'
)) (c:/texlive/2024/texmf-dist/tex/latex/tcolorbox/tcbbreakable.code.tex
Library (tcolorbox): 'tcbbreakable.code.tex' version '6.2.0'
(c:/texlive/2024/texmf-dist/tex/latex/pdfcol/pdfcol.sty
Package: pdfcol 2022-09-21 v1.7 Handle new color stacks for pdfTeX (HO)
)
Package pdfcol Info: New color stack `tcb@breakable' = 1 on input line 23.
\tcb@testbox=\box177
\tcb@totalupperbox=\box178
\tcb@totallowerbox=\box179
)
(c:/texlive/2024/texmf-dist/tex/latex/tcolorbox/tcbhooks.code.tex
Library (tcolorbox): 'tcbhooks.code.tex' version '6.2.0'
) (c:/texlive/2024/texmf-dist/tex/latex/tcolorbox/tcbtheorems.code.tex
Library (tcolorbox): 'tcbtheorems.code.tex' version '6.2.0'
) (c:/texlive/2024/texmf-dist/tex/latex/tcolorbox/tcbfitting.code.tex
Library (tcolorbox): 'tcbfitting.code.tex' version '6.2.0'
\tcbfitdim=\dimen413
\tcb@lowerfitdim=\dimen414
\tcb@upperfitdim=\dimen415
\tcb@cur@hbadness=\count457
) (c:/texlive/2024/texmf-dist/tex/latex/tcolorbox/tcblistingsutf8.code.tex
Library (tcolorbox): 'tcblistingsutf8.code.tex' version '6.2.0'
(c:/texlive/2024/texmf-dist/tex/latex/tcolorbox/tcblistings.code.tex
Library (tcolorbox): 'tcblistings.code.tex' version '6.2.0'
(c:/texlive/2024/texmf-dist/tex/latex/listings/listings.sty
\lst@mode=\count458
\lst@gtempboxa=\box180
\lst@token=\toks75
\lst@length=\count459
\lst@currlwidth=\dimen416
\lst@column=\count460
\lst@pos=\count461
\lst@lostspace=\dimen417
\lst@width=\dimen418
\lst@newlines=\count462
\lst@lineno=\count463
\lst@maxwidth=\dimen419

(c:/texlive/2024/texmf-dist/tex/latex/listings/lstpatch.sty
File: lstpatch.sty 2024/02/21 1.10 (Carsten Heinz)
)
(c:/texlive/2024/texmf-dist/tex/latex/listings/lstmisc.sty
File: lstmisc.sty 2024/02/21 1.10 (Carsten Heinz)
\c@lstnumber=\count464
\lst@skipnumbers=\count465
\lst@framebox=\box181
)
(c:/texlive/2024/texmf-dist/tex/latex/listings/listings.cfg
File: listings.cfg 2024/02/21 1.10 listings configuration
))
Package: listings 2024/02/21 1.10 (Carsten Heinz)

(c:/texlive/2024/texmf-dist/tex/latex/tcolorbox/tcblistingscore.code.tex
Library (tcolorbox): 'tcblistingscore.code.tex' version '6.2.0'
(c:/texlive/2024/texmf-dist/tex/latex/tcolorbox/tcbprocessing.code.tex
Library (tcolorbox): 'tcbprocessing.code.tex' version '6.2.0'
)
\c@tcblisting=\count466
)) (c:/texlive/2024/texmf-dist/tex/latex/listingsutf8/listingsutf8.sty
Package: listingsutf8 2019-12-10 v1.5 Allow UTF-8 in listings input (HO)

(c:/texlive/2024/texmf-dist/tex/generic/stringenc/stringenc.sty
Package: stringenc 2019/11/29 v1.12 Convert strings between diff. encodings (HO
)
)))
(c:/texlive/2024/texmf-dist/tex/latex/tcolorbox/tcbexternal.code.tex
Library (tcolorbox): 'tcbexternal.code.tex' version '6.2.0'
) (c:/texlive/2024/texmf-dist/tex/latex/tcolorbox/tcbmagazine.code.tex
Library (tcolorbox): 'tcbmagazine.code.tex' version '6.2.0'
) (c:/texlive/2024/texmf-dist/tex/latex/tcolorbox/tcbvignette.code.tex
Library (tcolorbox): 'tcbvignette.code.tex' version '6.2.0'
) (c:/texlive/2024/texmf-dist/tex/latex/tcolorbox/tcbposter.code.tex
Library (tcolorbox): 'tcbposter.code.tex' version '6.2.0'
)) (c:/texlive/2024/texmf-dist/tex/latex/varwidth/varwidth.sty
Package: varwidth 2009/03/30 ver 0.92;  Variable-width minipages
\@vwid@box=\box182
\sift@deathcycles=\count467
\@vwid@loff=\dimen420
\@vwid@roff=\dimen421
)
(c:/texlive/2024/texmf-dist/tex/latex/lipsum/lipsum.sty
Package: lipsum 2021-09-20 v2.7 150 paragraphs of Lorem Ipsum dummy text
\g__lipsum_par_int=\count468
\l__lipsum_a_int=\count469
\l__lipsum_b_int=\count470

(c:/texlive/2024/texmf-dist/tex/latex/lipsum/lipsum.ltd.tex))
(c:/texlive/2024/texmf-dist/tex/latex/tcolorbox/tcbxparse.code.tex
Library (tcolorbox): 'tcbxparse.code.tex' version '6.2.0'
)) (./Khaibao/Table/table.tex
(c:/texlive/2024/texmf-dist/tex/latex/multirow/multirow.sty
Package: multirow 2021/03/15 v2.8 Span multiple rows of a table
\multirow@colwidth=\skip94
\multirow@cntb=\count471
\multirow@dima=\skip95
\bigstrutjot=\dimen422
)
(c:/texlive/2024/texmf-dist/tex/latex/tools/longtable.sty
Package: longtable 2023-11-01 v4.19 Multi-page Table package (DPC)
\LTleft=\skip96
\LTright=\skip97
\LTpre=\skip98
\LTpost=\skip99
\LTchunksize=\count472
\LTcapwidth=\dimen423
\LT@head=\box183
\LT@firsthead=\box184
\LT@foot=\box185
\LT@lastfoot=\box186
\LT@gbox=\box187
\LT@cols=\count473
\LT@rows=\count474
\c@LT@tables=\count475
\c@LT@chunks=\count476
\LT@p@ftn=\toks76
))
(./Khaibao/EXAM_BOX/BOX_EX_TEST_VER1.tex (./ex_test.sty
Package: ex_test 05/11/2019 for Ex_test version 2.4.5 beta3, Tran Anh Tuan

(c:/texlive/2024/texmf-dist/tex/latex/answers/answers.sty
Package: answers 2014/08/24 v2.16 Production of solution sheets in LaTeX2e
)
(c:/texlive/2024/texmf-dist/tex/latex/ntheorem/ntheorem.sty
Style `ntheorem', Version 1.33 <2011/08/15>
Package: ntheorem 2011/08/15 1.33
\theorem@style=\toks77
\theorem@@style=\toks78
\theorembodyfont=\toks79
\theoremnumbering=\toks80
\theorempreskipamount=\skip100
\theorempostskipamount=\skip101
\theoremframepreskipamount=\skip102
\theoremframepostskipamount=\skip103
\theoreminframepreskipamount=\skip104
\theoreminframepostskipamount=\skip105
\theorem@preskip=\toks81
\theorem@postskip=\toks82
\theorem@framepreskip=\toks83
\theorem@framepostskip=\toks84
\theorem@inframepreskip=\toks85
\theorem@inframepostskip=\toks86
\theoremindent=\dimen424
\theorem@indent=\dimen425
\theoremrightindent=\dimen426
\theorem@rightindent=\dimen427
\theoremheaderfont=\toks87
\theoremseparator=\toks88
\theoremprework=\toks89
\theorempostwork=\toks90
\theoremsymbol=\toks91
\qedsymbol=\toks92
\theoremkeyword=\toks93
\qedsymbol=\toks94
\thm@topsep=\skip106
\thm@topsepadd=\skip107
) (c:/texlive/2024/texmf-dist/tex/latex/probsoln/probsoln.sty
Package: probsoln 2017/07/10 v3.05 (NLCT)
\probsoln@write=\write130
\probsoln@startyear=\count477
\probsoln@startmonth=\count478
\probsoln@prev=\write131
\probsoln@used=\write132
\probsoln@prev@cutoff=\count479
\@probN=\count480
\@probselN=\count481
\@rndselctr=\count482
\r@ndcur=\count483
\@ps@randtmp=\count484
\@shfctr=\count485
\@shfA=\count486
\@shfB=\count487
\@ps@forrand=\count488
\@ps@forrand@level=\count489
)
(c:/texlive/2024/texmf-dist/tex/latex/picinpar/picinpar.sty
Pictures in Paragraphs. Version 1.3, November 22, 2022
\br=\count490
\bl=\count491
\na=\count492
\nb=\count493
\tcdsav=\count494
\tcl=\count495
\tcd=\count496
\tcn=\count497
\cumtcl=\count498
\cumpartcl=\count499
\lftside=\dimen428
\rtside=\dimen429
\hpic=\dimen430
\vpic=\dimen431
\strutilg=\dimen432
\picwd=\dimen433
\topheight=\dimen434
\ilg=\dimen435
\lpic=\dimen436
\lwindowsep=\dimen437
\rwindowsep=\dimen438
\cumpar=\dimen439
\twa=\toks95
\la=\toks96
\ra=\toks97
\ha=\toks98
\pictoc=\toks99
\rawtext=\box188
\holder=\box189
\windowbox=\box190
\wartext=\box191
\finaltext=\box192
\aslice=\box193
\bslice=\box194
\wbox=\box195
\wstrutbox=\box196
\picbox=\box197
\waslice=\box198
\wbslice=\box199
\fslice=\box256
) (c:/texlive/2024/texmf-dist/tex/latex/eepic/epic.sty
Enhancements to Picture Environment. Version 1.2 - Released June 1, 1986
\@@multicnt=\count500
\d@lta=\count501
\@delta=\dimen440
\@@delta=\dimen441
\@gridcnt=\count502
\@joinkind=\count503
\@dotgap=\dimen442
\@ddotgap=\dimen443
\@x@diff=\count504
\@y@diff=\count505
\x@diff=\dimen444
\y@diff=\dimen445
\@dotbox=\box257
\num@segments=\count506
\num@segmentsi=\count507
\@datafile=\read5
) (c:/texlive/2024/texmf-dist/tex/latex/cntformats/cntformats.sty
Package: cntformats 2014/07/20 v0.7 A different way to read counters. (CN)

(c:/texlive/2024/texmf-dist/tex/latex/cnltx/cnltx-base.sty
Package: cnltx-base 2019/11/01 v0.15 LaTeX tools and documenting facilities (CN
)
\c@cnltx@tmpa=\count508
\c@cnltx@tmpb=\count509
\c@cnltx@tmpc=\count510
\cnltx@tmpa@length=\skip108
\cnltx@tmpb@length=\skip109
\cnltx@tmpc@length=\skip110
))
\c@ex=\count511
\linepar=\dimen446
\paroutindent=\skip111
\lineheight=\skip112
\wsh=\skip113
\hsh=\skip114
\dsh=\skip115
\c@dapan=\count512
\widthalpha=\skip116
\widthalphaT=\skip117
\widthalphaF=\skip118
\c@Solshort=\count513
\c@numTrue=\count514
\c@numTrueSol=\count515
\dorongfix=\skip119
\dorong=\skip120
\c@BTSolution=\count516
\c@Solbook=\count517
\c@Solution=\count518

WARNING: environment Solution already in use
\c@vdexT=\count519
\widthcha=\skip121
\widthchb=\skip122
\widthchc=\skip123
\widthchd=\skip124
\widthche=\skip125
\widthch=\skip126
\tabmaxwidth=\skip127
\fourthtabwidth=\skip128
\halftabwidth=\skip129
\fifthtabwidth=\skip130
\thirdtabwidth=\skip131
\wmothai=\skip132
\wmothaiba=\skip133
\wmothaibabon=\skip134
\wbonnam=\skip135
\wbabonnam=\skip136
\whaibabonnam=\skip137
\c@numChoice=\count520
\heightline=\dimen447
\widthimmini=\dimen448
\heightimmini=\dimen449
\heighttextimmini=\dimen450
\himmini=\dimen451
\spaceleft=\dimen452
\imbox=\box258
\imboxtext=\box259

(c:/texlive/2024/texmf-dist/tex/generic/pgf/frontendlayer/tikz/libraries/tikzli
brarypatterns.code.tex
File: tikzlibrarypatterns.code.tex 2023-01-15 v3.1.10 (3.1.10)

(c:/texlive/2024/texmf-dist/tex/generic/pgf/libraries/pgflibrarypatterns.code.t
ex
File: pgflibrarypatterns.code.tex 2023-01-15 v3.1.10 (3.1.10)
))
\myboxans=\box260
\c@exrd=\count521
\l__listsEX_depth_int=\count522
\g__listsEX_int=\count523
\g__listsEX_total_items_int=\count524
\l__listsEX_columns_int=\count525
\l__listsEX_rows_int=\count526
\g__listsEX_current_col_num_int=\count527
\g__listsEX_current_row_num_int=\count528
\l__listsEX_item_columns_int=\count529
\l__listsEX_item_indent_dim=\dimen453
\l__listsEX_item_default_indent_dim=\dimen454
\l__listsEX_item_width_dim=\dimen455
\l__listsEX_label_width_dim=\dimen456
\l__listsEX_label_default_width_dim=\dimen457
\l__listsEX_label_offset_dim=\dimen458
\l__listsEX_label_default_offset_dim=\dimen459
\l__listsEX_column_sep_dim=\dimen460
\l__listsEX_after_item_skip=\skip138
\l__listsEX_custom_after_item_skip=\skip139
\l__listsEX_before_list_skip=\skip140
\l__listsEX_after_list_skip=\skip141
\l__listsEX_item_coffin=\box261
\l__listsEX_label_coffin=\box262
\c@listEX=\count530
\l__listsEX_tmpa_int=\count531
\l__listsEX_tmpb_int=\count532
\l__listsEX_tmpa_coffin=\box263

Package xtemplate Info: Declaring object type 'listsEX' taking 3 argument(s)
(xtemplate)             on line 2082.

\l__listsEX_choice_width_dim=\dimen461
\l__listsEX_choice_linewidth_dim=\dimen462
\l__listsEX_choice_checkwidth_dim=\dimen463
\l__listsEX_choice_raise_dim=\dimen464
)
\widthPB=\skip142
\c@loigiaibth=\count533
\c@loigiaibt=\count534
\c@loigiaiex=\count535
\c@bt=\count536
\c@vd=\count537
\widthNPB=\skip143
\c@itemchoicecount=\count538
) (./Khaibao/Chuongmuc/ChuongMuc_Ver1.tex
(c:/texlive/2024/texmf-dist/tex/latex/titlesec/titlesec.sty
Package: titlesec 2023/10/27 v2.16 Sectioning titles
\ttl@box=\box264
\beforetitleunit=\skip144
\aftertitleunit=\skip145
\ttl@plus=\dimen465
\ttl@minus=\dimen466
\ttl@toksa=\toks100
\titlewidth=\dimen467
\titlewidthlast=\dimen468
\titlewidthfirst=\dimen469
)
LaTeX Font Info:    Trying to load font information for T5+phv on input line 45
.

(c:/texlive/2024/texmf-dist/tex/latex/vntex/t5phv.fd
File: t5uhv.fd 2005/08/24 Fontinst v1.929 font definitions for T5/phv.
)
LaTeX Font Info:    Trying to load font information for T5+ugq on input line 46
.

(c:/texlive/2024/texmf-dist/tex/latex/vntex/t5ugq.fd
File: t5ugq.fd 2006/07/30 Fontinst v1.927 font definitions for T5/ugq.
))
(./Khaibao/Mucluc/Mucluc_CD.tex
(c:/texlive/2024/texmf-dist/tex/latex/titlesec/titletoc.sty
Package: titletoc 2023/10/27 v2.16 TOC entries
\ttl@leftsep=\dimen470
))
(./Khaibao/ENV_BOX/ENV_BOX_VER1.tex
\c@phan=\count539
\c@dang=\count540
\c@noibat=\count541
\c@dn=\count542
\c@dl=\count543
\c@hq=\count544
\c@tc=\count545
\c@hd=\count546
\c@lt=\count547

(c:/texlive/2024/texmf-dist/tex/latex/paracol/paracol.sty
Package: paracol 2018/12/31 v1.35 
\pcol@currcol=\count548
\pcol@nextcol=\count549
\pcol@ncol=\count550
\pcol@ncolleft=\count551
\pcol@page=\count552
\pcol@basepage=\count553
\pcol@toppage=\count554
\pcol@footnotebase=\count555
\pcol@nfootnotes=\count556
\pcol@mcid=\count557
\pcol@prevdepth=\dimen471
\pcol@colht=\dimen472
\pcol@textfloatsep=\dimen473
\pcol@lrmargin=\dimen474
\pagerim=\dimen475
\pcol@topskip=\skip146
\belowfootnoteskip=\skip147
\pcol@topfnotes=\box265
\pcol@prespan=\box266
\pcol@rightpage=\box267
\pcol@colorstack@saved=\box268
\pcol@tempboxa=\box269
\pcol@tempboxb=\box270
\pcol@colorins=\insert252
\pcol@everyvbox=\toks101
)
(c:/texlive/2024/texmf-dist/tex/latex/amsmath/amsxtra.sty
Package: amsxtra 1999/11/15 v1.2c AMS extra commands
LaTeX Info: Redefining \nobreakspace on input line 54.
)
(c:/texlive/2024/texmf-dist/tex/latex/base/latexsym.sty
Package: latexsym 1998/08/17 v2.2e Standard LaTeX package (lasy symbols)
\symlasy=\mathgroup14
LaTeX Font Info:    Overwriting symbol font `lasy' in version `bold'
(Font)                  U/lasy/m/n --> U/lasy/b/n on input line 52.
)
(c:/texlive/2024/texmf-dist/tex/latex/amsmath/amscd.sty
Package: amscd 2017/04/14 v2.1 AMS Commutative Diagrams
\athelp@=\toks102
\minaw@=\dimen476
\bigaw@=\dimen477
\minCDarrowwidth=\dimen478
)
\c@qandacount=\count558
\c@cauhoicount=\count559
\c@ecbcount=\count560
\c@tkcount=\count561
\c@tcb@cnt@boxtk=\count562
\c@kdcount=\count563
\c@ltcount=\count564
)
(./Khaibao/Enumerate/EnumeVer1.tex
(c:/texlive/2024/texmf-dist/tex/latex/enumitem/enumitem.sty
Package: enumitem 2019/06/20 v3.9 Customized lists
\labelindent=\skip148
\enit@outerparindent=\dimen479
\enit@toks=\toks103
\enit@inbox=\box271
\enit@count@id=\count565
\enitdp@description=\count566
))
(./Khaibao/NEWCOMMAND/viettat.tex
(c:/texlive/2024/texmf-dist/tex/latex/multido/multido.sty
Package: multido 2004/05/17 package wrapper for PSTricks `multido.tex', (HV/RN)


(c:/texlive/2024/texmf-dist/tex/generic/multido/multido.tex
 v1.42, 2010/05/14 <tvz>
\multido@count=\count567
\multidocount=\count568
\multido@stuff=\toks104
)
File: multido.tex 2010/05/14 v1.42 `multido' (tvz,hv)
)
\c@gsnd=\count569
) (./Khaibao/NEWCOMMAND/newcommand.tex
\c@so=\count570
)
(./Khaibao/NEWCOMMAND/lenhbosung.tex
(c:/texlive/2024/texmf-dist/tex/latex/adjustbox/adjustbox.sty
Package: adjustbox 2022/10/17 v1.3a Adjusting TeX boxes (trim, clip, ...)

(c:/texlive/2024/texmf-dist/tex/latex/adjustbox/adjcalc.sty
Package: adjcalc 2012/05/16 v1.1 Provides advanced setlength with multiple back
-ends (calc, etex, pgfmath)
)
(c:/texlive/2024/texmf-dist/tex/latex/adjustbox/trimclip.sty
Package: trimclip 2020/08/19 v1.2 Trim and clip general TeX material

(c:/texlive/2024/texmf-dist/tex/latex/collectbox/collectbox.sty
Package: collectbox 2022/10/17 v0.4c Collect macro arguments as boxes
\collectedbox=\box272
)
\tc@llx=\dimen480
\tc@lly=\dimen481
\tc@urx=\dimen482
\tc@ury=\dimen483
Package trimclip Info: Using driver 'tc-pdftex.def'.

(c:/texlive/2024/texmf-dist/tex/latex/adjustbox/tc-pdftex.def
File: tc-pdftex.def 2019/01/04 v2.2 Clipping driver for pdftex
))
\adjbox@Width=\dimen484
\adjbox@Height=\dimen485
\adjbox@Depth=\dimen486
\adjbox@Totalheight=\dimen487
\adjbox@pwidth=\dimen488
\adjbox@pheight=\dimen489
\adjbox@pdepth=\dimen490
\adjbox@ptotalheight=\dimen491

(c:/texlive/2024/texmf-dist/tex/latex/ifoddpage/ifoddpage.sty
Package: ifoddpage 2022/10/18 v1.2 Conditionals for odd/even page detection
\c@checkoddpage=\count571
))
(c:/texlive/2024/texmf-dist/tex/latex/asymptote/asymptote.sty
Package: asymptote 2024/02/26 v1.38 Asymptote style file for LaTeX

(./Hoa11_C01_CBHH_2.pre)
\ASYbox=\box273
\ASYdimen=\dimen492
\c@asy=\count572
\AsyStream=\write133
\AsyPreStream=\write134

(c:/texlive/2024/texmf-dist/tex/generic/iftex/ifpdf.sty
Package: ifpdf 2019/10/25 v3.4 ifpdf legacy package. Use iftex instead.
)
(c:/texlive/2024/texmf-dist/tex/generic/catchfile/catchfile.sty
Package: catchfile 2019/12/09 v1.8 Catch the contents of a file (HO)
)
\openout4 = `Hoa11_C01_CBHH_2.pre'.

))
(./Khaibao/NEWCOMMAND/Bangdapan.tex
\c@itemcounth=\count573
)))
Package csquotes Info: Checking for multilingual support...
Package csquotes Info: ... none found.
Package translations Info: No language package found. I am going to use `englis
h' as default language. on input line 2.

Package chemmacros Info: You haven't chosen a formula method so I'm assuming
(chemmacros)             the default method `chemformula'.


(c:/texlive/2024/texmf-dist/tex/latex/chemformula/chemformula.sty
(c:/texlive/2024/texmf-dist/tex/latex/units/nicefrac.sty
Package: nicefrac 1998/08/04 v0.9b Nice fractions
\L@UnitsRaiseDisplaystyle=\skip149
\L@UnitsRaiseTextstyle=\skip150
\L@UnitsRaiseScriptstyle=\skip151
)
Package: chemformula 2022/01/23 v4.17 typeset chemical compounds and reactions 
(CN)
\l__chemformula_tmpa_dim=\dimen493
\l__chemformula_tmpb_dim=\dimen494
\l__chemformula_tmpc_dim=\dimen495
\l__chemformula_tmpa_int=\count574
\l__chemformula_tmpb_int=\count575
\l__chemformula_tmpc_int=\count576
\l__chemformula_tmpa_box=\box274
\l__chemformula_tmpb_box=\box275
\l__chemformula_arrow_length_dim=\dimen496
\l__chemformula_arrow_label_height_dim=\dimen497
\l__chemformula_arrow_label_offset_dim=\dimen498
\l__chemformula_arrow_minimum_length_dim=\dimen499
\l__chemformula_arrow_shortage_dim=\dimen500
\l__chemformula_arrow_offset_dim=\dimen501
\l__chemformula_arrow_yshift_dim=\dimen502
\l__chemformula_radical_radius_dim=\dimen503
\l__chemformula_radical_hshift_dim=\dimen504
\l__chemformula_radical_vshift_dim=\dimen505
\l__chemformula_radical_space_dim=\dimen506
\l__chemformula_arrow_head_dim=\dimen507
\l__chemformula_name_dim=\dimen508
\l__chemformula_adduct_space_dim=\dimen509
\l__chemformula_charge_shift_dim=\dimen510
\l__chemformula_subscript_shift_dim=\dimen511
\l__chemformula_superscript_shift_dim=\dimen512
\l__chemformula_subscript_dim=\dimen513
\l__chemformula_superscript_dim=\dimen514
\l__chemformula_bond_dim=\dimen515
\l__chemformula_bond_space_dim=\dimen516
\l__chemformula_elspec_pair_distance_dim=\dimen517
\l__chemformula_elspec_pair_line_length_dim=\dimen518
\l__chemformula_elspec_pair_width_dim=\dimen519
\l__chemformula_kroegervink_positive_radius_dim=\dimen520
\l__chemformula_kroegervink_positive_hshift_dim=\dimen521
\l__chemformula_kroegervink_positive_vshift_dim=\dimen522
\l__chemformula_kroegervink_positive_space_dim=\dimen523
\l__chemformula_stoich_space_skip=\skip152
\l__chemformula_math_space_skip=\skip153
\l__chemformula_additions_symbol_space_skip=\skip154
\l__chemformula_count_tokens_int=\count577
\g__chemformula_lewis_int=\count578
\l__chemformula_arrow_arg_i_box=\box276
\l__chemformula_arrow_arg_ii_box=\box277
\l__chemformula_superscript_box=\box278
\l__chemformula_subscript_box=\box279
\l__chemformula_plus_space_skip=\skip155
\l__chemformula_minus_space_skip=\skip156
)

Package chemmacros Info: Using float defining method `float'.

\@float@every@scheme=\toks105
\c@scheme=\count579
LaTeX Font Info:    Trying to load font information for T5+ptm on input line 2.


(c:/texlive/2024/texmf-dist/tex/latex/vntex/t5ptm.fd
File: t5utm.fd 2005/08/24 Fontinst v1.929 font definitions for T5/ptm.
) (./Hoa11_C01_CBHH_2.aux
<Reading QR code for "https://www.youtube.com/@hochoakhongkho" at level 3-M fro
m aux file.>

<Reading QR code for "https://zalo.me/g/ogytdc722" at level 3-Q from aux file.>

)
\openout1 = `Hoa11_C01_CBHH_2.aux'.

LaTeX Font Info:    Checking defaults for OML/cmm/m/it on input line 2.
LaTeX Font Info:    ... okay on input line 2.
LaTeX Font Info:    Checking defaults for OMS/cmsy/m/n on input line 2.
LaTeX Font Info:    ... okay on input line 2.
LaTeX Font Info:    Checking defaults for OT1/cmr/m/n on input line 2.
LaTeX Font Info:    ... okay on input line 2.
LaTeX Font Info:    Checking defaults for T1/cmr/m/n on input line 2.
LaTeX Font Info:    ... okay on input line 2.
LaTeX Font Info:    Checking defaults for TS1/cmr/m/n on input line 2.
LaTeX Font Info:    ... okay on input line 2.
LaTeX Font Info:    Checking defaults for OMX/cmex/m/n on input line 2.
LaTeX Font Info:    ... okay on input line 2.
LaTeX Font Info:    Checking defaults for U/cmr/m/n on input line 2.
LaTeX Font Info:    ... okay on input line 2.
LaTeX Font Info:    Checking defaults for PD1/pdf/m/n on input line 2.
LaTeX Font Info:    ... okay on input line 2.
LaTeX Font Info:    Checking defaults for PU/pdf/m/n on input line 2.
LaTeX Font Info:    ... okay on input line 2.
LaTeX Font Info:    Checking defaults for T5/cmr/m/n on input line 2.
LaTeX Font Info:    ... okay on input line 2.
 (c:/texlive/2024/texmf-dist/tex/context/base/mkii/supp-pdf.mkii
[Loading MPS to PDF converter (version 2006.09.02).]
\scratchcounter=\count580
\scratchdimen=\dimen524
\scratchbox=\box280
\nofMPsegments=\count581
\nofMParguments=\count582
\everyMPshowfont=\toks106
\MPscratchCnt=\count583
\MPscratchDim=\dimen525
\MPnumerator=\count584
\makeMPintoPDFobject=\count585
\everyMPtoPDFconversion=\toks107
) (c:/texlive/2024/texmf-dist/tex/latex/epstopdf-pkg/epstopdf-base.sty
Package: epstopdf-base 2020-01-24 v2.11 Base part for package epstopdf
Package epstopdf-base Info: Redefining graphics rule for `.eps' on input line 4
85.

(c:/texlive/2024/texmf-dist/tex/latex/latexconfig/epstopdf-sys.cfg
File: epstopdf-sys.cfg 2010/07/13 v1.3 Configuration of (r)epstopdf for TeX Liv
e
))
Package hyperref Info: Link coloring ON on input line 2.

(./Hoa11_C01_CBHH_2.out) (./Hoa11_C01_CBHH_2.out)
\@outlinefile=\write135
\openout4 = `Hoa11_C01_CBHH_2.out'.


(c:/texlive/2024/texmf-dist/tex/latex/pdflscape/pdflscape.sty
Package: pdflscape 2022-10-27 v0.13 Display of landscape pages in PDF

(c:/texlive/2024/texmf-dist/tex/latex/pdflscape/pdflscape-nometadata.sty
Package: pdflscape-nometadata 2022-10-28 v0.13 Display of landscape pages in PD
F (HO)

(c:/texlive/2024/texmf-dist/tex/latex/graphics/lscape.sty
Package: lscape 2020/05/28 v3.02 Landscape Pages (DPC)
)
Package pdflscape Info: Auto-detected driver: pdftex on input line 81.
))
Package pgfplots notification 'compat/show suggested version=true': document ha
s been generated with the most recent feature set (\pgfplotsset{compat=1.18}).

*geometry* driver: auto-detecting
*geometry* detected driver: pdftex
*geometry* verbose mode - [ preamble ] result:
* driver: pdftex
* paper: a4paper
* layout: <same size as paper>
* layoutoffset:(h,v)=(0.0pt,0.0pt)
* modes: twoside 
* h-part:(L,W,R)=(56.9055pt, 512.14963pt, 28.45274pt)
* v-part:(T,H,B)=(49.79231pt, 745.46222pt, 49.79231pt)
* \paperwidth=597.50787pt
* \paperheight=845.04684pt
* \textwidth=512.14963pt
* \textheight=745.46222pt
* \oddsidemargin=-15.36449pt
* \evensidemargin=-43.81725pt
* \topmargin=-54.35147pt
* \headheight=12.0pt
* \headsep=19.8738pt
* \topskip=12.0pt
* \footskip=30.0pt
* \marginparwidth=98.0pt
* \marginparsep=7.0pt
* \columnsep=28.45274pt
* \skip\footins=10.8pt plus 4.0pt minus 2.0pt
* \hoffset=0.0pt
* \voffset=0.0pt
* \mag=1000
* \@twocolumnfalse
* \@twosidetrue
* \@mparswitchtrue
* \@reversemarginfalse
* (1in=72.27pt=25.4mm, 1cm=28.453pt)

LaTeX Info: Redefining \microtypecontext on input line 2.
Package microtype Info: Applying patch `item' on input line 2.
Package microtype Info: Applying patch `toc' on input line 2.
Package microtype Info: Applying patch `eqnum' on input line 2.

Package microtype Warning: Unable to apply patch `footnote' on input line 2.

Package microtype Info: Applying patch `verbatim' on input line 2.
Package microtype Info: Generating PDF output.
Package microtype Info: Character protrusion enabled (level 2).
Package microtype Info: Using default protrusion set `alltext'.
Package microtype Info: Automatic font expansion enabled (level 2),
(microtype)             stretch: 20, shrink: 20, step: 1, non-selected.
Package microtype Info: Using default expansion set `alltext-nott'.
LaTeX Info: Redefining \showhyphens on input line 2.
Package microtype Info: No adjustment of tracking.
Package microtype Info: No adjustment of interword spacing.
Package microtype Info: No adjustment of character kerning.
(c:/texlive/2024/texmf-dist/tex/latex/microtype/mt-ptm.cfg
File: mt-ptm.cfg 2006/04/20 v1.7 microtype config. file: Times (RS)
)

Package microtype Warning: I cannot find a protrusion list for font
(microtype)                `T5/ptm/m/n/12'. Switching off
(microtype)                protrusion for this font on input line 2.

Package caption Info: Begin \AtBeginDocument code.
Package caption Info: float package is loaded.
Package caption Info: listings package is loaded.
Package caption Info: longtable package is loaded.
(c:/texlive/2024/texmf-dist/tex/latex/caption/ltcaption.sty
Package: ltcaption 2021/01/08 v1.4c longtable captions (AR)
)
Package caption Info: picinpar package is loaded.
Package caption Info: wrapfig package is loaded.
Package caption Info: End \AtBeginDocument code.

(c:/texlive/2024/texmf-dist/tex/latex/translations/translations-basic-dictionar
y-english.trsl
File: translations-basic-dictionary-english.trsl (english translation file `tra
nslations-basic-dictionary')
)
Package translations Info: loading dictionary `translations-basic-dictionary' f
or `english'. on input line 2.

Package chemgreek Info: Activating mapping `default' on line 2.

\c@lstlisting=\count586


Package chemmacros Warning: You haven't loaded any package for upright Greek
(chemmacros)                letters or no unique choice was possible. Either
(chemmacros)                load one of packages specified in the manual or
(chemmacros)                select a chemgreek mapping manually.

(c:/texlive/2024/texmf-dist/tex/latex/elements/elements_names_english.def)

Package microtype Warning: I cannot find a protrusion list for font
(microtype)                `T5/ptm/b/n/12'. Switching off
(microtype)                protrusion for this font on input line 5.


Package microtype Warning: I cannot find a protrusion list for font
(microtype)                `T5/phv/b/n/50'. Switching off
(microtype)                protrusion for this font on input line 5.


Package microtype Warning: I cannot find a protrusion list for font
(microtype)                `T5/ugq/b/n/50'. Switching off
(microtype)                protrusion for this font on input line 5.


Package microtype Warning: I cannot find a protrusion list for font
(microtype)                `T5/phv/b/n/35'. Switching off
(microtype)                protrusion for this font on input line 5.

<Images/Trangtri/binhtamgiac.png, id=127, 150.5625pt x 150.5625pt>
File: Images/Trangtri/binhtamgiac.png Graphic file (type png)
<use Images/Trangtri/binhtamgiac.png>
Package pdftex.def Info: Images/Trangtri/binhtamgiac.png  used on input line 5.

(pdftex.def)             Requested size: 142.26378pt x 142.27771pt.
<Images/Trangtri/Atom.png, id=129, 150.5625pt x 150.5625pt>
File: Images/Trangtri/Atom.png Graphic file (type png)
<use Images/Trangtri/Atom.png>
Package pdftex.def Info: Images/Trangtri/Atom.png  used on input line 5.
(pdftex.def)             Requested size: 142.26378pt x 142.27771pt.
LaTeX Font Info:    Trying to load font information for T5+cmss on input line 5
.
(c:/texlive/2024/texmf-dist/tex/latex/vntex/t5cmss.fd
File: t5cmss.fd 1999/05/25 v2.5h Standard LaTeX font definitions
)

Package microtype Warning: I cannot find a protrusion list for font
(microtype)                `T5/cmss/bx/n/12'. Switching off
(microtype)                protrusion for this font on input line 5.

LaTeX Font Info:    Trying to load font information for U+fontawesometwo on inp
ut line 5.
(c:/texlive/2024/texmf-dist/tex/latex/fontawesome/ufontawesometwo.fd
File: ufontawesometwo.fd 2016/05/22 Font definitions for U/fontawesometwo.
)

LaTeX Font Warning: Font shape `U/fontawesometwo/bx/n' undefined
(Font)              using `U/fontawesometwo/m/n' instead on input line 5.

LaTeX Font Info:    Trying to load font information for U+fontawesomethree on i
nput line 5.
(c:/texlive/2024/texmf-dist/tex/latex/fontawesome/ufontawesomethree.fd
File: ufontawesomethree.fd 2016/05/22 Font definitions for U/fontawesomethree.
)

LaTeX Font Warning: Font shape `U/fontawesomethree/bx/n' undefined
(Font)              using `U/fontawesomethree/m/n' instead on input line 5.




<QR code requested for "https://www.youtube.com/@hochoakhongkho" in version 0-M
.>

<Copying the QR code for "https://www.youtube.com/@hochoakhongkho" in version 3
-M as previously calculated.>
LaTeX Font Info:    Trying to load font information for OT1+ptmcm on input line
 5.
(c:/texlive/2024/texmf-dist/tex/latex/psnfss/ot1ptmcm.fd
File: ot1ptmcm.fd 2000/01/03 Fontinst v1.801 font definitions for OT1/ptmcm.
)
Package microtype Info: Loading generic protrusion settings for font family
(microtype)             `ptmcm' (encoding: OT1).
(microtype)             For optimal results, create family-specific settings.
(microtype)             See the microtype manual for details.
LaTeX Font Info:    Trying to load font information for OML+ptmcm on input line
 5.

(c:/texlive/2024/texmf-dist/tex/latex/psnfss/omlptmcm.fd
File: omlptmcm.fd 2000/01/03 Fontinst v1.801 font definitions for OML/ptmcm.
)
LaTeX Font Info:    Trying to load font information for OMS+pzccm on input line
 5.

(c:/texlive/2024/texmf-dist/tex/latex/psnfss/omspzccm.fd
File: omspzccm.fd 2000/01/03 Fontinst v1.801 font definitions for OMS/pzccm.
)
LaTeX Font Info:    Trying to load font information for OMX+psycm on input line
 5.

(c:/texlive/2024/texmf-dist/tex/latex/psnfss/omxpsycm.fd
File: omxpsycm.fd 2000/01/03 Fontinst v1.801 font definitions for OMX/psycm.
)
LaTeX Font Info:    Trying to load font information for OMX+yhex on input line 
5.

(c:/texlive/2024/texmf-dist/tex/latex/yhmath/OMXyhex.fd
File: OMXyhex.fd 
File: OMXyhex.fd 2013/07/03 v1.1 YH's humble contribution to TeX maths (NP)
)
LaTeX Font Info:    Trying to load font information for U+msa on input line 5.

(c:/texlive/2024/texmf-dist/tex/latex/amsfonts/umsa.fd
File: umsa.fd 2013/01/14 v3.01 AMS symbols A
)
(c:/texlive/2024/texmf-dist/tex/latex/microtype/mt-msa.cfg
File: mt-msa.cfg 2006/02/04 v1.1 microtype config. file: AMS symbols (a) (RS)
)
LaTeX Font Info:    Trying to load font information for U+msb on input line 5.

(c:/texlive/2024/texmf-dist/tex/latex/amsfonts/umsb.fd
File: umsb.fd 2013/01/14 v3.01 AMS symbols B
)
(c:/texlive/2024/texmf-dist/tex/latex/microtype/mt-msb.cfg
File: mt-msb.cfg 2005/06/01 v1.0 microtype config. file: AMS symbols (b) (RS)
)
LaTeX Font Info:    Trying to load font information for U+rsfs on input line 5.


(c:/texlive/2024/texmf-dist/tex/latex/jknapltx/ursfs.fd
File: ursfs.fd 1998/03/24 rsfs font definition file (jk)
)
(c:/texlive/2024/texmf-dist/tex/latex/microtype/mt-cmr.cfg
File: mt-cmr.cfg 2013/05/19 v2.2 microtype config. file: Computer Modern Roman 
(RS)
)
LaTeX Font Info:    Trying to load font information for OT1+ptm on input line 5
.

(c:/texlive/2024/texmf-dist/tex/latex/psnfss/ot1ptm.fd
File: ot1ptm.fd 2001/06/04 font definitions for OT1/ptm.
)
LaTeX Font Info:    Font shape `OT1/ptm/bx/n' in size <12> not available
(Font)              Font shape `OT1/ptm/b/n' tried instead on input line 5.
LaTeX Font Info:    Font shape `OT1/ptm/bx/n' in size <9> not available
(Font)              Font shape `OT1/ptm/b/n' tried instead on input line 5.
LaTeX Font Info:    Font shape `OT1/ptm/bx/n' in size <7> not available
(Font)              Font shape `OT1/ptm/b/n' tried instead on input line 5.
LaTeX Font Info:    Trying to load font information for U+txsyc on input line 5
.

(c:/texlive/2024/texmf-dist/tex/latex/txfonts/utxsyc.fd
File: utxsyc.fd 2000/12/15 v3.1
)
LaTeX Font Info:    Trying to load font information for U+lasy on input line 5.


(c:/texlive/2024/texmf-dist/tex/latex/base/ulasy.fd
File: ulasy.fd 1998/08/17 v2.2e LaTeX symbol font definitions
)
LaTeX Font Info:    Trying to load font information for T5+put on input line 5.


(c:/texlive/2024/texmf-dist/tex/latex/vntex/t5put.fd
File: t5put.fd 2006/07/30 Fontinst v1.927 font definitions for T5/put.
)

Package microtype Warning: I cannot find a protrusion list for font
(microtype)                `T5/put/b/n/12'. Switching off
(microtype)                protrusion for this font on input line 5.

\openout4 = `Hoa11_C01_CBHH_2.mw'.

[1
Non-PDF special ignored!
<special> header=psfrag.pro
{c:/texlive/2024/texmf-var/fonts/map/pdftex/updmap/pdftex.map}{c:/texlive/2024/
texmf-dist/fonts/enc/dvips/fontawesome/fontawesometwo.enc}{c:/texlive/2024/texm
f-dist/fonts/enc/dvips/fontawesome/fontawesomethree.enc}{c:/texlive/2024/texmf-
dist/fonts/enc/dvips/vntex/t5.enc}


 <./Images/Trangtri/binhtamgiac.png> <./Images/Trangtri/Atom.png>] (./Hoa11_C01
_CBHH_2.mw)
\openout4 = `Hoa11_C01_CBHH_2.mw'.

\openout4 = `Hoa11_C01_CBHH_2.mw'.

\openout4 = `Hoa11_C01_CBHH_2.mw'.


Ch\uhorn \ohorn ng 1.

Package microtype Warning: I cannot find a protrusion list for font
(microtype)                `T5/ptm/m/n/14.4'. Switching off
(microtype)                protrusion for this font on input line 6.


Package microtype Warning: I cannot find a protrusion list for font
(microtype)                `T5/ptm/b/n/14.4'. Switching off
(microtype)                protrusion for this font on input line 6.

LaTeX Font Info:    Trying to load font information for T5+qag on input line 6.

(c:/texlive/2024/texmf-dist/tex/latex/tex-gyre/t5qag.fd
File: t5qag.fd 2009/09/25 v1.2 font definition file for T5/qag
)

Package microtype Warning: I cannot find a protrusion list for font
(microtype)                `T5/qag/b/n/14.4'. Switching off
(microtype)                protrusion for this font on input line 6.

(./DuLieu/Lop_11/C01B01_KNCBHH.tex

Package microtype Warning: I cannot find a protrusion list for font
(microtype)                `T5/cmss/bx/n/26'. Switching off
(microtype)                protrusion for this font on input line 1.

LaTeX Font Info:    Trying to load font information for TS1+cmss on input line 
1.
(c:/texlive/2024/texmf-dist/tex/latex/base/ts1cmss.fd
File: ts1cmss.fd 2023/04/13 v2.5m Standard LaTeX font definitions
)

LaTeX Font Warning: Font shape `TS1/cmss/bx/n' in size <26> not available
(Font)              size <24.88> substituted on input line 1.

Package microtype Info: Loading generic protrusion settings for font family
(microtype)             `cmss' (encoding: TS1).
(microtype)             For optimal results, create family-specific settings.
(microtype)             See the microtype manual for details.

Package microtype Warning: I cannot find a protrusion list for font
(microtype)                `T5/cmss/bx/n/14.4'. Switching off
(microtype)                protrusion for this font on input line 2.


Package microtype Warning: I cannot find a protrusion list for font
(microtype)                `T5/ptm/m/n/10.95'. Switching off
(microtype)                protrusion for this font on input line 2.


Package microtype Warning: I cannot find a protrusion list for font
(microtype)                `T5/ptm/m/it/10.95'. Switching off
(microtype)                protrusion for this font on input line 2.

LaTeX Font Info:    Font shape `OT1/ptm/bx/n' in size <10.95> not available
(Font)              Font shape `OT1/ptm/b/n' tried instead on input line 5.
LaTeX Font Info:    Font shape `OT1/ptm/bx/n' in size <8> not available
(Font)              Font shape `OT1/ptm/b/n' tried instead on input line 5.
LaTeX Font Info:    Font shape `OT1/ptm/bx/n' in size <6> not available
(Font)              Font shape `OT1/ptm/b/n' tried instead on input line 5.

Package microtype Warning: I cannot find a protrusion list for font
(microtype)                `T5/qag/b/n/12'. Switching off
(microtype)                protrusion for this font on input line 16.


Package microtype Warning: I cannot find a protrusion list for font
(microtype)                `T5/ptm/b/it/10.95'. Switching off
(microtype)                protrusion for this font on input line 20.


LaTeX Font Warning: Font shape `T5/cmss/bx/it' undefined
(Font)              using `T5/cmss/bx/n' instead on input line 20.


Package microtype Warning: I cannot find a protrusion list for font
(microtype)                `T5/cmss/bx/n/10.95'. Switching off
(microtype)                protrusion for this font on input line 20.


Package microtype Warning: I cannot find a protrusion list for font
(microtype)                `T5/ptm/m/it/8'. Switching off
(microtype)                protrusion for this font on input line 21.

LaTeX Font Info:    Font shape `OT1/ptm/bx/n' in size <5> not available
(Font)              Font shape `OT1/ptm/b/n' tried instead on input line 21.
Missing character: There is no i in font nullfont!
Missing character: There is no n in font nullfont!
Missing character: There is no t in font nullfont!
Missing character: There is no e in font nullfont!
Missing character: There is no r in font nullfont!
Missing character: There is no i in font nullfont!
Missing character: There is no o in font nullfont!
Missing character: There is no r in font nullfont!
Missing character: There is no c in font nullfont!
Missing character: There is no o in font nullfont!
Missing character: There is no d in font nullfont!
Missing character: There is no e in font nullfont!
Missing character: There is no = in font nullfont!

Package microtype Warning: I cannot find a protrusion list for font
(microtype)                `T5/cmss/bx/it/10.95'. Switching off
(microtype)                protrusion for this font on input line 33.


Package microtype Warning: I cannot find a protrusion list for font
(microtype)                `T5/ptm/m/it/6'. Switching off
(microtype)                protrusion for this font on input line 35.


Package microtype Warning: I cannot find a protrusion list for font
(microtype)                `T5/cmss/m/n/10.95'. Switching off
(microtype)                protrusion for this font on input line 37.



<QR code requested for "https://zalo.me/g/ogytdc722" in version 0-M.>
<Error-correction level increased from M to Q at no cost.>

<Copying the QR code for "https://zalo.me/g/ogytdc722" in version 3-Q as previo
usly calculated.>
\openout4 = `Hoa11_C01_CBHH_2.mw'.

[2

{c:/texlive/2024/texmf-dist/fonts/enc/dvips/tex-gyre/q-t5.enc}{c:/texlive/2024/
texmf-dist/fonts/enc/dvips/cm-super/cm-super-ts1.enc}{c:/texlive/2024/texmf-dis
t/fonts/enc/dvips/base/8r.enc}] (./Hoa11_C01_CBHH_2.mw)
\openout4 = `Hoa11_C01_CBHH_2.mw'.

\openout4 = `Hoa11_C01_CBHH_2.mw'.

\openout4 = `Hoa11_C01_CBHH_2.mw'.

\openout4 = `Hoa11_C01_CBHH_2.mw'.

\openout4 = `Hoa11_C01_CBHH_2.mw'.

\openout4 = `Hoa11_C01_CBHH_2.mw'.

\openout4 = `Hoa11_C01_CBHH_2.mw'.


Missing character: There is no i in font nullfont!
Missing character: There is no n in font nullfont!
Missing character: There is no t in font nullfont!
Missing character: There is no e in font nullfont!
Missing character: There is no r in font nullfont!
Missing character: There is no i in font nullfont!
Missing character: There is no o in font nullfont!
Missing character: There is no r in font nullfont!
Missing character: There is no c in font nullfont!
Missing character: There is no o in font nullfont!
Missing character: There is no d in font nullfont!
Missing character: There is no e in font nullfont!
Missing character: There is no = in font nullfont!

Package microtype Warning: I cannot find a protrusion list for font
(microtype)                `T5/ptm/m/n/8'. Switching off
(microtype)                protrusion for this font on input line 43.

LaTeX Font Info:    Freeze math alphabet allocation in version normal.
(Font)              Allocated math groups: 15 (local: 2) on input line 62.
LaTeX Font Info:    Trying to load font information for T1+qag on input line 62
.
(c:/texlive/2024/texmf-dist/tex/latex/tex-gyre/t1qag.fd
File: t1qag.fd 2009/09/25 v1.2 font definition file for T1/qag
)
Package microtype Info: Loading generic protrusion settings for font family
(microtype)             `qag' (encoding: T1).
(microtype)             For optimal results, create family-specific settings.
(microtype)             See the microtype manual for details.
LaTeX Font Info:    Undo math alphabet allocation in version normal on input li
ne 62.
LaTeX Font Info:    Undo math alphabet allocation in version normal on input li
ne 62.
LaTeX Font Info:    No math alphabet change to frozen version normal on input l
ine 62.
LaTeX Font Info:    No math alphabet change to frozen version normal on input l
ine 62.
LaTeX Font Info:    No math alphabet change to frozen version normal on input l
ine 62.
LaTeX Font Info:    No math alphabet change to frozen version normal on input l
ine 62.
LaTeX Font Info:    No math alphabet change to frozen version normal on input l
ine 62.
LaTeX Font Info:    No math alphabet change to frozen version normal on input l
ine 62.
LaTeX Font Info:    No math alphabet change to frozen version normal on input l
ine 62.
LaTeX Font Info:    Undo math alphabet allocation in version normal on input li
ne 64.
LaTeX Font Info:    Undo math alphabet allocation in version normal on input li
ne 64.
LaTeX Font Info:    No math alphabet change to frozen version normal on input l
ine 64.
LaTeX Font Info:    No math alphabet change to frozen version normal on input l
ine 64.
LaTeX Font Info:    No math alphabet change to frozen version normal on input l
ine 64.
LaTeX Font Info:    No math alphabet change to frozen version normal on input l
ine 64.
LaTeX Font Info:    No math alphabet change to frozen version normal on input l
ine 64.
LaTeX Font Info:    No math alphabet change to frozen version normal on input l
ine 64.
LaTeX Font Info:    No math alphabet change to frozen version normal on input l
ine 64.

Underfull \hbox (badness 1152) in paragraph at lines 66--66
[]|\T5/ptm/b/n/12 (+20) Sau m�t kho�ng th�i
 []

LaTeX Font Info:    No math alphabet change to frozen version normal on input l
ine 66.
LaTeX Font Info:    No math alphabet change to frozen version normal on input l
ine 66.
LaTeX Font Info:    No math alphabet change to frozen version normal on input l
ine 66.
LaTeX Font Info:    No math alphabet change to frozen version normal on input l
ine 66.
LaTeX Font Info:    No math alphabet change to frozen version normal on input l
ine 66.
<Images/Icons/Icon3dhoidap.png, id=173, 150.5625pt x 150.5625pt>
File: Images/Icons/Icon3dhoidap.png Graphic file (type png)
<use Images/Icons/Icon3dhoidap.png>
Package pdftex.def Info: Images/Icons/Icon3dhoidap.png  used on input line 71.
(pdftex.def)             Requested size: 17.07182pt x 17.07195pt.
Missing character: There is no ; in font nullfont!

Package microtype Warning: I cannot find a protrusion list for font
(microtype)                `T5/ptm/b/n/8'. Switching off
(microtype)                protrusion for this font on input line 80.


Package microtype Warning: I cannot find a protrusion list for font
(microtype)                `T5/cmss/bx/n/8'. Switching off
(microtype)                protrusion for this font on input line 80.

LaTeX Font Info:    No math alphabet change to frozen version normal on input l
ine 82.
LaTeX Font Info:    No math alphabet change to frozen version normal on input l
ine 84.
LaTeX Font Info:    No math alphabet change to frozen version normal on input l
ine 84.

Package caption Warning: The option `hypcap=true' will be ignored for this
(caption)                particular \caption on input line 86.
See the caption package documentation for explanation.


Package microtype Warning: I cannot find a protrusion list for font
(microtype)                `T5/ptm/b/n/10.95'. Switching off
(microtype)                protrusion for this font on input line 86.

Missing character: There is no ; in font nullfont!

Package microtype Warning: I cannot find a protrusion list for font
(microtype)                `T5/ptm/m/n/17.28'. Switching off
(microtype)                protrusion for this font on input line 100.

LaTeX Font Info:    Font shape `OT1/ptm/bx/n' in size <17.28> not available
(Font)              Font shape `OT1/ptm/b/n' tried instead on input line 100.
LaTeX Font Info:    Font shape `OT1/ptm/bx/n' in size <10> not available
(Font)              Font shape `OT1/ptm/b/n' tried instead on input line 100.
LaTeX Font Info:    Undo math alphabet allocation in version normal on input li
ne 100.

Package caption Warning: The option `hypcap=true' will be ignored for this
(caption)                particular \caption on input line 102.
See the caption package documentation for explanation.

LaTeX Font Info:    No math alphabet change to frozen version normal on input l
ine 103.
LaTeX Font Info:    No math alphabet change to frozen version normal on input l
ine 106.
LaTeX Font Info:    No math alphabet change to frozen version normal on input l
ine 106.
LaTeX Font Info:    No math alphabet change to frozen version normal on input l
ine 106.
LaTeX Font Info:    No math alphabet change to frozen version normal on input l
ine 106.

Package microtype Warning: I cannot find a protrusion list for font
(microtype)                `T5/ptm/m/n/20.74'. Switching off
(microtype)                protrusion for this font on input line 108.

LaTeX Font Info:    Trying to load font information for T5+fmm on input line 10
8.
(c:/texlive/2024/texmf-dist/tex/latex/miama/t5fmm.fd
File: t5fmm.fd 
)
LaTeX Font Info:    Font shape `T5/fmm/m/n' will be
(Font)              scaled to size 10.37pt on input line 108.


Package microtype Warning: I cannot find a protrusion list for font
(microtype)                `T5/fmm/m/n/20.74'. Switching off
(microtype)                protrusion for this font on input line 108.

LaTeX Font Info:    Font shape `T5/fmm/b/n' in size <20.74> not available
(Font)              Font shape `T5/fmm/m/n' tried instead on input line 108.
LaTeX Font Info:    Font shape `T5/fmm/m/n' will be
(Font)              scaled to size 10.37pt on input line 108.

Package microtype Warning: I cannot find a protrusion list for font
(microtype)                `T5/fmm/m/n/20.74'. Switching off
(microtype)                protrusion for this font on input line 108.

LaTeX Font Info:    Font shape `T5/fmm/m/it' in size <20.74> not available
(Font)              Font shape `T5/fmm/m/n' tried instead on input line 108.
LaTeX Font Info:    Font shape `T5/fmm/m/n' will be
(Font)              scaled to size 10.37pt on input line 108.

Package microtype Warning: I cannot find a protrusion list for font
(microtype)                `T5/fmm/m/n/20.74'. Switching off
(microtype)                protrusion for this font on input line 108.


Package fancyhdr Warning: \headheight is too small (12.0pt): 
(fancyhdr)                Make it at least 31.99992pt, for example:
(fancyhdr)                \setlength{\headheight}{31.99992pt}.
(fancyhdr)                You might also make \topmargin smaller to compensate:

(fancyhdr)                \addtolength{\topmargin}{-19.99992pt}.




<QR code requested for "https://www.youtube.com/@hochoakhongkho" in version 0-M
.>

<Copying the QR code for "https://www.youtube.com/@hochoakhongkho" in version 3
-M as previously calculated.>
LaTeX Font Info:    No math alphabet change to frozen version normal on input l
ine 108.
\openout4 = `Hoa11_C01_CBHH_2.mw'.

[3{c:/texlive/2024/texmf-dist/fonts/enc/dvips/miama/t5-miama.enc}
pdfTeX warning (ext4): destination with the same identifier (name{equation.1.1.
1a}) has been already used, duplicate ignored

\__morewrites_shipout_ii: ...rewrites_shipout_box 
                                                  \__morewrites_after_shipout: 
l.108 	\end{equation}
                     {c:/texlive/2024/texmf-dist/fonts/enc/dvips/tex-gyre/q-ec.
enc} <./Images/Icons/Icon3dhoidap.png>] (./Hoa11_C01_CBHH_2.mw)
\openout4 = `Hoa11_C01_CBHH_2.mw'.

LaTeX Font Info:    No math alphabet change to frozen version normal on input l
ine 108.
LaTeX Font Info:    No math alphabet change to frozen version normal on input l
ine 108.
LaTeX Font Info:    No math alphabet change to frozen version normal on input l
ine 112.
LaTeX Font Info:    No math alphabet change to frozen version normal on input l
ine 112.
LaTeX Font Info:    No math alphabet change to frozen version normal on input l
ine 112.
LaTeX Font Info:    No math alphabet change to frozen version normal on input l
ine 112.
LaTeX Font Info:    No math alphabet change to frozen version normal on input l
ine 112.
LaTeX Font Info:    No math alphabet change to frozen version normal on input l
ine 112.
LaTeX Font Info:    No math alphabet change to frozen version normal on input l
ine 113.
LaTeX Font Info:    No math alphabet change to frozen version normal on input l
ine 113.
LaTeX Font Info:    No math alphabet change to frozen version normal on input l
ine 113.
LaTeX Font Info:    No math alphabet change to frozen version normal on input l
ine 113.


Package microtype Warning: I cannot find a protrusion list for font
(microtype)                `T5/ptm/m/n/9'. Switching off
(microtype)                protrusion for this font on input line 114.


Package microtype Warning: I cannot find a protrusion list for font
(microtype)                `T5/ptm/m/n/7'. Switching off
(microtype)                protrusion for this font on input line 114.

LaTeX Font Info:    No math alphabet change to frozen version normal on input l
ine 114.
LaTeX Font Info:    No math alphabet change to frozen version normal on input l
ine 115.
LaTeX Font Info:    No math alphabet change to frozen version normal on input l
ine 115.

Package microtype Warning: I cannot find a protrusion list for font
(microtype)                `T5/put/b/n/10.95'. Switching off
(microtype)                protrusion for this font on input line 120.

LaTeX Font Info:    No math alphabet change to frozen version normal on input l
ine 121.
LaTeX Font Info:    No math alphabet change to frozen version normal on input l
ine 128.
LaTeX Font Info:    No math alphabet change to frozen version normal on input l
ine 128.
LaTeX Font Info:    No math alphabet change to frozen version normal on input l
ine 128.
LaTeX Font Info:    No math alphabet change to frozen version normal on input l
ine 128.
LaTeX Font Info:    No math alphabet change to frozen version normal on input l
ine 128.
LaTeX Font Info:    No math alphabet change to frozen version normal on input l
ine 128.
LaTeX Font Info:    No math alphabet change to frozen version normal on input l
ine 129.
LaTeX Font Info:    No math alphabet change to frozen version normal on input l
ine 130.
LaTeX Font Info:    No math alphabet change to frozen version normal on input l
ine 130.
LaTeX Font Info:    No math alphabet change to frozen version normal on input l
ine 130.
LaTeX Font Info:    No math alphabet change to frozen version normal on input l
ine 130.
LaTeX Font Info:    No math alphabet change to frozen version normal on input l
ine 131.
LaTeX Font Info:    No math alphabet change to frozen version normal on input l
ine 131.
LaTeX Font Info:    No math alphabet change to frozen version normal on input l
ine 132.
LaTeX Font Info:    No math alphabet change to frozen version normal on input l
ine 132.
LaTeX Font Info:    No math alphabet change to frozen version normal on input l
ine 133.
LaTeX Font Info:    No math alphabet change to frozen version normal on input l
ine 133.
LaTeX Font Info:    No math alphabet change to frozen version normal on input l
ine 133.

Package microtype Warning: I cannot find a protrusion list for font
(microtype)                `T5/ptm/m/n/10'. Switching off
(microtype)                protrusion for this font on input line 134.

LaTeX Font Info:    Font shape `OT1/ptm/bx/n' in size <7.4> not available
(Font)              Font shape `OT1/ptm/b/n' tried instead on input line 134.

Package microtype Warning: I cannot find a protrusion list for font
(microtype)                `T5/ptm/m/n/7.4'. Switching off
(microtype)                protrusion for this font on input line 134.

LaTeX Font Info:    No math alphabet change to frozen version normal on input l
ine 134.
LaTeX Font Info:    No math alphabet change to frozen version normal on input l
ine 134.
LaTeX Font Info:    No math alphabet change to frozen version normal on input l
ine 135.
LaTeX Font Info:    No math alphabet change to frozen version normal on input l
ine 135.
LaTeX Font Info:    Trying to load font information for U+fontawesomeone on inp
ut line 138.
(c:/texlive/2024/texmf-dist/tex/latex/fontawesome/ufontawesomeone.fd
File: ufontawesomeone.fd 2016/05/22 Font definitions for U/fontawesomeone.
)

LaTeX Font Warning: Font shape `U/fontawesomeone/b/n' undefined
(Font)              using `U/fontawesomeone/m/n' instead on input line 138.

LaTeX Font Info:    No math alphabet change to frozen version normal on input l
ine 143.
LaTeX Font Info:    No math alphabet change to frozen version normal on input l
ine 144.
LaTeX Font Info:    No math alphabet change to frozen version normal on input l
ine 144.
LaTeX Font Info:    No math alphabet change to frozen version normal on input l
ine 144.
LaTeX Font Info:    No math alphabet change to frozen version normal on input l
ine 144.
LaTeX Font Info:    No math alphabet change to frozen version normal on input l
ine 145.
LaTeX Font Info:    No math alphabet change to frozen version normal on input l
ine 146.
LaTeX Font Info:    No math alphabet change to frozen version normal on input l
ine 146.
LaTeX Font Info:    No math alphabet change to frozen version normal on input l
ine 147.
LaTeX Font Info:    No math alphabet change to frozen version normal on input l
ine 147.
LaTeX Font Info:    No math alphabet change to frozen version normal on input l
ine 147.
LaTeX Font Info:    No math alphabet change to frozen version normal on input l
ine 147.
LaTeX Font Info:    No math alphabet change to frozen version normal on input l
ine 148.
LaTeX Font Info:    No math alphabet change to frozen version normal on input l
ine 149.
LaTeX Font Info:    No math alphabet change to frozen version normal on input l
ine 149.
LaTeX Font Info:    No math alphabet change to frozen version normal on input l
ine 150.
Missing character: There is no i in font nullfont!
Missing character: There is no n in font nullfont!
Missing character: There is no t in font nullfont!
Missing character: There is no e in font nullfont!
Missing character: There is no r in font nullfont!
Missing character: There is no i in font nullfont!
Missing character: There is no o in font nullfont!
Missing character: There is no r in font nullfont!
Missing character: There is no c in font nullfont!
Missing character: There is no o in font nullfont!
Missing character: There is no d in font nullfont!
Missing character: There is no e in font nullfont!
Missing character: There is no = in font nullfont!

Package fancyhdr Warning: \headheight is too small (12.0pt): 
(fancyhdr)                Make it at least 31.99992pt, for example:
(fancyhdr)                \setlength{\headheight}{31.99992pt}.
(fancyhdr)                You might also make \topmargin smaller to compensate:

(fancyhdr)                \addtolength{\topmargin}{-19.99992pt}.



<QR code requested for "https://zalo.me/g/ogytdc722" in version 0-M.>
<Error-correction level increased from M to Q at no cost.>

<Copying the QR code for "https://zalo.me/g/ogytdc722" in version 3-Q as previo
usly calculated.>
LaTeX Font Info:    No math alphabet change to frozen version normal on input l
ine 151.
\openout4 = `Hoa11_C01_CBHH_2.mw'.

[4{c:/texlive/2024/texmf-dist/fonts/enc/dvips/fontawesome/fontawesomeone.enc}]
(./Hoa11_C01_CBHH_2.mw)
\openout4 = `Hoa11_C01_CBHH_2.mw'.


Missing character: There is no i in font nullfont!
Missing character: There is no n in font nullfont!
Missing character: There is no t in font nullfont!
Missing character: There is no e in font nullfont!
Missing character: There is no r in font nullfont!
Missing character: There is no i in font nullfont!
Missing character: There is no o in font nullfont!
Missing character: There is no r in font nullfont!
Missing character: There is no c in font nullfont!
Missing character: There is no o in font nullfont!
Missing character: There is no d in font nullfont!
Missing character: There is no e in font nullfont!
Missing character: There is no = in font nullfont!
LaTeX Font Info:    No math alphabet change to frozen version normal on input l
ine 156.
LaTeX Font Info:    No math alphabet change to frozen version normal on input l
ine 157.
LaTeX Font Info:    No math alphabet change to frozen version normal on input l
ine 157.
LaTeX Font Info:    No math alphabet change to frozen version normal on input l
ine 157.
LaTeX Font Info:    No math alphabet change to frozen version normal on input l
ine 157.
LaTeX Font Info:    No math alphabet change to frozen version normal on input l
ine 157.
LaTeX Font Info:    No math alphabet change to frozen version normal on input l
ine 157.
LaTeX Font Info:    No math alphabet change to frozen version normal on input l
ine 157.
LaTeX Font Info:    No math alphabet change to frozen version normal on input l
ine 157.
LaTeX Font Info:    No math alphabet change to frozen version normal on input l
ine 167.
LaTeX Font Info:    No math alphabet change to frozen version normal on input l
ine 167.
LaTeX Font Info:    No math alphabet change to frozen version normal on input l
ine 167.
LaTeX Font Info:    No math alphabet change to frozen version normal on input l
ine 167.
LaTeX Font Info:    No math alphabet change to frozen version normal on input l
ine 167.
LaTeX Font Info:    No math alphabet change to frozen version normal on input l
ine 167.
LaTeX Font Info:    No math alphabet change to frozen version normal on input l
ine 167.
LaTeX Font Info:    No math alphabet change to frozen version normal on input l
ine 167.
LaTeX Font Info:    No math alphabet change to frozen version normal on input l
ine 167.
LaTeX Font Info:    No math alphabet change to frozen version normal on input l
ine 167.
LaTeX Font Info:    No math alphabet change to frozen version normal on input l
ine 167.
LaTeX Font Info:    No math alphabet change to frozen version normal on input l
ine 167.
LaTeX Font Info:    No math alphabet change to frozen version normal on input l
ine 167.
LaTeX Font Info:    No math alphabet change to frozen version normal on input l
ine 167.
LaTeX Font Info:    No math alphabet change to frozen version normal on input l
ine 167.
LaTeX Font Info:    No math alphabet change to frozen version normal on input l
ine 167.
LaTeX Font Info:    No math alphabet change to frozen version normal on input l
ine 167.
LaTeX Font Info:    No math alphabet change to frozen version normal on input l
ine 167.
LaTeX Font Info:    No math alphabet change to frozen version normal on input l
ine 167.
LaTeX Font Info:    No math alphabet change to frozen version normal on input l
ine 167.
LaTeX Font Info:    No math alphabet change to frozen version normal on input l
ine 168.
LaTeX Font Info:    No math alphabet change to frozen version normal on input l
ine 168.
Missing character: There is no i in font nullfont!
Missing character: There is no n in font nullfont!
Missing character: There is no t in font nullfont!
Missing character: There is no e in font nullfont!
Missing character: There is no r in font nullfont!
Missing character: There is no i in font nullfont!
Missing character: There is no o in font nullfont!
Missing character: There is no r in font nullfont!
Missing character: There is no c in font nullfont!
Missing character: There is no o in font nullfont!
Missing character: There is no d in font nullfont!
Missing character: There is no e in font nullfont!
Missing character: There is no = in font nullfont!
LaTeX Font Info:    No math alphabet change to frozen version normal on input l
ine 172.
LaTeX Font Info:    No math alphabet change to frozen version normal on input l
ine 172.
LaTeX Font Info:    No math alphabet change to frozen version normal on input l
ine 173.
LaTeX Font Info:    No math alphabet change to frozen version normal on input l
ine 173.
LaTeX Font Info:    No math alphabet change to frozen version normal on input l
ine 173.
LaTeX Font Info:    No math alphabet change to frozen version normal on input l
ine 173.
LaTeX Font Info:    No math alphabet change to frozen version normal on input l
ine 175.
LaTeX Font Info:    No math alphabet change to frozen version normal on input l
ine 175.
LaTeX Font Info:    No math alphabet change to frozen version normal on input l
ine 176.
LaTeX Font Info:    No math alphabet change to frozen version normal on input l
ine 176.
LaTeX Font Info:    No math alphabet change to frozen version normal on input l
ine 176.
LaTeX Font Info:    No math alphabet change to frozen version normal on input l
ine 176.
LaTeX Font Info:    No math alphabet change to frozen version normal on input l
ine 178.
LaTeX Font Info:    No math alphabet change to frozen version normal on input l
ine 178.
LaTeX Font Info:    No math alphabet change to frozen version normal on input l
ine 179.
LaTeX Font Info:    No math alphabet change to frozen version normal on input l
ine 179.
LaTeX Font Info:    No math alphabet change to frozen version normal on input l
ine 181.
LaTeX Font Info:    No math alphabet change to frozen version normal on input l
ine 181.
LaTeX Font Info:    No math alphabet change to frozen version normal on input l
ine 181.
LaTeX Font Info:    No math alphabet change to frozen version normal on input l
ine 181.
LaTeX Font Info:    No math alphabet change to frozen version normal on input l
ine 184.
LaTeX Font Info:    No math alphabet change to frozen version normal on input l
ine 184.
LaTeX Font Info:    No math alphabet change to frozen version normal on input l
ine 184.
LaTeX Font Info:    No math alphabet change to frozen version normal on input l
ine 185.
LaTeX Font Info:    No math alphabet change to frozen version normal on input l
ine 186.
Missing character: There is no i in font nullfont!
Missing character: There is no n in font nullfont!
Missing character: There is no t in font nullfont!
Missing character: There is no e in font nullfont!
Missing character: There is no r in font nullfont!
Missing character: There is no i in font nullfont!
Missing character: There is no o in font nullfont!
Missing character: There is no r in font nullfont!
Missing character: There is no c in font nullfont!
Missing character: There is no o in font nullfont!
Missing character: There is no d in font nullfont!
Missing character: There is no e in font nullfont!
Missing character: There is no = in font nullfont!
Missing character: There is no , in font nullfont!
Missing character: There is no t in font nullfont!
Missing character: There is no i in font nullfont!
Missing character: There is no t in font nullfont!
Missing character: There is no l in font nullfont!
Missing character: There is no e in font nullfont!
Missing character: There is no c in font nullfont!
Missing character: There is no o in font nullfont!
Missing character: There is no d in font nullfont!
Missing character: There is no e in font nullfont!
Missing character: There is no = in font nullfont!
<Images/Icons/Icon_bancobiet.png, id=221, 150.5625pt x 150.5625pt>
File: Images/Icons/Icon_bancobiet.png Graphic file (type png)
<use Images/Icons/Icon_bancobiet.png>
Package pdftex.def Info: Images/Icons/Icon_bancobiet.png  used on input line 18
7.
(pdftex.def)             Requested size: 17.64056pt x 17.63931pt.
LaTeX Font Info:    No math alphabet change to frozen version normal on input l
ine 195.
LaTeX Font Info:    No math alphabet change to frozen version normal on input l
ine 203.

Package fancyhdr Warning: \headheight is too small (12.0pt): 
(fancyhdr)                Make it at least 31.99992pt, for example:
(fancyhdr)                \setlength{\headheight}{31.99992pt}.
(fancyhdr)                You might also make \topmargin smaller to compensate:

(fancyhdr)                \addtolength{\topmargin}{-19.99992pt}.




<QR code requested for "https://www.youtube.com/@hochoakhongkho" in version 0-M
.>

<Copying the QR code for "https://www.youtube.com/@hochoakhongkho" in version 3
-M as previously calculated.>
LaTeX Font Info:    No math alphabet change to frozen version normal on input l
ine 210.
\openout4 = `Hoa11_C01_CBHH_2.mw'.

[5 <./Images/Icons/Icon_bancobiet.png>] (./Hoa11_C01_CBHH_2.mw)
\openout4 = `Hoa11_C01_CBHH_2.mw'.



Package microtype Warning: I cannot find a protrusion list for font
(microtype)                `T5/cmss/m/n/12'. Switching off
(microtype)                protrusion for this font on input line 224.


Package microtype Warning: I cannot find a protrusion list for font
(microtype)                `T5/cmss/m/n/14.4'. Switching off
(microtype)                protrusion for this font on input line 224.

LaTeX Font Info:    Font shape `T5/qag/bx/n' in size <14.4> not available
(Font)              Font shape `T5/qag/b/n' tried instead on input line 224.

Package microtype Warning: I cannot find a protrusion list for font
(microtype)                `T5/qag/b/n/14.4'. Switching off
(microtype)                protrusion for this font on input line 224.

LaTeX Font Info:    No math alphabet change to frozen version normal on input l
ine 235.
<Images/Icons/Icon3d_emdahoc.png, id=237, 150.5625pt x 150.5625pt>
File: Images/Icons/Icon3d_emdahoc.png Graphic file (type png)
<use Images/Icons/Icon3d_emdahoc.png>
Package pdftex.def Info: Images/Icons/Icon3d_emdahoc.png  used on input line 23
7.
(pdftex.def)             Requested size: 19.91684pt x 19.91612pt.

Package hyperref Warning: Token not allowed in a PDF string (Unicode):
(hyperref)                removing `\char' on input line 243.


Package microtype Warning: I cannot find a protrusion list for font
(microtype)                `T5/phv/b/n/14.4'. Switching off
(microtype)                protrusion for this font on input line 243.


LaTeX Font Warning: Font shape `U/fontawesometwo/b/n' undefined
(Font)              using `U/fontawesometwo/m/n' instead on input line 243.

Output from handle ansbook going to Ansbook/Tamvd.tex
\ansbook@file=\write136
\openout4 = `Ansbook/Tamvd.tex'.


LaTeX Font Warning: Font shape `U/fontawesomethree/b/n' undefined
(Font)              using `U/fontawesomethree/m/n' instead on input line 248.


Package microtype Warning: I cannot find a protrusion list for font
(microtype)                `T5/ptm/b/n/10'. Switching off
(microtype)                protrusion for this font on input line 253.


Package microtype Warning: I cannot find a protrusion list for font
(microtype)                `T5/qag/b/n/10'. Switching off
(microtype)                protrusion for this font on input line 253.


Overfull \hbox (0.84pt too wide) in paragraph at lines 253--253
   [] [] 
 []


Overfull \hbox (0.84pt too wide) in paragraph at lines 253--253
   [] [] 
 []


Overfull \hbox (0.84pt too wide) in paragraph at lines 253--253
   [] [] 
 []


Overfull \hbox (0.84pt too wide) in paragraph at lines 253--253
   [] [] 
 []

\openout4 = `Ansbook/Tamvd.tex'.


Package fancyhdr Warning: \headheight is too small (12.0pt): 
(fancyhdr)                Make it at least 31.99992pt, for example:
(fancyhdr)                \setlength{\headheight}{31.99992pt}.
(fancyhdr)                You might also make \topmargin smaller to compensate:

(fancyhdr)                \addtolength{\topmargin}{-19.99992pt}.



<QR code requested for "https://zalo.me/g/ogytdc722" in version 0-M.>
<Error-correction level increased from M to Q at no cost.>

<Copying the QR code for "https://zalo.me/g/ogytdc722" in version 3-Q as previo
usly calculated.>
LaTeX Font Info:    No math alphabet change to frozen version normal on input l
ine 262.
\openout4 = `Hoa11_C01_CBHH_2.mw'.

[6 <./Images/Icons/Icon3d_emdahoc.png>] (./Hoa11_C01_CBHH_2.mw)
\openout4 = `Hoa11_C01_CBHH_2.mw'.

\openout4 = `Hoa11_C01_CBHH_2.mw'.

\openout4 = `Hoa11_C01_CBHH_2.mw'.

\openout4 = `Hoa11_C01_CBHH_2.mw'.

\openout4 = `Hoa11_C01_CBHH_2.mw'.



Package microtype Warning: I cannot find a protrusion list for font
(microtype)                `T5/ptm/m/it/12'. Switching off
(microtype)                protrusion for this font on input line 262.


Package microtype Warning: I cannot find a protrusion list for font
(microtype)                `T5/ptm/b/it/12'. Switching off
(microtype)                protrusion for this font on input line 262.


Package microtype Warning: I cannot find a protrusion list for font
(microtype)                `T5/ptm/m/n/9.2'. Switching off
(microtype)                protrusion for this font on input line 262.


Package microtype Warning: I cannot find a protrusion list for font
(microtype)                `T5/ptm/m/it/9.2'. Switching off
(microtype)                protrusion for this font on input line 262.


Package microtype Warning: I cannot find a protrusion list for font
(microtype)                `T5/ptm/b/it/9.2'. Switching off
(microtype)                protrusion for this font on input line 262.

Output from handle ansbook going to Ansbook/Tamvd.tex
\openout4 = `Ansbook/Tamvd.tex'.

\openout4 = `Ansbook/Tamvd.tex'.


Package microtype Warning: I cannot find a protrusion list for font
(microtype)                `T5/qag/m/n/12'. Switching off
(microtype)                protrusion for this font on input line 273.


Underfull \hbox (badness 10000) in paragraph at lines 273--274

 []

Output from handle ansex going to Ans/LGEX-H11C01B01-BTTL01.tex
\ansex@file=\write137
\openout4 = `Ans/LGEX-H11C01B01-BTTL01.tex'.

Output from handle ans going to Ans/Ans-H11C01B01-BTTL01.tex
\ans@file=\write138
\openout4 = `Ans/Ans-H11C01B01-BTTL01.tex'.


Overfull \hbox (0.84pt too wide) in paragraph at lines 288--288
   [] [] 
 []


Overfull \hbox (0.84pt too wide) in paragraph at lines 288--288
   [] [] 
 []


Overfull \hbox (0.84pt too wide) in paragraph at lines 288--288
   [] [] 
 []


Overfull \hbox (0.84pt too wide) in paragraph at lines 288--288
   [] [] 
 []

\openout4 = `Hoa11_C01_CBHH_2.mw'.

\openout4 = `Hoa11_C01_CBHH_2.mw'.

\openout4 = `Hoa11_C01_CBHH_2.mw'.

\openout4 = `Hoa11_C01_CBHH_2.mw'.

\openout4 = `Hoa11_C01_CBHH_2.mw'.

\openout4 = `Hoa11_C01_CBHH_2.mw'.


Overfull \hbox (0.84pt too wide) in paragraph at lines 301--301
   [] [] 
 []


Overfull \hbox (0.84pt too wide) in paragraph at lines 301--301
   [] [] 
 []


Overfull \hbox (0.84pt too wide) in paragraph at lines 301--301
   [] [] 
 []


Overfull \hbox (0.84pt too wide) in paragraph at lines 301--301
   [] [] 
 []

\openout4 = `Hoa11_C01_CBHH_2.mw'.

\openout4 = `Hoa11_C01_CBHH_2.mw'.

\openout4 = `Hoa11_C01_CBHH_2.mw'.

\openout4 = `Hoa11_C01_CBHH_2.mw'.

\openout4 = `Hoa11_C01_CBHH_2.mw'.

\openout4 = `Hoa11_C01_CBHH_2.mw'.


Overfull \hbox (0.84pt too wide) in paragraph at lines 314--314
   [] [] 
 []


Overfull \hbox (0.84pt too wide) in paragraph at lines 314--314
   [] [] 
 []


Overfull \hbox (0.84pt too wide) in paragraph at lines 314--314
   [] [] 
 []


Overfull \hbox (0.84pt too wide) in paragraph at lines 314--314
   [] [] 
 []

\openout4 = `Hoa11_C01_CBHH_2.mw'.

\openout4 = `Hoa11_C01_CBHH_2.mw'.

\openout4 = `Hoa11_C01_CBHH_2.mw'.

\openout4 = `Hoa11_C01_CBHH_2.mw'.

\openout4 = `Hoa11_C01_CBHH_2.mw'.

\openout4 = `Hoa11_C01_CBHH_2.mw'.


Overfull \hbox (0.84pt too wide) in paragraph at lines 327--327
   [] [] 
 []


Overfull \hbox (0.84pt too wide) in paragraph at lines 327--327
   [] [] 
 []


Overfull \hbox (0.84pt too wide) in paragraph at lines 327--327
   [] [] 
 []


Overfull \hbox (0.84pt too wide) in paragraph at lines 327--327
   [] [] 
 []

\openout4 = `Hoa11_C01_CBHH_2.mw'.

\openout4 = `Hoa11_C01_CBHH_2.mw'.

\openout4 = `Hoa11_C01_CBHH_2.mw'.

\openout4 = `Hoa11_C01_CBHH_2.mw'.

\openout4 = `Hoa11_C01_CBHH_2.mw'.

\openout4 = `Hoa11_C01_CBHH_2.mw'.

\openout4 = `Hoa11_C01_CBHH_2.mw'.

\openout4 = `Hoa11_C01_CBHH_2.mw'.

\openout4 = `Hoa11_C01_CBHH_2.mw'.

\openout4 = `Hoa11_C01_CBHH_2.mw'.

\openout4 = `Hoa11_C01_CBHH_2.mw'.

\openout4 = `Hoa11_C01_CBHH_2.mw'.


Package fancyhdr Warning: \headheight is too small (12.0pt): 
(fancyhdr)                Make it at least 31.99992pt, for example:
(fancyhdr)                \setlength{\headheight}{31.99992pt}.
(fancyhdr)                You might also make \topmargin smaller to compensate:

(fancyhdr)                \addtolength{\topmargin}{-19.99992pt}.




<QR code requested for "https://www.youtube.com/@hochoakhongkho" in version 0-M
.>

<Copying the QR code for "https://www.youtube.com/@hochoakhongkho" in version 3
-M as previously calculated.>
LaTeX Font Info:    No math alphabet change to frozen version normal on input l
ine 348.
\openout4 = `Hoa11_C01_CBHH_2.mw'.

[7] (./Hoa11_C01_CBHH_2.mw)
\openout4 = `Hoa11_C01_CBHH_2.mw'.

LaTeX Font Info:    No math alphabet change to frozen version normal on input l
ine 348.
LaTeX Font Info:    No math alphabet change to frozen version normal on input l
ine 353.
LaTeX Font Info:    No math alphabet change to frozen version normal on input l
ine 353.

Overfull \hbox (0.84pt too wide) in paragraph at lines 353--353
   [] [] 
 []

LaTeX Font Info:    No math alphabet change to frozen version normal on input l
ine 353.

Overfull \hbox (0.84pt too wide) in paragraph at lines 353--353
   [] [] 
 []


Overfull \hbox (0.84pt too wide) in paragraph at lines 353--353
   [] [] 
 []

LaTeX Font Info:    No math alphabet change to frozen version normal on input l
ine 353.

Overfull \hbox (0.84pt too wide) in paragraph at lines 353--353
   [] [] 
 []

\openout4 = `Hoa11_C01_CBHH_2.mw'.

\openout4 = `Hoa11_C01_CBHH_2.mw'.

\openout4 = `Hoa11_C01_CBHH_2.mw'.

\openout4 = `Hoa11_C01_CBHH_2.mw'.

\openout4 = `Hoa11_C01_CBHH_2.mw'.

\openout4 = `Hoa11_C01_CBHH_2.mw'.

\openout4 = `Hoa11_C01_CBHH_2.mw'.

\openout4 = `Hoa11_C01_CBHH_2.mw'.

\openout4 = `Hoa11_C01_CBHH_2.mw'.

\openout4 = `Hoa11_C01_CBHH_2.mw'.

\openout4 = `Hoa11_C01_CBHH_2.mw'.

\openout4 = `Hoa11_C01_CBHH_2.mw'.

LaTeX Font Info:    No math alphabet change to frozen version normal on input l
ine 373.

Overfull \hbox (0.84pt too wide) in paragraph at lines 378--378
   [] [] 
 []


Overfull \hbox (0.84pt too wide) in paragraph at lines 378--378
   [] [] 
 []


Overfull \hbox (0.84pt too wide) in paragraph at lines 378--378
   [] [] 
 []


Overfull \hbox (0.84pt too wide) in paragraph at lines 378--378
   [] [] 
 []

\openout4 = `Hoa11_C01_CBHH_2.mw'.

\openout4 = `Hoa11_C01_CBHH_2.mw'.

\openout4 = `Hoa11_C01_CBHH_2.mw'.

\openout4 = `Hoa11_C01_CBHH_2.mw'.

\openout4 = `Hoa11_C01_CBHH_2.mw'.

\openout4 = `Hoa11_C01_CBHH_2.mw'.

LaTeX Font Info:    No math alphabet change to frozen version normal on input l
ine 386.
LaTeX Font Info:    No math alphabet change to frozen version normal on input l
ine 386.
LaTeX Font Info:    No math alphabet change to frozen version normal on input l
ine 391.
LaTeX Font Info:    No math alphabet change to frozen version normal on input l
ine 391.
LaTeX Font Info:    No math alphabet change to frozen version normal on input l
ine 391.
LaTeX Font Info:    No math alphabet change to frozen version normal on input l
ine 391.

Overfull \hbox (0.84pt too wide) in paragraph at lines 391--391
   [] [] 
 []

LaTeX Font Info:    No math alphabet change to frozen version normal on input l
ine 391.

Overfull \hbox (0.84pt too wide) in paragraph at lines 391--391
   [] [] 
 []

LaTeX Font Info:    No math alphabet change to frozen version normal on input l
ine 391.

Overfull \hbox (0.84pt too wide) in paragraph at lines 391--391
   [] [] 
 []


Overfull \hbox (0.84pt too wide) in paragraph at lines 391--391
   [] [] 
 []

\openout4 = `Hoa11_C01_CBHH_2.mw'.

\openout4 = `Hoa11_C01_CBHH_2.mw'.

\openout4 = `Hoa11_C01_CBHH_2.mw'.

\openout4 = `Hoa11_C01_CBHH_2.mw'.

\openout4 = `Hoa11_C01_CBHH_2.mw'.

\openout4 = `Hoa11_C01_CBHH_2.mw'.

LaTeX Font Info:    No math alphabet change to frozen version normal on input l
ine 399.

Overfull \hbox (0.84pt too wide) in paragraph at lines 404--404
   [] [] 
 []


Overfull \hbox (0.84pt too wide) in paragraph at lines 404--404
   [] [] 
 []


Overfull \hbox (0.84pt too wide) in paragraph at lines 404--404
   [] [] 
 []


Overfull \hbox (0.84pt too wide) in paragraph at lines 404--404
   [] [] 
 []

\openout4 = `Hoa11_C01_CBHH_2.mw'.

\openout4 = `Hoa11_C01_CBHH_2.mw'.

\openout4 = `Hoa11_C01_CBHH_2.mw'.

\openout4 = `Hoa11_C01_CBHH_2.mw'.

\openout4 = `Hoa11_C01_CBHH_2.mw'.

\openout4 = `Hoa11_C01_CBHH_2.mw'.

LaTeX Font Info:    No math alphabet change to frozen version normal on input l
ine 412.
\openout4 = `Hoa11_C01_CBHH_2.mw'.

\openout4 = `Hoa11_C01_CBHH_2.mw'.

\openout4 = `Hoa11_C01_CBHH_2.mw'.

\openout4 = `Hoa11_C01_CBHH_2.mw'.

\openout4 = `Hoa11_C01_CBHH_2.mw'.

\openout4 = `Hoa11_C01_CBHH_2.mw'.


Overfull \hbox (0.84pt too wide) in paragraph at lines 430--430
   [] [] 
 []


Overfull \hbox (0.84pt too wide) in paragraph at lines 430--430
   [] [] 
 []


Overfull \hbox (0.84pt too wide) in paragraph at lines 430--430
   [] [] 
 []


Overfull \hbox (0.84pt too wide) in paragraph at lines 430--430
   [] [] 
 []

\openout4 = `Hoa11_C01_CBHH_2.mw'.

\openout4 = `Hoa11_C01_CBHH_2.mw'.

\openout4 = `Hoa11_C01_CBHH_2.mw'.

\openout4 = `Hoa11_C01_CBHH_2.mw'.

\openout4 = `Hoa11_C01_CBHH_2.mw'.

\openout4 = `Hoa11_C01_CBHH_2.mw'.

LaTeX Font Info:    No math alphabet change to frozen version normal on input l
ine 438.
LaTeX Font Info:    No math alphabet change to frozen version normal on input l
ine 438.
LaTeX Font Info:    No math alphabet change to frozen version normal on input l
ine 443.
LaTeX Font Info:    No math alphabet change to frozen version normal on input l
ine 443.
LaTeX Font Info:    No math alphabet change to frozen version normal on input l
ine 443.
LaTeX Font Info:    No math alphabet change to frozen version normal on input l
ine 443.

Overfull \hbox (0.84pt too wide) in paragraph at lines 443--443
   [] [] 
 []

LaTeX Font Info:    No math alphabet change to frozen version normal on input l
ine 443.

Overfull \hbox (0.84pt too wide) in paragraph at lines 443--443
   [] [] 
 []

LaTeX Font Info:    No math alphabet change to frozen version normal on input l
ine 443.

Overfull \hbox (0.84pt too wide) in paragraph at lines 443--443
   [] [] 
 []


Overfull \hbox (0.84pt too wide) in paragraph at lines 443--443
   [] [] 
 []

\openout4 = `Hoa11_C01_CBHH_2.mw'.

\openout4 = `Hoa11_C01_CBHH_2.mw'.

\openout4 = `Hoa11_C01_CBHH_2.mw'.

\openout4 = `Hoa11_C01_CBHH_2.mw'.

\openout4 = `Hoa11_C01_CBHH_2.mw'.

\openout4 = `Hoa11_C01_CBHH_2.mw'.


Package fancyhdr Warning: \headheight is too small (12.0pt): 
(fancyhdr)                Make it at least 31.99992pt, for example:
(fancyhdr)                \setlength{\headheight}{31.99992pt}.
(fancyhdr)                You might also make \topmargin smaller to compensate:

(fancyhdr)                \addtolength{\topmargin}{-19.99992pt}.



<QR code requested for "https://zalo.me/g/ogytdc722" in version 0-M.>
<Error-correction level increased from M to Q at no cost.>

<Copying the QR code for "https://zalo.me/g/ogytdc722" in version 3-Q as previo
usly calculated.>
LaTeX Font Info:    No math alphabet change to frozen version normal on input l
ine 451.
\openout4 = `Hoa11_C01_CBHH_2.mw'.

[8] (./Hoa11_C01_CBHH_2.mw)
\openout4 = `Hoa11_C01_CBHH_2.mw'.

LaTeX Font Info:    No math alphabet change to frozen version normal on input l
ine 451.
LaTeX Font Info:    No math alphabet change to frozen version normal on input l
ine 451.
LaTeX Font Info:    No math alphabet change to frozen version normal on input l
ine 456.
LaTeX Font Info:    No math alphabet change to frozen version normal on input l
ine 456.
\openout4 = `Hoa11_C01_CBHH_2.mw'.

\openout4 = `Hoa11_C01_CBHH_2.mw'.

\openout4 = `Hoa11_C01_CBHH_2.mw'.

\openout4 = `Hoa11_C01_CBHH_2.mw'.

\openout4 = `Hoa11_C01_CBHH_2.mw'.

\openout4 = `Hoa11_C01_CBHH_2.mw'.

LaTeX Font Info:    No math alphabet change to frozen version normal on input l
ine 464.
LaTeX Font Info:    No math alphabet change to frozen version normal on input l
ine 469.
LaTeX Font Info:    No math alphabet change to frozen version normal on input l
ine 469.
LaTeX Font Info:    No math alphabet change to frozen version normal on input l
ine 469.

Overfull \hbox (0.84pt too wide) in paragraph at lines 469--469
   [] [] 
 []


Overfull \hbox (0.84pt too wide) in paragraph at lines 469--469
   [] [] 
 []

LaTeX Font Info:    No math alphabet change to frozen version normal on input l
ine 469.

Overfull \hbox (0.84pt too wide) in paragraph at lines 469--469
   [] [] 
 []


Overfull \hbox (0.84pt too wide) in paragraph at lines 469--469
   [] [] 
 []

\openout4 = `Hoa11_C01_CBHH_2.mw'.

\openout4 = `Hoa11_C01_CBHH_2.mw'.

\openout4 = `Hoa11_C01_CBHH_2.mw'.

\openout4 = `Hoa11_C01_CBHH_2.mw'.

\openout4 = `Hoa11_C01_CBHH_2.mw'.

\openout4 = `Hoa11_C01_CBHH_2.mw'.

LaTeX Font Info:    No math alphabet change to frozen version normal on input l
ine 477.
LaTeX Font Info:    No math alphabet change to frozen version normal on input l
ine 477.
LaTeX Font Info:    No math alphabet change to frozen version normal on input l
ine 482.
LaTeX Font Info:    No math alphabet change to frozen version normal on input l
ine 482.
\openout4 = `Hoa11_C01_CBHH_2.mw'.

\openout4 = `Hoa11_C01_CBHH_2.mw'.

\openout4 = `Hoa11_C01_CBHH_2.mw'.

\openout4 = `Hoa11_C01_CBHH_2.mw'.

\openout4 = `Hoa11_C01_CBHH_2.mw'.

\openout4 = `Hoa11_C01_CBHH_2.mw'.

LaTeX Font Info:    No math alphabet change to frozen version normal on input l
ine 490.
LaTeX Font Info:    No math alphabet change to frozen version normal on input l
ine 490.
LaTeX Font Info:    No math alphabet change to frozen version normal on input l
ine 495.
LaTeX Font Info:    No math alphabet change to frozen version normal on input l
ine 495.
\openout4 = `Hoa11_C01_CBHH_2.mw'.

\openout4 = `Hoa11_C01_CBHH_2.mw'.

\openout4 = `Hoa11_C01_CBHH_2.mw'.

\openout4 = `Hoa11_C01_CBHH_2.mw'.

\openout4 = `Hoa11_C01_CBHH_2.mw'.

\openout4 = `Hoa11_C01_CBHH_2.mw'.

LaTeX Font Info:    No math alphabet change to frozen version normal on input l
ine 503.
LaTeX Font Info:    No math alphabet change to frozen version normal on input l
ine 503.
LaTeX Font Info:    No math alphabet change to frozen version normal on input l
ine 508.
LaTeX Font Info:    No math alphabet change to frozen version normal on input l
ine 508.
LaTeX Font Info:    No math alphabet change to frozen version normal on input l
ine 508.
LaTeX Font Info:    No math alphabet change to frozen version normal on input l
ine 508.
\openout4 = `Hoa11_C01_CBHH_2.mw'.

\openout4 = `Hoa11_C01_CBHH_2.mw'.

\openout4 = `Hoa11_C01_CBHH_2.mw'.

\openout4 = `Hoa11_C01_CBHH_2.mw'.

\openout4 = `Hoa11_C01_CBHH_2.mw'.

\openout4 = `Hoa11_C01_CBHH_2.mw'.

LaTeX Font Info:    No math alphabet change to frozen version normal on input l
ine 516.
LaTeX Font Info:    No math alphabet change to frozen version normal on input l
ine 521.
LaTeX Font Info:    No math alphabet change to frozen version normal on input l
ine 521.
LaTeX Font Info:    No math alphabet change to frozen version normal on input l
ine 521.
LaTeX Font Info:    No math alphabet change to frozen version normal on input l
ine 521.
\openout4 = `Hoa11_C01_CBHH_2.mw'.

\openout4 = `Hoa11_C01_CBHH_2.mw'.

\openout4 = `Hoa11_C01_CBHH_2.mw'.

\openout4 = `Hoa11_C01_CBHH_2.mw'.

\openout4 = `Hoa11_C01_CBHH_2.mw'.

\openout4 = `Hoa11_C01_CBHH_2.mw'.


Overfull \hbox (0.84pt too wide) in paragraph at lines 534--534
   [] [] 
 []


Overfull \hbox (0.84pt too wide) in paragraph at lines 534--534
   [] [] 
 []


Overfull \hbox (0.84pt too wide) in paragraph at lines 534--534
   [] [] 
 []


Overfull \hbox (0.84pt too wide) in paragraph at lines 534--534
   [] [] 
 []

\openout4 = `Hoa11_C01_CBHH_2.mw'.

\openout4 = `Hoa11_C01_CBHH_2.mw'.

\openout4 = `Hoa11_C01_CBHH_2.mw'.

\openout4 = `Hoa11_C01_CBHH_2.mw'.

\openout4 = `Hoa11_C01_CBHH_2.mw'.

\openout4 = `Hoa11_C01_CBHH_2.mw'.


Overfull \hbox (0.84pt too wide) in paragraph at lines 545--545
   [] [] 
 []


Overfull \hbox (0.84pt too wide) in paragraph at lines 545--545
   [] [] 
 []


Overfull \hbox (0.84pt too wide) in paragraph at lines 545--545
   [] [] 
 []


Overfull \hbox (0.84pt too wide) in paragraph at lines 545--545
   [] [] 
 []

\openout4 = `Hoa11_C01_CBHH_2.mw'.

\openout4 = `Hoa11_C01_CBHH_2.mw'.

\openout4 = `Hoa11_C01_CBHH_2.mw'.

\openout4 = `Hoa11_C01_CBHH_2.mw'.

\openout4 = `Hoa11_C01_CBHH_2.mw'.

\openout4 = `Hoa11_C01_CBHH_2.mw'.


Overfull \hbox (0.84pt too wide) in paragraph at lines 556--556
   [] [] 
 []


Package fancyhdr Warning: \headheight is too small (12.0pt): 
(fancyhdr)                Make it at least 31.99992pt, for example:
(fancyhdr)                \setlength{\headheight}{31.99992pt}.
(fancyhdr)                You might also make \topmargin smaller to compensate:

(fancyhdr)                \addtolength{\topmargin}{-19.99992pt}.




<QR code requested for "https://www.youtube.com/@hochoakhongkho" in version 0-M
.>

<Copying the QR code for "https://www.youtube.com/@hochoakhongkho" in version 3
-M as previously calculated.>
LaTeX Font Info:    No math alphabet change to frozen version normal on input l
ine 556.
\openout4 = `Hoa11_C01_CBHH_2.mw'.

[9] (./Hoa11_C01_CBHH_2.mw)
\openout4 = `Hoa11_C01_CBHH_2.mw'.


Overfull \hbox (0.84pt too wide) in paragraph at lines 556--556
   [] [] 
 []


Overfull \hbox (0.84pt too wide) in paragraph at lines 556--556
   [] [] 
 []


Overfull \hbox (0.84pt too wide) in paragraph at lines 556--556
   [] [] 
 []

\openout4 = `Hoa11_C01_CBHH_2.mw'.

\openout4 = `Hoa11_C01_CBHH_2.mw'.

\openout4 = `Hoa11_C01_CBHH_2.mw'.

\openout4 = `Hoa11_C01_CBHH_2.mw'.

\openout4 = `Hoa11_C01_CBHH_2.mw'.

\openout4 = `Hoa11_C01_CBHH_2.mw'.

\openout4 = `Ans/Ans-H11C01B01-BTTL01.tex'.

\openout4 = `Ans/LGEX-H11C01B01-BTTL01.tex'.

Output from handle ansex going to Ans/LGTF-H11C01B01-BTTl01.tex
\openout4 = `Ans/LGTF-H11C01B01-BTTl01.tex'.

Output from handle ansbook going to Ansbook/AnsTF-H11C01B01-BTTl01.tex
\openout4 = `Ansbook/AnsTF-H11C01B01-BTTl01.tex'.

Output from handle ans going to Ans/Tempt-H11C01B01-BTTl01.tex
\openout4 = `Ans/Tempt-H11C01B01-BTTl01.tex'.

LaTeX Font Info:    Font shape `T5/qag/bx/n' in size <12> not available
(Font)              Font shape `T5/qag/b/n' tried instead on input line 576.

Package microtype Warning: I cannot find a protrusion list for font
(microtype)                `T5/qag/b/n/12'. Switching off
(microtype)                protrusion for this font on input line 576.

LaTeX Font Info:    No math alphabet change to frozen version normal on input l
ine 576.
\openout4 = `Hoa11_C01_CBHH_2.mw'.

\openout4 = `Hoa11_C01_CBHH_2.mw'.

\openout4 = `Hoa11_C01_CBHH_2.mw'.

\openout4 = `Hoa11_C01_CBHH_2.mw'.

\openout4 = `Hoa11_C01_CBHH_2.mw'.

\openout4 = `Hoa11_C01_CBHH_2.mw'.

\openout4 = `Hoa11_C01_CBHH_2.mw'.

\openout4 = `Hoa11_C01_CBHH_2.mw'.

LaTeX Font Info:    No math alphabet change to frozen version normal on input l
ine 592.
LaTeX Font Info:    No math alphabet change to frozen version normal on input l
ine 592.
LaTeX Font Info:    No math alphabet change to frozen version normal on input l
ine 592.
LaTeX Font Info:    No math alphabet change to frozen version normal on input l
ine 592.

Underfull \hbox (badness 10000) in paragraph at lines 592--592
[]|\T5/ptm/m/n/12 (+20) c) Khi t�ng �p su�t c�n b�ng sau $\OT1/ptmcm/m/n/12 2[]
[] (g) + O[] (g) []
 []

LaTeX Font Info:    No math alphabet change to frozen version normal on input l
ine 592.
LaTeX Font Info:    No math alphabet change to frozen version normal on input l
ine 592.
LaTeX Font Info:    No math alphabet change to frozen version normal on input l
ine 592.

Underfull \hbox (badness 8000) in paragraph at lines 592--592
[]|\T5/ptm/m/n/12 (+20) d) Khi t�ng nhi�t ^^_� c�n b�ng sau $\OT1/ptmcm/m/n/12 
2[][] (g) + O[] (g) []
 []

\openout4 = `Hoa11_C01_CBHH_2.mw'.

\openout4 = `Hoa11_C01_CBHH_2.mw'.

\openout4 = `Hoa11_C01_CBHH_2.mw'.

\openout4 = `Hoa11_C01_CBHH_2.mw'.

\openout4 = `Hoa11_C01_CBHH_2.mw'.

\openout4 = `Hoa11_C01_CBHH_2.mw'.

\openout4 = `Hoa11_C01_CBHH_2.mw'.

\openout4 = `Hoa11_C01_CBHH_2.mw'.

LaTeX Font Info:    No math alphabet change to frozen version normal on input l
ine 609.

Package fancyhdr Warning: \headheight is too small (12.0pt): 
(fancyhdr)                Make it at least 31.99992pt, for example:
(fancyhdr)                \setlength{\headheight}{31.99992pt}.
(fancyhdr)                You might also make \topmargin smaller to compensate:

(fancyhdr)                \addtolength{\topmargin}{-19.99992pt}.



<QR code requested for "https://zalo.me/g/ogytdc722" in version 0-M.>
<Error-correction level increased from M to Q at no cost.>

<Copying the QR code for "https://zalo.me/g/ogytdc722" in version 3-Q as previo
usly calculated.>
LaTeX Font Info:    No math alphabet change to frozen version normal on input l
ine 609.
\openout4 = `Hoa11_C01_CBHH_2.mw'.

[10] (./Hoa11_C01_CBHH_2.mw)
\openout4 = `Hoa11_C01_CBHH_2.mw'.

\openout4 = `Hoa11_C01_CBHH_2.mw'.

\openout4 = `Hoa11_C01_CBHH_2.mw'.

\openout4 = `Hoa11_C01_CBHH_2.mw'.

\openout4 = `Hoa11_C01_CBHH_2.mw'.

\openout4 = `Hoa11_C01_CBHH_2.mw'.

\openout4 = `Hoa11_C01_CBHH_2.mw'.

\openout4 = `Hoa11_C01_CBHH_2.mw'.

\openout4 = `Hoa11_C01_CBHH_2.mw'.

LaTeX Font Info:    No math alphabet change to frozen version normal on input l
ine 627.
\openout4 = `Hoa11_C01_CBHH_2.mw'.

\openout4 = `Hoa11_C01_CBHH_2.mw'.

\openout4 = `Hoa11_C01_CBHH_2.mw'.

\openout4 = `Hoa11_C01_CBHH_2.mw'.

\openout4 = `Hoa11_C01_CBHH_2.mw'.

\openout4 = `Hoa11_C01_CBHH_2.mw'.

\openout4 = `Hoa11_C01_CBHH_2.mw'.

\openout4 = `Hoa11_C01_CBHH_2.mw'.

LaTeX Font Info:    No math alphabet change to frozen version normal on input l
ine 645.
\openout4 = `Hoa11_C01_CBHH_2.mw'.

\openout4 = `Hoa11_C01_CBHH_2.mw'.

\openout4 = `Hoa11_C01_CBHH_2.mw'.

\openout4 = `Hoa11_C01_CBHH_2.mw'.

\openout4 = `Hoa11_C01_CBHH_2.mw'.

\openout4 = `Hoa11_C01_CBHH_2.mw'.

\openout4 = `Hoa11_C01_CBHH_2.mw'.

\openout4 = `Hoa11_C01_CBHH_2.mw'.

LaTeX Font Info:    No math alphabet change to frozen version normal on input l
ine 663.
LaTeX Font Info:    No math alphabet change to frozen version normal on input l
ine 663.
LaTeX Font Info:    No math alphabet change to frozen version normal on input l
ine 663.
LaTeX Font Info:    No math alphabet change to frozen version normal on input l
ine 663.
LaTeX Font Info:    No math alphabet change to frozen version normal on input l
ine 663.
LaTeX Font Info:    No math alphabet change to frozen version normal on input l
ine 663.
\openout4 = `Hoa11_C01_CBHH_2.mw'.

\openout4 = `Hoa11_C01_CBHH_2.mw'.

\openout4 = `Hoa11_C01_CBHH_2.mw'.

\openout4 = `Hoa11_C01_CBHH_2.mw'.

\openout4 = `Hoa11_C01_CBHH_2.mw'.

\openout4 = `Hoa11_C01_CBHH_2.mw'.

\openout4 = `Hoa11_C01_CBHH_2.mw'.

\openout4 = `Hoa11_C01_CBHH_2.mw'.

LaTeX Font Info:    No math alphabet change to frozen version normal on input l
ine 681.
LaTeX Font Info:    No math alphabet change to frozen version normal on input l
ine 681.
LaTeX Font Info:    No math alphabet change to frozen version normal on input l
ine 681.


Package fancyhdr Warning: \headheight is too small (12.0pt): 
(fancyhdr)                Make it at least 31.99992pt, for example:
(fancyhdr)                \setlength{\headheight}{31.99992pt}.
(fancyhdr)                You might also make \topmargin smaller to compensate:

(fancyhdr)                \addtolength{\topmargin}{-19.99992pt}.




<QR code requested for "https://www.youtube.com/@hochoakhongkho" in version 0-M
.>

<Copying the QR code for "https://www.youtube.com/@hochoakhongkho" in version 3
-M as previously calculated.>
LaTeX Font Info:    No math alphabet change to frozen version normal on input l
ine 681.
\openout4 = `Hoa11_C01_CBHH_2.mw'.

[11] (./Hoa11_C01_CBHH_2.mw)
\openout4 = `Hoa11_C01_CBHH_2.mw'.

\openout4 = `Hoa11_C01_CBHH_2.mw'.

\openout4 = `Hoa11_C01_CBHH_2.mw'.

\openout4 = `Hoa11_C01_CBHH_2.mw'.

\openout4 = `Hoa11_C01_CBHH_2.mw'.

\openout4 = `Hoa11_C01_CBHH_2.mw'.

\openout4 = `Hoa11_C01_CBHH_2.mw'.

\openout4 = `Hoa11_C01_CBHH_2.mw'.

\openout4 = `Hoa11_C01_CBHH_2.mw'.

\openout4 = `Ansbook/AnsTF-H11C01B01-BTTl01.tex'.

\openout4 = `Ans/LGTF-H11C01B01-BTTl01.tex'.

\openout4 = `Ans/Tempt-H11C01B01-BTTl01.tex'.



Package hyperref Warning: Token not allowed in a PDF string (Unicode):
(hyperref)                removing `\char' on input line 695.

Output from handle ansbook going to Ansbook/Tamvd.tex
\openout4 = `Ansbook/Tamvd.tex'.

LaTeX Font Info:    No math alphabet change to frozen version normal on input l
ine 700.
LaTeX Font Info:    No math alphabet change to frozen version normal on input l
ine 700.
LaTeX Font Info:    No math alphabet change to frozen version normal on input l
ine 700.
LaTeX Font Info:    No math alphabet change to frozen version normal on input l
ine 700.
LaTeX Font Info:    No math alphabet change to frozen version normal on input l
ine 700.
LaTeX Font Info:    No math alphabet change to frozen version normal on input l
ine 700.
LaTeX Font Info:    No math alphabet change to frozen version normal on input l
ine 700.
LaTeX Font Info:    No math alphabet change to frozen version normal on input l
ine 700.
LaTeX Font Info:    No math alphabet change to frozen version normal on input l
ine 701.
LaTeX Font Info:    No math alphabet change to frozen version normal on input l
ine 701.
LaTeX Font Info:    No math alphabet change to frozen version normal on input l
ine 701.
LaTeX Font Info:    No math alphabet change to frozen version normal on input l
ine 701.
LaTeX Font Info:    No math alphabet change to frozen version normal on input l
ine 702.
LaTeX Font Info:    No math alphabet change to frozen version normal on input l
ine 702.
LaTeX Font Info:    No math alphabet change to frozen version normal on input l
ine 703.
LaTeX Font Info:    No math alphabet change to frozen version normal on input l
ine 703.
LaTeX Font Info:    No math alphabet change to frozen version normal on input l
ine 707.
LaTeX Font Info:    No math alphabet change to frozen version normal on input l
ine 708.
LaTeX Font Info:    No math alphabet change to frozen version normal on input l
ine 709.
LaTeX Font Info:    No math alphabet change to frozen version normal on input l
ine 709.
\openout4 = `Ansbook/Tamvd.tex'.


pdfTeX warning (ext4): destination with the same identifier (name{phan.1.1.1}) 
has been already used, duplicate ignored
<to be read again> 
                   \relax 
l.723 \phan{Bài tập tự luận}
                                   
Output from handle ansbth going to Ans/LGBT-H11C01B01-BTTL02.tex
\ansbth@file=\write139
\openout4 = `Ans/LGBT-H11C01B01-BTTL02.tex'.

Output from handle ansbt going to Ans/AnsBT-H11C01B01-BTTL02.tex
\ansbt@file=\write140
\openout4 = `Ans/AnsBT-H11C01B01-BTTL02.tex'.

LaTeX Font Info:    No math alphabet change to frozen version normal on input l
ine 733.
LaTeX Font Info:    No math alphabet change to frozen version normal on input l
ine 737.
LaTeX Font Info:    No math alphabet change to frozen version normal on input l
ine 757.
LaTeX Font Info:    No math alphabet change to frozen version normal on input l
ine 758.

Package fancyhdr Warning: \headheight is too small (12.0pt): 
(fancyhdr)                Make it at least 31.99992pt, for example:
(fancyhdr)                \setlength{\headheight}{31.99992pt}.
(fancyhdr)                You might also make \topmargin smaller to compensate:

(fancyhdr)                \addtolength{\topmargin}{-19.99992pt}.



<QR code requested for "https://zalo.me/g/ogytdc722" in version 0-M.>
<Error-correction level increased from M to Q at no cost.>

<Copying the QR code for "https://zalo.me/g/ogytdc722" in version 3-Q as previo
usly calculated.>
LaTeX Font Info:    No math alphabet change to frozen version normal on input l
ine 759.
\openout4 = `Hoa11_C01_CBHH_2.mw'.

[12] (./Hoa11_C01_CBHH_2.mw)
\openout4 = `Hoa11_C01_CBHH_2.mw'.

\openout4 = `Hoa11_C01_CBHH_2.mw'.

\openout4 = `Hoa11_C01_CBHH_2.mw'.

LaTeX Font Info:    No math alphabet change to frozen version normal on input l
ine 764.
LaTeX Font Info:    No math alphabet change to frozen version normal on input l
ine 817.
LaTeX Font Info:    No math alphabet change to frozen version normal on input l
ine 817.
LaTeX Font Info:    No math alphabet change to frozen version normal on input l
ine 818.
LaTeX Font Info:    No math alphabet change to frozen version normal on input l
ine 841.
LaTeX Font Info:    No math alphabet change to frozen version normal on input l
ine 841.
LaTeX Font Info:    No math alphabet change to frozen version normal on input l
ine 841.
LaTeX Font Info:    No math alphabet change to frozen version normal on input l
ine 841.
LaTeX Font Info:    No math alphabet change to frozen version normal on input l
ine 843.
LaTeX Font Info:    No math alphabet change to frozen version normal on input l
ine 843.
LaTeX Font Info:    No math alphabet change to frozen version normal on input l
ine 843.
LaTeX Font Info:    No math alphabet change to frozen version normal on input l
ine 843.
LaTeX Font Info:    No math alphabet change to frozen version normal on input l
ine 843.
LaTeX Font Info:    No math alphabet change to frozen version normal on input l
ine 843.
LaTeX Font Info:    No math alphabet change to frozen version normal on input l
ine 843.
LaTeX Font Info:    No math alphabet change to frozen version normal on input l
ine 843.
LaTeX Font Info:    No math alphabet change to frozen version normal on input l
ine 843.
LaTeX Font Info:    No math alphabet change to frozen version normal on input l
ine 843.
LaTeX Font Info:    No math alphabet change to frozen version normal on input l
ine 843.
LaTeX Font Info:    No math alphabet change to frozen version normal on input l
ine 843.
LaTeX Font Info:    No math alphabet change to frozen version normal on input l
ine 843.
LaTeX Font Info:    No math alphabet change to frozen version normal on input l
ine 843.
LaTeX Font Info:    No math alphabet change to frozen version normal on input l
ine 843.
LaTeX Font Info:    No math alphabet change to frozen version normal on input l
ine 843.
LaTeX Font Info:    No math alphabet change to frozen version normal on input l
ine 843.
LaTeX Font Info:    No math alphabet change to frozen version normal on input l
ine 843.
LaTeX Font Info:    No math alphabet change to frozen version normal on input l
ine 843.
LaTeX Font Info:    No math alphabet change to frozen version normal on input l
ine 843.
LaTeX Font Info:    No math alphabet change to frozen version normal on input l
ine 843.
LaTeX Font Info:    No math alphabet change to frozen version normal on input l
ine 843.
LaTeX Font Info:    No math alphabet change to frozen version normal on input l
ine 843.
LaTeX Font Info:    No math alphabet change to frozen version normal on input l
ine 843.
LaTeX Font Info:    No math alphabet change to frozen version normal on input l
ine 843.
LaTeX Font Info:    No math alphabet change to frozen version normal on input l
ine 843.
LaTeX Font Info:    No math alphabet change to frozen version normal on input l
ine 843.
LaTeX Font Info:    No math alphabet change to frozen version normal on input l
ine 843.
LaTeX Font Info:    No math alphabet change to frozen version normal on input l
ine 843.
LaTeX Font Info:    No math alphabet change to frozen version normal on input l
ine 843.
LaTeX Font Info:    No math alphabet change to frozen version normal on input l
ine 843.
LaTeX Font Info:    No math alphabet change to frozen version normal on input l
ine 843.
LaTeX Font Info:    No math alphabet change to frozen version normal on input l
ine 843.
LaTeX Font Info:    No math alphabet change to frozen version normal on input l
ine 843.
LaTeX Font Info:    No math alphabet change to frozen version normal on input l
ine 843.
LaTeX Font Info:    No math alphabet change to frozen version normal on input l
ine 843.
LaTeX Font Info:    No math alphabet change to frozen version normal on input l
ine 843.
LaTeX Font Info:    No math alphabet change to frozen version normal on input l
ine 843.
LaTeX Font Info:    No math alphabet change to frozen version normal on input l
ine 843.
LaTeX Font Info:    No math alphabet change to frozen version normal on input l
ine 843.
LaTeX Font Info:    No math alphabet change to frozen version normal on input l
ine 843.
LaTeX Font Info:    No math alphabet change to frozen version normal on input l
ine 843.
LaTeX Font Info:    No math alphabet change to frozen version normal on input l
ine 844.
LaTeX Font Info:    No math alphabet change to frozen version normal on input l
ine 844.
LaTeX Font Info:    No math alphabet change to frozen version normal on input l
ine 850.
LaTeX Font Info:    No math alphabet change to frozen version normal on input l
ine 864.
LaTeX Font Info:    No math alphabet change to frozen version normal on input l
ine 864.
LaTeX Font Info:    No math alphabet change to frozen version normal on input l
ine 865.
LaTeX Font Info:    No math alphabet change to frozen version normal on input l
ine 865.
LaTeX Font Info:    No math alphabet change to frozen version normal on input l
ine 865.
LaTeX Font Info:    No math alphabet change to frozen version normal on input l
ine 865.
LaTeX Font Info:    No math alphabet change to frozen version normal on input l
ine 867.
LaTeX Font Info:    No math alphabet change to frozen version normal on input l
ine 867.
LaTeX Font Info:    No math alphabet change to frozen version normal on input l
ine 867.
LaTeX Font Info:    No math alphabet change to frozen version normal on input l
ine 867.
LaTeX Font Info:    No math alphabet change to frozen version normal on input l
ine 867.
LaTeX Font Info:    No math alphabet change to frozen version normal on input l
ine 867.
LaTeX Font Info:    No math alphabet change to frozen version normal on input l
ine 867.
LaTeX Font Info:    No math alphabet change to frozen version normal on input l
ine 867.
LaTeX Font Info:    No math alphabet change to frozen version normal on input l
ine 867.
LaTeX Font Info:    No math alphabet change to frozen version normal on input l
ine 867.
LaTeX Font Info:    No math alphabet change to frozen version normal on input l
ine 867.
LaTeX Font Info:    No math alphabet change to frozen version normal on input l
ine 867.
LaTeX Font Info:    No math alphabet change to frozen version normal on input l
ine 867.
LaTeX Font Info:    No math alphabet change to frozen version normal on input l
ine 867.
LaTeX Font Info:    No math alphabet change to frozen version normal on input l
ine 867.
LaTeX Font Info:    No math alphabet change to frozen version normal on input l
ine 867.
LaTeX Font Info:    No math alphabet change to frozen version normal on input l
ine 867.
LaTeX Font Info:    No math alphabet change to frozen version normal on input l
ine 867.
LaTeX Font Info:    No math alphabet change to frozen version normal on input l
ine 867.
LaTeX Font Info:    No math alphabet change to frozen version normal on input l
ine 867.
LaTeX Font Info:    No math alphabet change to frozen version normal on input l
ine 867.
LaTeX Font Info:    No math alphabet change to frozen version normal on input l
ine 867.
LaTeX Font Info:    No math alphabet change to frozen version normal on input l
ine 867.
LaTeX Font Info:    No math alphabet change to frozen version normal on input l
ine 867.
LaTeX Font Info:    No math alphabet change to frozen version normal on input l
ine 867.
LaTeX Font Info:    No math alphabet change to frozen version normal on input l
ine 867.
LaTeX Font Info:    No math alphabet change to frozen version normal on input l
ine 867.
LaTeX Font Info:    No math alphabet change to frozen version normal on input l
ine 867.
LaTeX Font Info:    No math alphabet change to frozen version normal on input l
ine 867.
LaTeX Font Info:    No math alphabet change to frozen version normal on input l
ine 867.
LaTeX Font Info:    No math alphabet change to frozen version normal on input l
ine 867.
LaTeX Font Info:    No math alphabet change to frozen version normal on input l
ine 867.
LaTeX Font Info:    No math alphabet change to frozen version normal on input l
ine 867.
LaTeX Font Info:    No math alphabet change to frozen version normal on input l
ine 867.
LaTeX Font Info:    No math alphabet change to frozen version normal on input l
ine 867.
LaTeX Font Info:    No math alphabet change to frozen version normal on input l
ine 867.
LaTeX Font Info:    No math alphabet change to frozen version normal on input l
ine 867.
LaTeX Font Info:    No math alphabet change to frozen version normal on input l
ine 867.
LaTeX Font Info:    No math alphabet change to frozen version normal on input l
ine 867.
LaTeX Font Info:    No math alphabet change to frozen version normal on input l
ine 867.
LaTeX Font Info:    No math alphabet change to frozen version normal on input l
ine 867.
LaTeX Font Info:    No math alphabet change to frozen version normal on input l
ine 867.
LaTeX Font Info:    No math alphabet change to frozen version normal on input l
ine 868.
LaTeX Font Info:    No math alphabet change to frozen version normal on input l
ine 868.
LaTeX Font Info:    No math alphabet change to frozen version normal on input l
ine 873.
LaTeX Font Info:    No math alphabet change to frozen version normal on input l
ine 889.
LaTeX Font Info:    No math alphabet change to frozen version normal on input l
ine 889.
LaTeX Font Info:    No math alphabet change to frozen version normal on input l
ine 889.
LaTeX Font Info:    No math alphabet change to frozen version normal on input l
ine 889.
LaTeX Font Info:    No math alphabet change to frozen version normal on input l
ine 891.
LaTeX Font Info:    No math alphabet change to frozen version normal on input l
ine 891.
LaTeX Font Info:    No math alphabet change to frozen version normal on input l
ine 891.
LaTeX Font Info:    No math alphabet change to frozen version normal on input l
ine 891.
LaTeX Font Info:    No math alphabet change to frozen version normal on input l
ine 891.
LaTeX Font Info:    No math alphabet change to frozen version normal on input l
ine 891.
LaTeX Font Info:    No math alphabet change to frozen version normal on input l
ine 891.
LaTeX Font Info:    No math alphabet change to frozen version normal on input l
ine 891.
LaTeX Font Info:    No math alphabet change to frozen version normal on input l
ine 891.
LaTeX Font Info:    No math alphabet change to frozen version normal on input l
ine 891.
LaTeX Font Info:    No math alphabet change to frozen version normal on input l
ine 891.
LaTeX Font Info:    No math alphabet change to frozen version normal on input l
ine 891.
LaTeX Font Info:    No math alphabet change to frozen version normal on input l
ine 891.
LaTeX Font Info:    No math alphabet change to frozen version normal on input l
ine 891.
LaTeX Font Info:    No math alphabet change to frozen version normal on input l
ine 891.
LaTeX Font Info:    No math alphabet change to frozen version normal on input l
ine 891.
LaTeX Font Info:    No math alphabet change to frozen version normal on input l
ine 891.
LaTeX Font Info:    No math alphabet change to frozen version normal on input l
ine 891.
LaTeX Font Info:    No math alphabet change to frozen version normal on input l
ine 891.
LaTeX Font Info:    No math alphabet change to frozen version normal on input l
ine 891.
LaTeX Font Info:    No math alphabet change to frozen version normal on input l
ine 891.
LaTeX Font Info:    No math alphabet change to frozen version normal on input l
ine 891.
LaTeX Font Info:    No math alphabet change to frozen version normal on input l
ine 891.
LaTeX Font Info:    No math alphabet change to frozen version normal on input l
ine 891.
LaTeX Font Info:    No math alphabet change to frozen version normal on input l
ine 891.
LaTeX Font Info:    No math alphabet change to frozen version normal on input l
ine 891.
LaTeX Font Info:    No math alphabet change to frozen version normal on input l
ine 891.
LaTeX Font Info:    No math alphabet change to frozen version normal on input l
ine 891.
LaTeX Font Info:    No math alphabet change to frozen version normal on input l
ine 891.
LaTeX Font Info:    No math alphabet change to frozen version normal on input l
ine 891.
LaTeX Font Info:    No math alphabet change to frozen version normal on input l
ine 891.
LaTeX Font Info:    No math alphabet change to frozen version normal on input l
ine 891.
LaTeX Font Info:    No math alphabet change to frozen version normal on input l
ine 891.
LaTeX Font Info:    No math alphabet change to frozen version normal on input l
ine 891.
LaTeX Font Info:    No math alphabet change to frozen version normal on input l
ine 891.
LaTeX Font Info:    No math alphabet change to frozen version normal on input l
ine 891.
LaTeX Font Info:    No math alphabet change to frozen version normal on input l
ine 891.
LaTeX Font Info:    No math alphabet change to frozen version normal on input l
ine 891.
LaTeX Font Info:    No math alphabet change to frozen version normal on input l
ine 891.
LaTeX Font Info:    No math alphabet change to frozen version normal on input l
ine 891.
LaTeX Font Info:    No math alphabet change to frozen version normal on input l
ine 891.
LaTeX Font Info:    No math alphabet change to frozen version normal on input l
ine 891.
LaTeX Font Info:    No math alphabet change to frozen version normal on input l
ine 892.
LaTeX Font Info:    No math alphabet change to frozen version normal on input l
ine 892.
LaTeX Font Info:    No math alphabet change to frozen version normal on input l
ine 896.
LaTeX Font Info:    No math alphabet change to frozen version normal on input l
ine 897.


Package fancyhdr Warning: \headheight is too small (12.0pt): 
(fancyhdr)                Make it at least 31.99992pt, for example:
(fancyhdr)                \setlength{\headheight}{31.99992pt}.
(fancyhdr)                You might also make \topmargin smaller to compensate:

(fancyhdr)                \addtolength{\topmargin}{-19.99992pt}.




<QR code requested for "https://www.youtube.com/@hochoakhongkho" in version 0-M
.>

<Copying the QR code for "https://www.youtube.com/@hochoakhongkho" in version 3
-M as previously calculated.>
LaTeX Font Info:    No math alphabet change to frozen version normal on input l
ine 898.
\openout4 = `Hoa11_C01_CBHH_2.mw'.

[13] (./Hoa11_C01_CBHH_2.mw)
\openout4 = `Hoa11_C01_CBHH_2.mw'.

LaTeX Font Info:    No math alphabet change to frozen version normal on input l
ine 898.
LaTeX Font Info:    No math alphabet change to frozen version normal on input l
ine 913.
LaTeX Font Info:    No math alphabet change to frozen version normal on input l
ine 913.
LaTeX Font Info:    No math alphabet change to frozen version normal on input l
ine 913.
LaTeX Font Info:    No math alphabet change to frozen version normal on input l
ine 913.
LaTeX Font Info:    No math alphabet change to frozen version normal on input l
ine 915.
LaTeX Font Info:    No math alphabet change to frozen version normal on input l
ine 915.
LaTeX Font Info:    No math alphabet change to frozen version normal on input l
ine 915.
LaTeX Font Info:    No math alphabet change to frozen version normal on input l
ine 915.
LaTeX Font Info:    No math alphabet change to frozen version normal on input l
ine 915.
LaTeX Font Info:    No math alphabet change to frozen version normal on input l
ine 915.
LaTeX Font Info:    No math alphabet change to frozen version normal on input l
ine 915.
LaTeX Font Info:    No math alphabet change to frozen version normal on input l
ine 915.
LaTeX Font Info:    No math alphabet change to frozen version normal on input l
ine 915.
LaTeX Font Info:    No math alphabet change to frozen version normal on input l
ine 915.
LaTeX Font Info:    No math alphabet change to frozen version normal on input l
ine 915.
LaTeX Font Info:    No math alphabet change to frozen version normal on input l
ine 915.
LaTeX Font Info:    No math alphabet change to frozen version normal on input l
ine 915.
LaTeX Font Info:    No math alphabet change to frozen version normal on input l
ine 915.
LaTeX Font Info:    No math alphabet change to frozen version normal on input l
ine 915.
LaTeX Font Info:    No math alphabet change to frozen version normal on input l
ine 915.
LaTeX Font Info:    No math alphabet change to frozen version normal on input l
ine 915.
LaTeX Font Info:    No math alphabet change to frozen version normal on input l
ine 915.
LaTeX Font Info:    No math alphabet change to frozen version normal on input l
ine 915.
LaTeX Font Info:    No math alphabet change to frozen version normal on input l
ine 915.
LaTeX Font Info:    No math alphabet change to frozen version normal on input l
ine 915.
LaTeX Font Info:    No math alphabet change to frozen version normal on input l
ine 915.
LaTeX Font Info:    No math alphabet change to frozen version normal on input l
ine 915.
LaTeX Font Info:    No math alphabet change to frozen version normal on input l
ine 915.
LaTeX Font Info:    No math alphabet change to frozen version normal on input l
ine 915.
LaTeX Font Info:    No math alphabet change to frozen version normal on input l
ine 915.
LaTeX Font Info:    No math alphabet change to frozen version normal on input l
ine 915.
LaTeX Font Info:    No math alphabet change to frozen version normal on input l
ine 915.
LaTeX Font Info:    No math alphabet change to frozen version normal on input l
ine 915.
LaTeX Font Info:    No math alphabet change to frozen version normal on input l
ine 915.
LaTeX Font Info:    No math alphabet change to frozen version normal on input l
ine 915.
LaTeX Font Info:    No math alphabet change to frozen version normal on input l
ine 915.
LaTeX Font Info:    No math alphabet change to frozen version normal on input l
ine 915.
LaTeX Font Info:    No math alphabet change to frozen version normal on input l
ine 915.
LaTeX Font Info:    No math alphabet change to frozen version normal on input l
ine 915.
LaTeX Font Info:    No math alphabet change to frozen version normal on input l
ine 915.
LaTeX Font Info:    No math alphabet change to frozen version normal on input l
ine 915.
LaTeX Font Info:    No math alphabet change to frozen version normal on input l
ine 915.
LaTeX Font Info:    No math alphabet change to frozen version normal on input l
ine 915.
LaTeX Font Info:    No math alphabet change to frozen version normal on input l
ine 915.
LaTeX Font Info:    No math alphabet change to frozen version normal on input l
ine 915.
LaTeX Font Info:    No math alphabet change to frozen version normal on input l
ine 915.
LaTeX Font Info:    No math alphabet change to frozen version normal on input l
ine 916.
LaTeX Font Info:    No math alphabet change to frozen version normal on input l
ine 916.
LaTeX Font Info:    No math alphabet change to frozen version normal on input l
ine 921.
LaTeX Font Info:    No math alphabet change to frozen version normal on input l
ine 922.
LaTeX Font Info:    No math alphabet change to frozen version normal on input l
ine 937.
LaTeX Font Info:    No math alphabet change to frozen version normal on input l
ine 937.
LaTeX Font Info:    No math alphabet change to frozen version normal on input l
ine 937.
LaTeX Font Info:    No math alphabet change to frozen version normal on input l
ine 937.
LaTeX Font Info:    No math alphabet change to frozen version normal on input l
ine 939.
LaTeX Font Info:    No math alphabet change to frozen version normal on input l
ine 939.
LaTeX Font Info:    No math alphabet change to frozen version normal on input l
ine 939.
LaTeX Font Info:    No math alphabet change to frozen version normal on input l
ine 939.
LaTeX Font Info:    No math alphabet change to frozen version normal on input l
ine 939.
LaTeX Font Info:    No math alphabet change to frozen version normal on input l
ine 939.
LaTeX Font Info:    No math alphabet change to frozen version normal on input l
ine 939.
LaTeX Font Info:    No math alphabet change to frozen version normal on input l
ine 939.
LaTeX Font Info:    No math alphabet change to frozen version normal on input l
ine 939.
LaTeX Font Info:    No math alphabet change to frozen version normal on input l
ine 939.
LaTeX Font Info:    No math alphabet change to frozen version normal on input l
ine 939.
LaTeX Font Info:    No math alphabet change to frozen version normal on input l
ine 939.
LaTeX Font Info:    No math alphabet change to frozen version normal on input l
ine 939.
LaTeX Font Info:    No math alphabet change to frozen version normal on input l
ine 939.
LaTeX Font Info:    No math alphabet change to frozen version normal on input l
ine 939.
LaTeX Font Info:    No math alphabet change to frozen version normal on input l
ine 939.
LaTeX Font Info:    No math alphabet change to frozen version normal on input l
ine 939.
LaTeX Font Info:    No math alphabet change to frozen version normal on input l
ine 939.
LaTeX Font Info:    No math alphabet change to frozen version normal on input l
ine 939.
LaTeX Font Info:    No math alphabet change to frozen version normal on input l
ine 939.
LaTeX Font Info:    No math alphabet change to frozen version normal on input l
ine 939.
LaTeX Font Info:    No math alphabet change to frozen version normal on input l
ine 939.
LaTeX Font Info:    No math alphabet change to frozen version normal on input l
ine 939.
LaTeX Font Info:    No math alphabet change to frozen version normal on input l
ine 939.
LaTeX Font Info:    No math alphabet change to frozen version normal on input l
ine 939.
LaTeX Font Info:    No math alphabet change to frozen version normal on input l
ine 939.
LaTeX Font Info:    No math alphabet change to frozen version normal on input l
ine 939.
LaTeX Font Info:    No math alphabet change to frozen version normal on input l
ine 939.
LaTeX Font Info:    No math alphabet change to frozen version normal on input l
ine 939.
LaTeX Font Info:    No math alphabet change to frozen version normal on input l
ine 939.
LaTeX Font Info:    No math alphabet change to frozen version normal on input l
ine 939.
LaTeX Font Info:    No math alphabet change to frozen version normal on input l
ine 939.
LaTeX Font Info:    No math alphabet change to frozen version normal on input l
ine 939.
LaTeX Font Info:    No math alphabet change to frozen version normal on input l
ine 939.
LaTeX Font Info:    No math alphabet change to frozen version normal on input l
ine 939.
LaTeX Font Info:    No math alphabet change to frozen version normal on input l
ine 939.
LaTeX Font Info:    No math alphabet change to frozen version normal on input l
ine 939.
LaTeX Font Info:    No math alphabet change to frozen version normal on input l
ine 939.
LaTeX Font Info:    No math alphabet change to frozen version normal on input l
ine 939.
LaTeX Font Info:    No math alphabet change to frozen version normal on input l
ine 939.
LaTeX Font Info:    No math alphabet change to frozen version normal on input l
ine 939.
LaTeX Font Info:    No math alphabet change to frozen version normal on input l
ine 939.
LaTeX Font Info:    No math alphabet change to frozen version normal on input l
ine 940.
LaTeX Font Info:    No math alphabet change to frozen version normal on input l
ine 940.
LaTeX Font Info:    No math alphabet change to frozen version normal on input l
ine 946.
LaTeX Font Info:    No math alphabet change to frozen version normal on input l
ine 961.
LaTeX Font Info:    No math alphabet change to frozen version normal on input l
ine 961.
LaTeX Font Info:    No math alphabet change to frozen version normal on input l
ine 961.
LaTeX Font Info:    No math alphabet change to frozen version normal on input l
ine 961.
LaTeX Font Info:    No math alphabet change to frozen version normal on input l
ine 963.
LaTeX Font Info:    No math alphabet change to frozen version normal on input l
ine 963.
LaTeX Font Info:    No math alphabet change to frozen version normal on input l
ine 963.
LaTeX Font Info:    No math alphabet change to frozen version normal on input l
ine 963.
LaTeX Font Info:    No math alphabet change to frozen version normal on input l
ine 963.
LaTeX Font Info:    No math alphabet change to frozen version normal on input l
ine 963.
LaTeX Font Info:    No math alphabet change to frozen version normal on input l
ine 963.
LaTeX Font Info:    No math alphabet change to frozen version normal on input l
ine 963.
LaTeX Font Info:    No math alphabet change to frozen version normal on input l
ine 963.
LaTeX Font Info:    No math alphabet change to frozen version normal on input l
ine 963.
LaTeX Font Info:    No math alphabet change to frozen version normal on input l
ine 963.
LaTeX Font Info:    No math alphabet change to frozen version normal on input l
ine 963.
LaTeX Font Info:    No math alphabet change to frozen version normal on input l
ine 963.
LaTeX Font Info:    No math alphabet change to frozen version normal on input l
ine 963.
LaTeX Font Info:    No math alphabet change to frozen version normal on input l
ine 963.
LaTeX Font Info:    No math alphabet change to frozen version normal on input l
ine 963.
LaTeX Font Info:    No math alphabet change to frozen version normal on input l
ine 963.
LaTeX Font Info:    No math alphabet change to frozen version normal on input l
ine 963.
LaTeX Font Info:    No math alphabet change to frozen version normal on input l
ine 963.
LaTeX Font Info:    No math alphabet change to frozen version normal on input l
ine 963.
LaTeX Font Info:    No math alphabet change to frozen version normal on input l
ine 963.
LaTeX Font Info:    No math alphabet change to frozen version normal on input l
ine 963.
LaTeX Font Info:    No math alphabet change to frozen version normal on input l
ine 963.
LaTeX Font Info:    No math alphabet change to frozen version normal on input l
ine 963.
LaTeX Font Info:    No math alphabet change to frozen version normal on input l
ine 963.
LaTeX Font Info:    No math alphabet change to frozen version normal on input l
ine 963.
LaTeX Font Info:    No math alphabet change to frozen version normal on input l
ine 963.
LaTeX Font Info:    No math alphabet change to frozen version normal on input l
ine 963.
LaTeX Font Info:    No math alphabet change to frozen version normal on input l
ine 963.
LaTeX Font Info:    No math alphabet change to frozen version normal on input l
ine 963.
LaTeX Font Info:    No math alphabet change to frozen version normal on input l
ine 963.
LaTeX Font Info:    No math alphabet change to frozen version normal on input l
ine 963.
LaTeX Font Info:    No math alphabet change to frozen version normal on input l
ine 963.
LaTeX Font Info:    No math alphabet change to frozen version normal on input l
ine 963.
LaTeX Font Info:    No math alphabet change to frozen version normal on input l
ine 963.
LaTeX Font Info:    No math alphabet change to frozen version normal on input l
ine 963.
LaTeX Font Info:    No math alphabet change to frozen version normal on input l
ine 963.
LaTeX Font Info:    No math alphabet change to frozen version normal on input l
ine 963.
LaTeX Font Info:    No math alphabet change to frozen version normal on input l
ine 963.
LaTeX Font Info:    No math alphabet change to frozen version normal on input l
ine 963.
LaTeX Font Info:    No math alphabet change to frozen version normal on input l
ine 963.
LaTeX Font Info:    No math alphabet change to frozen version normal on input l
ine 963.
LaTeX Font Info:    No math alphabet change to frozen version normal on input l
ine 964.
LaTeX Font Info:    No math alphabet change to frozen version normal on input l
ine 964.
LaTeX Font Info:    No math alphabet change to frozen version normal on input l
ine 970.
LaTeX Font Info:    No math alphabet change to frozen version normal on input l
ine 985.
LaTeX Font Info:    No math alphabet change to frozen version normal on input l
ine 985.
LaTeX Font Info:    No math alphabet change to frozen version normal on input l
ine 985.
LaTeX Font Info:    No math alphabet change to frozen version normal on input l
ine 985.
LaTeX Font Info:    No math alphabet change to frozen version normal on input l
ine 987.
LaTeX Font Info:    No math alphabet change to frozen version normal on input l
ine 987.
LaTeX Font Info:    No math alphabet change to frozen version normal on input l
ine 987.
LaTeX Font Info:    No math alphabet change to frozen version normal on input l
ine 987.
LaTeX Font Info:    No math alphabet change to frozen version normal on input l
ine 987.
LaTeX Font Info:    No math alphabet change to frozen version normal on input l
ine 987.
LaTeX Font Info:    No math alphabet change to frozen version normal on input l
ine 987.
LaTeX Font Info:    No math alphabet change to frozen version normal on input l
ine 987.
LaTeX Font Info:    No math alphabet change to frozen version normal on input l
ine 987.
LaTeX Font Info:    No math alphabet change to frozen version normal on input l
ine 987.
LaTeX Font Info:    No math alphabet change to frozen version normal on input l
ine 987.
LaTeX Font Info:    No math alphabet change to frozen version normal on input l
ine 987.
LaTeX Font Info:    No math alphabet change to frozen version normal on input l
ine 987.
LaTeX Font Info:    No math alphabet change to frozen version normal on input l
ine 987.
LaTeX Font Info:    No math alphabet change to frozen version normal on input l
ine 987.
LaTeX Font Info:    No math alphabet change to frozen version normal on input l
ine 987.
LaTeX Font Info:    No math alphabet change to frozen version normal on input l
ine 987.
LaTeX Font Info:    No math alphabet change to frozen version normal on input l
ine 987.
LaTeX Font Info:    No math alphabet change to frozen version normal on input l
ine 987.
LaTeX Font Info:    No math alphabet change to frozen version normal on input l
ine 987.
LaTeX Font Info:    No math alphabet change to frozen version normal on input l
ine 987.
LaTeX Font Info:    No math alphabet change to frozen version normal on input l
ine 987.
LaTeX Font Info:    No math alphabet change to frozen version normal on input l
ine 987.
LaTeX Font Info:    No math alphabet change to frozen version normal on input l
ine 987.
LaTeX Font Info:    No math alphabet change to frozen version normal on input l
ine 987.
LaTeX Font Info:    No math alphabet change to frozen version normal on input l
ine 987.
LaTeX Font Info:    No math alphabet change to frozen version normal on input l
ine 987.
LaTeX Font Info:    No math alphabet change to frozen version normal on input l
ine 987.
LaTeX Font Info:    No math alphabet change to frozen version normal on input l
ine 987.
LaTeX Font Info:    No math alphabet change to frozen version normal on input l
ine 987.
LaTeX Font Info:    No math alphabet change to frozen version normal on input l
ine 987.
LaTeX Font Info:    No math alphabet change to frozen version normal on input l
ine 987.
LaTeX Font Info:    No math alphabet change to frozen version normal on input l
ine 987.
LaTeX Font Info:    No math alphabet change to frozen version normal on input l
ine 987.
LaTeX Font Info:    No math alphabet change to frozen version normal on input l
ine 987.
LaTeX Font Info:    No math alphabet change to frozen version normal on input l
ine 987.
LaTeX Font Info:    No math alphabet change to frozen version normal on input l
ine 987.
LaTeX Font Info:    No math alphabet change to frozen version normal on input l
ine 987.
LaTeX Font Info:    No math alphabet change to frozen version normal on input l
ine 987.
LaTeX Font Info:    No math alphabet change to frozen version normal on input l
ine 987.
LaTeX Font Info:    No math alphabet change to frozen version normal on input l
ine 987.
LaTeX Font Info:    No math alphabet change to frozen version normal on input l
ine 987.
LaTeX Font Info:    No math alphabet change to frozen version normal on input l
ine 988.
LaTeX Font Info:    No math alphabet change to frozen version normal on input l
ine 988.
LaTeX Font Info:    No math alphabet change to frozen version normal on input l
ine 993.


Package fancyhdr Warning: \headheight is too small (12.0pt): 
(fancyhdr)                Make it at least 31.99992pt, for example:
(fancyhdr)                \setlength{\headheight}{31.99992pt}.
(fancyhdr)                You might also make \topmargin smaller to compensate:

(fancyhdr)                \addtolength{\topmargin}{-19.99992pt}.



<QR code requested for "https://zalo.me/g/ogytdc722" in version 0-M.>
<Error-correction level increased from M to Q at no cost.>

<Copying the QR code for "https://zalo.me/g/ogytdc722" in version 3-Q as previo
usly calculated.>
LaTeX Font Info:    No math alphabet change to frozen version normal on input l
ine 994.
\openout4 = `Hoa11_C01_CBHH_2.mw'.

[14] (./Hoa11_C01_CBHH_2.mw)
\openout4 = `Hoa11_C01_CBHH_2.mw'.

LaTeX Font Info:    No math alphabet change to frozen version normal on input l
ine 1009.
LaTeX Font Info:    No math alphabet change to frozen version normal on input l
ine 1009.
LaTeX Font Info:    No math alphabet change to frozen version normal on input l
ine 1009.
LaTeX Font Info:    No math alphabet change to frozen version normal on input l
ine 1009.
LaTeX Font Info:    No math alphabet change to frozen version normal on input l
ine 1011.
LaTeX Font Info:    No math alphabet change to frozen version normal on input l
ine 1011.
LaTeX Font Info:    No math alphabet change to frozen version normal on input l
ine 1011.
LaTeX Font Info:    No math alphabet change to frozen version normal on input l
ine 1011.
LaTeX Font Info:    No math alphabet change to frozen version normal on input l
ine 1011.
LaTeX Font Info:    No math alphabet change to frozen version normal on input l
ine 1011.
LaTeX Font Info:    No math alphabet change to frozen version normal on input l
ine 1011.
LaTeX Font Info:    No math alphabet change to frozen version normal on input l
ine 1011.
LaTeX Font Info:    No math alphabet change to frozen version normal on input l
ine 1011.
LaTeX Font Info:    No math alphabet change to frozen version normal on input l
ine 1011.
LaTeX Font Info:    No math alphabet change to frozen version normal on input l
ine 1011.
LaTeX Font Info:    No math alphabet change to frozen version normal on input l
ine 1011.
LaTeX Font Info:    No math alphabet change to frozen version normal on input l
ine 1011.
LaTeX Font Info:    No math alphabet change to frozen version normal on input l
ine 1011.
LaTeX Font Info:    No math alphabet change to frozen version normal on input l
ine 1011.
LaTeX Font Info:    No math alphabet change to frozen version normal on input l
ine 1011.
LaTeX Font Info:    No math alphabet change to frozen version normal on input l
ine 1011.
LaTeX Font Info:    No math alphabet change to frozen version normal on input l
ine 1011.
LaTeX Font Info:    No math alphabet change to frozen version normal on input l
ine 1011.
LaTeX Font Info:    No math alphabet change to frozen version normal on input l
ine 1011.
LaTeX Font Info:    No math alphabet change to frozen version normal on input l
ine 1011.
LaTeX Font Info:    No math alphabet change to frozen version normal on input l
ine 1011.
LaTeX Font Info:    No math alphabet change to frozen version normal on input l
ine 1011.
LaTeX Font Info:    No math alphabet change to frozen version normal on input l
ine 1011.
LaTeX Font Info:    No math alphabet change to frozen version normal on input l
ine 1011.
LaTeX Font Info:    No math alphabet change to frozen version normal on input l
ine 1011.
LaTeX Font Info:    No math alphabet change to frozen version normal on input l
ine 1011.
LaTeX Font Info:    No math alphabet change to frozen version normal on input l
ine 1011.
LaTeX Font Info:    No math alphabet change to frozen version normal on input l
ine 1011.
LaTeX Font Info:    No math alphabet change to frozen version normal on input l
ine 1011.
LaTeX Font Info:    No math alphabet change to frozen version normal on input l
ine 1011.
LaTeX Font Info:    No math alphabet change to frozen version normal on input l
ine 1011.
LaTeX Font Info:    No math alphabet change to frozen version normal on input l
ine 1011.
LaTeX Font Info:    No math alphabet change to frozen version normal on input l
ine 1011.
LaTeX Font Info:    No math alphabet change to frozen version normal on input l
ine 1011.
LaTeX Font Info:    No math alphabet change to frozen version normal on input l
ine 1011.
LaTeX Font Info:    No math alphabet change to frozen version normal on input l
ine 1011.
LaTeX Font Info:    No math alphabet change to frozen version normal on input l
ine 1011.
LaTeX Font Info:    No math alphabet change to frozen version normal on input l
ine 1011.
LaTeX Font Info:    No math alphabet change to frozen version normal on input l
ine 1011.
LaTeX Font Info:    No math alphabet change to frozen version normal on input l
ine 1011.
LaTeX Font Info:    No math alphabet change to frozen version normal on input l
ine 1011.
LaTeX Font Info:    No math alphabet change to frozen version normal on input l
ine 1012.
LaTeX Font Info:    No math alphabet change to frozen version normal on input l
ine 1012.
LaTeX Font Info:    No math alphabet change to frozen version normal on input l
ine 1016.
LaTeX Font Info:    No math alphabet change to frozen version normal on input l
ine 1033.
LaTeX Font Info:    No math alphabet change to frozen version normal on input l
ine 1033.
LaTeX Font Info:    No math alphabet change to frozen version normal on input l
ine 1033.
LaTeX Font Info:    No math alphabet change to frozen version normal on input l
ine 1033.
LaTeX Font Info:    No math alphabet change to frozen version normal on input l
ine 1035.
LaTeX Font Info:    No math alphabet change to frozen version normal on input l
ine 1035.
LaTeX Font Info:    No math alphabet change to frozen version normal on input l
ine 1035.
LaTeX Font Info:    No math alphabet change to frozen version normal on input l
ine 1035.
LaTeX Font Info:    No math alphabet change to frozen version normal on input l
ine 1035.
LaTeX Font Info:    No math alphabet change to frozen version normal on input l
ine 1035.
LaTeX Font Info:    No math alphabet change to frozen version normal on input l
ine 1035.
LaTeX Font Info:    No math alphabet change to frozen version normal on input l
ine 1035.
LaTeX Font Info:    No math alphabet change to frozen version normal on input l
ine 1035.
LaTeX Font Info:    No math alphabet change to frozen version normal on input l
ine 1035.
LaTeX Font Info:    No math alphabet change to frozen version normal on input l
ine 1035.
LaTeX Font Info:    No math alphabet change to frozen version normal on input l
ine 1035.
LaTeX Font Info:    No math alphabet change to frozen version normal on input l
ine 1035.
LaTeX Font Info:    No math alphabet change to frozen version normal on input l
ine 1035.
LaTeX Font Info:    No math alphabet change to frozen version normal on input l
ine 1035.
LaTeX Font Info:    No math alphabet change to frozen version normal on input l
ine 1035.
LaTeX Font Info:    No math alphabet change to frozen version normal on input l
ine 1035.
LaTeX Font Info:    No math alphabet change to frozen version normal on input l
ine 1035.
LaTeX Font Info:    No math alphabet change to frozen version normal on input l
ine 1035.
LaTeX Font Info:    No math alphabet change to frozen version normal on input l
ine 1035.
LaTeX Font Info:    No math alphabet change to frozen version normal on input l
ine 1035.
LaTeX Font Info:    No math alphabet change to frozen version normal on input l
ine 1035.
LaTeX Font Info:    No math alphabet change to frozen version normal on input l
ine 1035.
LaTeX Font Info:    No math alphabet change to frozen version normal on input l
ine 1035.
LaTeX Font Info:    No math alphabet change to frozen version normal on input l
ine 1035.
LaTeX Font Info:    No math alphabet change to frozen version normal on input l
ine 1035.
LaTeX Font Info:    No math alphabet change to frozen version normal on input l
ine 1035.
LaTeX Font Info:    No math alphabet change to frozen version normal on input l
ine 1035.
LaTeX Font Info:    No math alphabet change to frozen version normal on input l
ine 1035.
LaTeX Font Info:    No math alphabet change to frozen version normal on input l
ine 1035.
LaTeX Font Info:    No math alphabet change to frozen version normal on input l
ine 1035.
LaTeX Font Info:    No math alphabet change to frozen version normal on input l
ine 1035.
LaTeX Font Info:    No math alphabet change to frozen version normal on input l
ine 1035.
LaTeX Font Info:    No math alphabet change to frozen version normal on input l
ine 1035.
LaTeX Font Info:    No math alphabet change to frozen version normal on input l
ine 1035.
LaTeX Font Info:    No math alphabet change to frozen version normal on input l
ine 1035.
LaTeX Font Info:    No math alphabet change to frozen version normal on input l
ine 1035.
LaTeX Font Info:    No math alphabet change to frozen version normal on input l
ine 1035.
LaTeX Font Info:    No math alphabet change to frozen version normal on input l
ine 1035.
LaTeX Font Info:    No math alphabet change to frozen version normal on input l
ine 1035.
LaTeX Font Info:    No math alphabet change to frozen version normal on input l
ine 1035.
LaTeX Font Info:    No math alphabet change to frozen version normal on input l
ine 1035.
LaTeX Font Info:    No math alphabet change to frozen version normal on input l
ine 1036.
LaTeX Font Info:    No math alphabet change to frozen version normal on input l
ine 1036.
LaTeX Font Info:    No math alphabet change to frozen version normal on input l
ine 1040.
LaTeX Font Info:    No math alphabet change to frozen version normal on input l
ine 1042.
LaTeX Font Info:    No math alphabet change to frozen version normal on input l
ine 1057.
LaTeX Font Info:    No math alphabet change to frozen version normal on input l
ine 1057.
LaTeX Font Info:    No math alphabet change to frozen version normal on input l
ine 1057.
LaTeX Font Info:    No math alphabet change to frozen version normal on input l
ine 1057.
LaTeX Font Info:    No math alphabet change to frozen version normal on input l
ine 1059.
LaTeX Font Info:    No math alphabet change to frozen version normal on input l
ine 1059.
LaTeX Font Info:    No math alphabet change to frozen version normal on input l
ine 1059.
LaTeX Font Info:    No math alphabet change to frozen version normal on input l
ine 1059.
LaTeX Font Info:    No math alphabet change to frozen version normal on input l
ine 1059.
LaTeX Font Info:    No math alphabet change to frozen version normal on input l
ine 1059.
LaTeX Font Info:    No math alphabet change to frozen version normal on input l
ine 1059.
LaTeX Font Info:    No math alphabet change to frozen version normal on input l
ine 1059.
LaTeX Font Info:    No math alphabet change to frozen version normal on input l
ine 1059.
LaTeX Font Info:    No math alphabet change to frozen version normal on input l
ine 1059.
LaTeX Font Info:    No math alphabet change to frozen version normal on input l
ine 1059.
LaTeX Font Info:    No math alphabet change to frozen version normal on input l
ine 1059.
LaTeX Font Info:    No math alphabet change to frozen version normal on input l
ine 1059.
LaTeX Font Info:    No math alphabet change to frozen version normal on input l
ine 1059.
LaTeX Font Info:    No math alphabet change to frozen version normal on input l
ine 1059.
LaTeX Font Info:    No math alphabet change to frozen version normal on input l
ine 1059.
LaTeX Font Info:    No math alphabet change to frozen version normal on input l
ine 1059.
LaTeX Font Info:    No math alphabet change to frozen version normal on input l
ine 1059.
LaTeX Font Info:    No math alphabet change to frozen version normal on input l
ine 1059.
LaTeX Font Info:    No math alphabet change to frozen version normal on input l
ine 1059.
LaTeX Font Info:    No math alphabet change to frozen version normal on input l
ine 1059.
LaTeX Font Info:    No math alphabet change to frozen version normal on input l
ine 1059.
LaTeX Font Info:    No math alphabet change to frozen version normal on input l
ine 1059.
LaTeX Font Info:    No math alphabet change to frozen version normal on input l
ine 1059.
LaTeX Font Info:    No math alphabet change to frozen version normal on input l
ine 1059.
LaTeX Font Info:    No math alphabet change to frozen version normal on input l
ine 1059.
LaTeX Font Info:    No math alphabet change to frozen version normal on input l
ine 1059.
LaTeX Font Info:    No math alphabet change to frozen version normal on input l
ine 1059.
LaTeX Font Info:    No math alphabet change to frozen version normal on input l
ine 1059.
LaTeX Font Info:    No math alphabet change to frozen version normal on input l
ine 1059.
LaTeX Font Info:    No math alphabet change to frozen version normal on input l
ine 1059.
LaTeX Font Info:    No math alphabet change to frozen version normal on input l
ine 1059.
LaTeX Font Info:    No math alphabet change to frozen version normal on input l
ine 1059.
LaTeX Font Info:    No math alphabet change to frozen version normal on input l
ine 1059.
LaTeX Font Info:    No math alphabet change to frozen version normal on input l
ine 1059.
LaTeX Font Info:    No math alphabet change to frozen version normal on input l
ine 1059.
LaTeX Font Info:    No math alphabet change to frozen version normal on input l
ine 1059.
LaTeX Font Info:    No math alphabet change to frozen version normal on input l
ine 1059.
LaTeX Font Info:    No math alphabet change to frozen version normal on input l
ine 1059.
LaTeX Font Info:    No math alphabet change to frozen version normal on input l
ine 1059.
LaTeX Font Info:    No math alphabet change to frozen version normal on input l
ine 1059.
LaTeX Font Info:    No math alphabet change to frozen version normal on input l
ine 1059.
LaTeX Font Info:    No math alphabet change to frozen version normal on input l
ine 1060.
LaTeX Font Info:    No math alphabet change to frozen version normal on input l
ine 1060.
LaTeX Font Info:    No math alphabet change to frozen version normal on input l
ine 1066.
LaTeX Font Info:    No math alphabet change to frozen version normal on input l
ine 1080.
LaTeX Font Info:    No math alphabet change to frozen version normal on input l
ine 1080.
LaTeX Font Info:    No math alphabet change to frozen version normal on input l
ine 1083.


Package fancyhdr Warning: \headheight is too small (12.0pt): 
(fancyhdr)                Make it at least 31.99992pt, for example:
(fancyhdr)                \setlength{\headheight}{31.99992pt}.
(fancyhdr)                You might also make \topmargin smaller to compensate:

(fancyhdr)                \addtolength{\topmargin}{-19.99992pt}.




<QR code requested for "https://www.youtube.com/@hochoakhongkho" in version 0-M
.>

<Copying the QR code for "https://www.youtube.com/@hochoakhongkho" in version 3
-M as previously calculated.>
LaTeX Font Info:    No math alphabet change to frozen version normal on input l
ine 1103.
\openout4 = `Hoa11_C01_CBHH_2.mw'.

[15] (./Hoa11_C01_CBHH_2.mw)
\openout4 = `Hoa11_C01_CBHH_2.mw'.

LaTeX Font Info:    No math alphabet change to frozen version normal on input l
ine 1103.
LaTeX Font Info:    No math alphabet change to frozen version normal on input l
ine 1106.
LaTeX Font Info:    No math alphabet change to frozen version normal on input l
ine 1107.
LaTeX Font Info:    No math alphabet change to frozen version normal on input l
ine 1108.
LaTeX Font Info:    No math alphabet change to frozen version normal on input l
ine 1109.
LaTeX Font Info:    No math alphabet change to frozen version normal on input l
ine 1134.
LaTeX Font Info:    No math alphabet change to frozen version normal on input l
ine 1135.
LaTeX Font Info:    No math alphabet change to frozen version normal on input l
ine 1136.
LaTeX Font Info:    No math alphabet change to frozen version normal on input l
ine 1137.
LaTeX Font Info:    No math alphabet change to frozen version normal on input l
ine 1138.
LaTeX Font Info:    No math alphabet change to frozen version normal on input l
ine 1157.
LaTeX Font Info:    No math alphabet change to frozen version normal on input l
ine 1159.
\openout4 = `Ans/AnsBT-H11C01B01-BTTL02.tex'.

\openout4 = `Ans/LGBT-H11C01B01-BTTL02.tex'.


pdfTeX warning (ext4): destination with the same identifier (name{phan.1.1.2}) 
has been already used, duplicate ignored
<to be read again> 
                   \relax 
l.1205 ...�p trắc nghiệm nhiều phương án}
                                                  
Output from handle ansex going to Ans/LGEX-H11C01B01-BTTL02.tex
\openout4 = `Ans/LGEX-H11C01B01-BTTL02.tex'.

Output from handle ans going to Ans/Ans-H11C01B01-BTTL02.tex
\openout4 = `Ans/Ans-H11C01B01-BTTL02.tex'.

LaTeX Font Info:    No math alphabet change to frozen version normal on input l
ine 1214.
LaTeX Font Info:    No math alphabet change to frozen version normal on input l
ine 1214.

Overfull \hbox (0.84pt too wide) in paragraph at lines 1219--1219
   [] [] 
 []


Overfull \hbox (0.84pt too wide) in paragraph at lines 1219--1219
   [] [] 
 []


Overfull \hbox (0.84pt too wide) in paragraph at lines 1219--1219
   [] [] 
 []


Package fancyhdr Warning: \headheight is too small (12.0pt): 
(fancyhdr)                Make it at least 31.99992pt, for example:
(fancyhdr)                \setlength{\headheight}{31.99992pt}.
(fancyhdr)                You might also make \topmargin smaller to compensate:

(fancyhdr)                \addtolength{\topmargin}{-19.99992pt}.



<QR code requested for "https://zalo.me/g/ogytdc722" in version 0-M.>
<Error-correction level increased from M to Q at no cost.>

<Copying the QR code for "https://zalo.me/g/ogytdc722" in version 3-Q as previo
usly calculated.>
LaTeX Font Info:    No math alphabet change to frozen version normal on input l
ine 1219.
\openout4 = `Hoa11_C01_CBHH_2.mw'.

[16] (./Hoa11_C01_CBHH_2.mw)
\openout4 = `Hoa11_C01_CBHH_2.mw'.


Overfull \hbox (0.84pt too wide) in paragraph at lines 1219--1219
   [] [] 
 []

\openout4 = `Hoa11_C01_CBHH_2.mw'.

\openout4 = `Hoa11_C01_CBHH_2.mw'.

\openout4 = `Hoa11_C01_CBHH_2.mw'.

\openout4 = `Hoa11_C01_CBHH_2.mw'.

\openout4 = `Hoa11_C01_CBHH_2.mw'.

\openout4 = `Hoa11_C01_CBHH_2.mw'.

LaTeX Font Info:    No math alphabet change to frozen version normal on input l
ine 1232.
LaTeX Font Info:    No math alphabet change to frozen version normal on input l
ine 1232.
LaTeX Font Info:    No math alphabet change to frozen version normal on input l
ine 1232.
LaTeX Font Info:    No math alphabet change to frozen version normal on input l
ine 1232.
LaTeX Font Info:    No math alphabet change to frozen version normal on input l
ine 1232.

Overfull \hbox (0.84pt too wide) in paragraph at lines 1237--1237
   [] [] 
 []


Overfull \hbox (0.84pt too wide) in paragraph at lines 1237--1237
   [] [] 
 []


Overfull \hbox (0.84pt too wide) in paragraph at lines 1237--1237
   [] [] 
 []


Overfull \hbox (0.84pt too wide) in paragraph at lines 1237--1237
   [] [] 
 []

\openout4 = `Hoa11_C01_CBHH_2.mw'.

\openout4 = `Hoa11_C01_CBHH_2.mw'.

\openout4 = `Hoa11_C01_CBHH_2.mw'.

\openout4 = `Hoa11_C01_CBHH_2.mw'.

\openout4 = `Hoa11_C01_CBHH_2.mw'.

\openout4 = `Hoa11_C01_CBHH_2.mw'.

LaTeX Font Info:    No math alphabet change to frozen version normal on input l
ine 1250.
LaTeX Font Info:    No math alphabet change to frozen version normal on input l
ine 1255.

Overfull \hbox (0.84pt too wide) in paragraph at lines 1255--1255
   [] [] 
 []

LaTeX Font Info:    No math alphabet change to frozen version normal on input l
ine 1255.

Overfull \hbox (0.84pt too wide) in paragraph at lines 1255--1255
   [] [] 
 []


Overfull \hbox (0.84pt too wide) in paragraph at lines 1255--1255
   [] [] 
 []


Overfull \hbox (0.84pt too wide) in paragraph at lines 1255--1255
   [] [] 
 []

\openout4 = `Hoa11_C01_CBHH_2.mw'.

\openout4 = `Hoa11_C01_CBHH_2.mw'.

\openout4 = `Hoa11_C01_CBHH_2.mw'.

\openout4 = `Hoa11_C01_CBHH_2.mw'.

\openout4 = `Hoa11_C01_CBHH_2.mw'.

\openout4 = `Hoa11_C01_CBHH_2.mw'.

LaTeX Font Info:    No math alphabet change to frozen version normal on input l
ine 1267.
LaTeX Font Info:    No math alphabet change to frozen version normal on input l
ine 1267.
LaTeX Font Info:    No math alphabet change to frozen version normal on input l
ine 1272.
LaTeX Font Info:    No math alphabet change to frozen version normal on input l
ine 1272.
LaTeX Font Info:    No math alphabet change to frozen version normal on input l
ine 1272.

Overfull \hbox (0.84pt too wide) in paragraph at lines 1272--1272
   [] [] 
 []

LaTeX Font Info:    No math alphabet change to frozen version normal on input l
ine 1272.

Overfull \hbox (0.84pt too wide) in paragraph at lines 1272--1272
   [] [] 
 []


Overfull \hbox (0.84pt too wide) in paragraph at lines 1272--1272
   [] [] 
 []


Overfull \hbox (0.84pt too wide) in paragraph at lines 1272--1272
   [] [] 
 []

LaTeX Font Info:    No math alphabet change to frozen version normal on input l
ine 1282.
LaTeX Font Info:    No math alphabet change to frozen version normal on input l
ine 1282.
LaTeX Font Info:    No math alphabet change to frozen version normal on input l
ine 1287.
LaTeX Font Info:    No math alphabet change to frozen version normal on input l
ine 1287.
LaTeX Font Info:    No math alphabet change to frozen version normal on input l
ine 1287.
LaTeX Font Info:    No math alphabet change to frozen version normal on input l
ine 1287.
LaTeX Font Info:    No math alphabet change to frozen version normal on input l
ine 1287.
LaTeX Font Info:    No math alphabet change to frozen version normal on input l
ine 1287.
LaTeX Font Info:    No math alphabet change to frozen version normal on input l
ine 1287.
LaTeX Font Info:    No math alphabet change to frozen version normal on input l
ine 1287.
\openout4 = `Hoa11_C01_CBHH_2.mw'.

\openout4 = `Hoa11_C01_CBHH_2.mw'.

\openout4 = `Hoa11_C01_CBHH_2.mw'.

\openout4 = `Hoa11_C01_CBHH_2.mw'.

\openout4 = `Hoa11_C01_CBHH_2.mw'.

\openout4 = `Hoa11_C01_CBHH_2.mw'.

LaTeX Font Info:    No math alphabet change to frozen version normal on input l
ine 1299.
LaTeX Font Info:    No math alphabet change to frozen version normal on input l
ine 1299.
\openout4 = `Hoa11_C01_CBHH_2.mw'.

\openout4 = `Hoa11_C01_CBHH_2.mw'.

\openout4 = `Hoa11_C01_CBHH_2.mw'.

\openout4 = `Hoa11_C01_CBHH_2.mw'.

\openout4 = `Hoa11_C01_CBHH_2.mw'.

\openout4 = `Hoa11_C01_CBHH_2.mw'.

LaTeX Font Info:    No math alphabet change to frozen version normal on input l
ine 1312.

Overfull \hbox (0.84pt too wide) in paragraph at lines 1317--1317
   [] [] 
 []


Overfull \hbox (0.84pt too wide) in paragraph at lines 1317--1317
   [] [] 
 []


Overfull \hbox (0.84pt too wide) in paragraph at lines 1317--1317
   [] [] 
 []


Overfull \hbox (0.84pt too wide) in paragraph at lines 1317--1317
   [] [] 
 []

\openout4 = `Hoa11_C01_CBHH_2.mw'.

\openout4 = `Hoa11_C01_CBHH_2.mw'.

\openout4 = `Hoa11_C01_CBHH_2.mw'.

\openout4 = `Hoa11_C01_CBHH_2.mw'.

\openout4 = `Hoa11_C01_CBHH_2.mw'.

\openout4 = `Hoa11_C01_CBHH_2.mw'.

LaTeX Font Info:    No math alphabet change to frozen version normal on input l
ine 1329.
LaTeX Font Info:    No math alphabet change to frozen version normal on input l
ine 1334.
LaTeX Font Info:    No math alphabet change to frozen version normal on input l
ine 1334.
LaTeX Font Info:    No math alphabet change to frozen version normal on input l
ine 1334.
LaTeX Font Info:    No math alphabet change to frozen version normal on input l
ine 1334.
LaTeX Font Info:    No math alphabet change to frozen version normal on input l
ine 1334.

Overfull \hbox (0.84pt too wide) in paragraph at lines 1334--1334
   [] [] 
 []

LaTeX Font Info:    No math alphabet change to frozen version normal on input l
ine 1334.

Overfull \hbox (0.84pt too wide) in paragraph at lines 1334--1334
   [] [] 
 []

LaTeX Font Info:    No math alphabet change to frozen version normal on input l
ine 1334.
LaTeX Font Info:    No math alphabet change to frozen version normal on input l
ine 1334.

Overfull \hbox (0.84pt too wide) in paragraph at lines 1334--1334
   [] [] 
 []


Overfull \hbox (0.84pt too wide) in paragraph at lines 1334--1334
   [] [] 
 []

\openout4 = `Hoa11_C01_CBHH_2.mw'.

\openout4 = `Hoa11_C01_CBHH_2.mw'.

\openout4 = `Hoa11_C01_CBHH_2.mw'.

\openout4 = `Hoa11_C01_CBHH_2.mw'.

\openout4 = `Hoa11_C01_CBHH_2.mw'.

\openout4 = `Hoa11_C01_CBHH_2.mw'.

LaTeX Font Info:    No math alphabet change to frozen version normal on input l
ine 1344.
LaTeX Font Info:    No math alphabet change to frozen version normal on input l
ine 1344.
LaTeX Font Info:    No math alphabet change to frozen version normal on input l
ine 1349.
LaTeX Font Info:    No math alphabet change to frozen version normal on input l
ine 1349.

Overfull \hbox (0.84pt too wide) in paragraph at lines 1349--1349
   [] [] 
 []


Package fancyhdr Warning: \headheight is too small (12.0pt): 
(fancyhdr)                Make it at least 31.99992pt, for example:
(fancyhdr)                \setlength{\headheight}{31.99992pt}.
(fancyhdr)                You might also make \topmargin smaller to compensate:

(fancyhdr)                \addtolength{\topmargin}{-19.99992pt}.




<QR code requested for "https://www.youtube.com/@hochoakhongkho" in version 0-M
.>

<Copying the QR code for "https://www.youtube.com/@hochoakhongkho" in version 3
-M as previously calculated.>
LaTeX Font Info:    No math alphabet change to frozen version normal on input l
ine 1349.
\openout4 = `Hoa11_C01_CBHH_2.mw'.

[17] (./Hoa11_C01_CBHH_2.mw)
\openout4 = `Hoa11_C01_CBHH_2.mw'.


Overfull \hbox (0.84pt too wide) in paragraph at lines 1349--1349
   [] [] 
 []


Overfull \hbox (0.84pt too wide) in paragraph at lines 1349--1349
   [] [] 
 []


Overfull \hbox (0.84pt too wide) in paragraph at lines 1349--1349
   [] [] 
 []

\openout4 = `Hoa11_C01_CBHH_2.mw'.

\openout4 = `Hoa11_C01_CBHH_2.mw'.

\openout4 = `Hoa11_C01_CBHH_2.mw'.

\openout4 = `Hoa11_C01_CBHH_2.mw'.

\openout4 = `Hoa11_C01_CBHH_2.mw'.

\openout4 = `Hoa11_C01_CBHH_2.mw'.

LaTeX Font Info:    No math alphabet change to frozen version normal on input l
ine 1361.
LaTeX Font Info:    No math alphabet change to frozen version normal on input l
ine 1361.
LaTeX Font Info:    No math alphabet change to frozen version normal on input l
ine 1366.
LaTeX Font Info:    No math alphabet change to frozen version normal on input l
ine 1366.
LaTeX Font Info:    No math alphabet change to frozen version normal on input l
ine 1366.

Overfull \hbox (0.84pt too wide) in paragraph at lines 1366--1366
   [] [] 
 []


Overfull \hbox (0.84pt too wide) in paragraph at lines 1366--1366
   [] [] 
 []


Overfull \hbox (0.84pt too wide) in paragraph at lines 1366--1366
   [] [] 
 []

LaTeX Font Info:    No math alphabet change to frozen version normal on input l
ine 1366.

Overfull \hbox (0.84pt too wide) in paragraph at lines 1366--1366
   [] [] 
 []

\openout4 = `Hoa11_C01_CBHH_2.mw'.

\openout4 = `Hoa11_C01_CBHH_2.mw'.

\openout4 = `Hoa11_C01_CBHH_2.mw'.

\openout4 = `Hoa11_C01_CBHH_2.mw'.

\openout4 = `Hoa11_C01_CBHH_2.mw'.

\openout4 = `Hoa11_C01_CBHH_2.mw'.

LaTeX Font Info:    No math alphabet change to frozen version normal on input l
ine 1376.
LaTeX Font Info:    No math alphabet change to frozen version normal on input l
ine 1381.
LaTeX Font Info:    No math alphabet change to frozen version normal on input l
ine 1381.
LaTeX Font Info:    No math alphabet change to frozen version normal on input l
ine 1381.
LaTeX Font Info:    No math alphabet change to frozen version normal on input l
ine 1381.
LaTeX Font Info:    No math alphabet change to frozen version normal on input l
ine 1381.
LaTeX Font Info:    No math alphabet change to frozen version normal on input l
ine 1381.

Overfull \hbox (0.84pt too wide) in paragraph at lines 1381--1381
   [] [] 
 []

LaTeX Font Info:    No math alphabet change to frozen version normal on input l
ine 1381.

Overfull \hbox (0.84pt too wide) in paragraph at lines 1381--1381
   [] [] 
 []

LaTeX Font Info:    No math alphabet change to frozen version normal on input l
ine 1381.

Overfull \hbox (0.84pt too wide) in paragraph at lines 1381--1381
   [] [] 
 []

LaTeX Font Info:    No math alphabet change to frozen version normal on input l
ine 1381.
LaTeX Font Info:    No math alphabet change to frozen version normal on input l
ine 1381.

Overfull \hbox (0.84pt too wide) in paragraph at lines 1381--1381
   [] [] 
 []

\openout4 = `Hoa11_C01_CBHH_2.mw'.

\openout4 = `Hoa11_C01_CBHH_2.mw'.

\openout4 = `Hoa11_C01_CBHH_2.mw'.

\openout4 = `Hoa11_C01_CBHH_2.mw'.

\openout4 = `Hoa11_C01_CBHH_2.mw'.

\openout4 = `Hoa11_C01_CBHH_2.mw'.

LaTeX Font Info:    No math alphabet change to frozen version normal on input l
ine 1391.
LaTeX Font Info:    No math alphabet change to frozen version normal on input l
ine 1391.
LaTeX Font Info:    No math alphabet change to frozen version normal on input l
ine 1396.
LaTeX Font Info:    No math alphabet change to frozen version normal on input l
ine 1396.

Overfull \hbox (0.84pt too wide) in paragraph at lines 1396--1396
   [] [] 
 []


Overfull \hbox (0.84pt too wide) in paragraph at lines 1396--1396
   [] [] 
 []


Overfull \hbox (0.84pt too wide) in paragraph at lines 1396--1396
   [] [] 
 []


Overfull \hbox (0.84pt too wide) in paragraph at lines 1396--1396
   [] [] 
 []

\openout4 = `Hoa11_C01_CBHH_2.mw'.

\openout4 = `Hoa11_C01_CBHH_2.mw'.

\openout4 = `Hoa11_C01_CBHH_2.mw'.

\openout4 = `Hoa11_C01_CBHH_2.mw'.

\openout4 = `Hoa11_C01_CBHH_2.mw'.

\openout4 = `Hoa11_C01_CBHH_2.mw'.

LaTeX Font Info:    No math alphabet change to frozen version normal on input l
ine 1406.
LaTeX Font Info:    No math alphabet change to frozen version normal on input l
ine 1411.
LaTeX Font Info:    No math alphabet change to frozen version normal on input l
ine 1411.
LaTeX Font Info:    No math alphabet change to frozen version normal on input l
ine 1411.
LaTeX Font Info:    No math alphabet change to frozen version normal on input l
ine 1411.
LaTeX Font Info:    No math alphabet change to frozen version normal on input l
ine 1411.
LaTeX Font Info:    No math alphabet change to frozen version normal on input l
ine 1411.
LaTeX Font Info:    No math alphabet change to frozen version normal on input l
ine 1411.

Overfull \hbox (0.84pt too wide) in paragraph at lines 1411--1411
   [] [] 
 []

LaTeX Font Info:    No math alphabet change to frozen version normal on input l
ine 1411.

Overfull \hbox (0.84pt too wide) in paragraph at lines 1411--1411
   [] [] 
 []

LaTeX Font Info:    No math alphabet change to frozen version normal on input l
ine 1411.

Overfull \hbox (0.84pt too wide) in paragraph at lines 1411--1411
   [] [] 
 []

LaTeX Font Info:    No math alphabet change to frozen version normal on input l
ine 1411.

Overfull \hbox (0.84pt too wide) in paragraph at lines 1411--1411
   [] [] 
 []

\openout4 = `Hoa11_C01_CBHH_2.mw'.

\openout4 = `Hoa11_C01_CBHH_2.mw'.

\openout4 = `Hoa11_C01_CBHH_2.mw'.

\openout4 = `Hoa11_C01_CBHH_2.mw'.

\openout4 = `Hoa11_C01_CBHH_2.mw'.

\openout4 = `Hoa11_C01_CBHH_2.mw'.

LaTeX Font Info:    No math alphabet change to frozen version normal on input l
ine 1422.
LaTeX Font Info:    No math alphabet change to frozen version normal on input l
ine 1422.
LaTeX Font Info:    No math alphabet change to frozen version normal on input l
ine 1427.
LaTeX Font Info:    No math alphabet change to frozen version normal on input l
ine 1427.

Overfull \hbox (0.84pt too wide) in paragraph at lines 1427--1427
   [] [] 
 []


Overfull \hbox (0.84pt too wide) in paragraph at lines 1427--1427
   [] [] 
 []


Overfull \hbox (0.84pt too wide) in paragraph at lines 1427--1427
   [] [] 
 []


Overfull \hbox (0.84pt too wide) in paragraph at lines 1427--1427
   [] [] 
 []

\openout4 = `Hoa11_C01_CBHH_2.mw'.

\openout4 = `Hoa11_C01_CBHH_2.mw'.

\openout4 = `Hoa11_C01_CBHH_2.mw'.

\openout4 = `Hoa11_C01_CBHH_2.mw'.

\openout4 = `Hoa11_C01_CBHH_2.mw'.

\openout4 = `Hoa11_C01_CBHH_2.mw'.

LaTeX Font Info:    No math alphabet change to frozen version normal on input l
ine 1437.
LaTeX Font Info:    No math alphabet change to frozen version normal on input l
ine 1437.
LaTeX Font Info:    No math alphabet change to frozen version normal on input l
ine 1442.
LaTeX Font Info:    No math alphabet change to frozen version normal on input l
ine 1442.
LaTeX Font Info:    No math alphabet change to frozen version normal on input l
ine 1442.
LaTeX Font Info:    No math alphabet change to frozen version normal on input l
ine 1442.
LaTeX Font Info:    No math alphabet change to frozen version normal on input l
ine 1442.
LaTeX Font Info:    No math alphabet change to frozen version normal on input l
ine 1442.
\openout4 = `Hoa11_C01_CBHH_2.mw'.

\openout4 = `Hoa11_C01_CBHH_2.mw'.

\openout4 = `Hoa11_C01_CBHH_2.mw'.

\openout4 = `Hoa11_C01_CBHH_2.mw'.

\openout4 = `Hoa11_C01_CBHH_2.mw'.

\openout4 = `Hoa11_C01_CBHH_2.mw'.

LaTeX Font Info:    No math alphabet change to frozen version normal on input l
ine 1451.
LaTeX Font Info:    No math alphabet change to frozen version normal on input l
ine 1456.
LaTeX Font Info:    No math alphabet change to frozen version normal on input l
ine 1456.
LaTeX Font Info:    No math alphabet change to frozen version normal on input l
ine 1456.
LaTeX Font Info:    No math alphabet change to frozen version normal on input l
ine 1456.
LaTeX Font Info:    No math alphabet change to frozen version normal on input l
ine 1456.
LaTeX Font Info:    No math alphabet change to frozen version normal on input l
ine 1456.

Overfull \hbox (0.84pt too wide) in paragraph at lines 1456--1456
   [] [] 
 []

LaTeX Font Info:    No math alphabet change to frozen version normal on input l
ine 1456.

Overfull \hbox (0.84pt too wide) in paragraph at lines 1456--1456
   [] [] 
 []


Overfull \hbox (0.84pt too wide) in paragraph at lines 1456--1456
   [] [] 
 []

LaTeX Font Info:    No math alphabet change to frozen version normal on input l
ine 1456.

Overfull \hbox (0.84pt too wide) in paragraph at lines 1456--1456
   [] [] 
 []

\openout4 = `Hoa11_C01_CBHH_2.mw'.

\openout4 = `Hoa11_C01_CBHH_2.mw'.

\openout4 = `Hoa11_C01_CBHH_2.mw'.

\openout4 = `Hoa11_C01_CBHH_2.mw'.

\openout4 = `Hoa11_C01_CBHH_2.mw'.

\openout4 = `Hoa11_C01_CBHH_2.mw'.

\openout4 = `Ans/Ans-H11C01B01-BTTL02.tex'.

\openout4 = `Ans/LGEX-H11C01B01-BTTL02.tex'.


Package hyperref Warning: Token not allowed in a PDF string (Unicode):
(hyperref)                removing `\char' on input line 1469.


Package fancyhdr Warning: \headheight is too small (12.0pt): 
(fancyhdr)                Make it at least 31.99992pt, for example:
(fancyhdr)                \setlength{\headheight}{31.99992pt}.
(fancyhdr)                You might also make \topmargin smaller to compensate:

(fancyhdr)                \addtolength{\topmargin}{-19.99992pt}.



<QR code requested for "https://zalo.me/g/ogytdc722" in version 0-M.>
<Error-correction level increased from M to Q at no cost.>

<Copying the QR code for "https://zalo.me/g/ogytdc722" in version 3-Q as previo
usly calculated.>
LaTeX Font Info:    No math alphabet change to frozen version normal on input l
ine 1470.
\openout4 = `Hoa11_C01_CBHH_2.mw'.

[18] (./Hoa11_C01_CBHH_2.mw)
\openout4 = `Hoa11_C01_CBHH_2.mw'.


Output from handle ansbook going to Ansbook/Tamvd.tex
\openout4 = `Ansbook/Tamvd.tex'.

LaTeX Font Info:    No math alphabet change to frozen version normal on input l
ine 1475.
LaTeX Font Info:    No math alphabet change to frozen version normal on input l
ine 1475.
LaTeX Font Info:    No math alphabet change to frozen version normal on input l
ine 1480.
LaTeX Font Info:    No math alphabet change to frozen version normal on input l
ine 1480.
LaTeX Font Info:    No math alphabet change to frozen version normal on input l
ine 1480.
LaTeX Font Info:    No math alphabet change to frozen version normal on input l
ine 1480.
LaTeX Font Info:    No math alphabet change to frozen version normal on input l
ine 1480.
LaTeX Font Info:    No math alphabet change to frozen version normal on input l
ine 1480.
LaTeX Font Info:    No math alphabet change to frozen version normal on input l
ine 1480.
LaTeX Font Info:    No math alphabet change to frozen version normal on input l
ine 1480.
\openout4 = `Ansbook/Tamvd.tex'.


pdfTeX warning (ext4): destination with the same identifier (name{phan.1.1.1}) 
has been already used, duplicate ignored
<to be read again> 
                   \relax 
l.1484 \phan{Trắc nghiệm nhiều lựa chon}
                                                
Output from handle ansex going to Ans/LGEX-H11C01B01-BTTL03.tex
\openout4 = `Ans/LGEX-H11C01B01-BTTL03.tex'.

Output from handle ans going to Ans/Ans-H11C01B01-BTTL03.tex
\openout4 = `Ans/Ans-H11C01B01-BTTL03.tex'.

LaTeX Font Info:    No math alphabet change to frozen version normal on input l
ine 1493.
LaTeX Font Info:    No math alphabet change to frozen version normal on input l
ine 1493.
LaTeX Font Info:    No math alphabet change to frozen version normal on input l
ine 1498.
LaTeX Font Info:    No math alphabet change to frozen version normal on input l
ine 1498.
LaTeX Font Info:    No math alphabet change to frozen version normal on input l
ine 1498.
LaTeX Font Info:    No math alphabet change to frozen version normal on input l
ine 1498.
LaTeX Font Info:    No math alphabet change to frozen version normal on input l
ine 1498.
LaTeX Font Info:    No math alphabet change to frozen version normal on input l
ine 1498.
LaTeX Font Info:    No math alphabet change to frozen version normal on input l
ine 1498.
LaTeX Font Info:    No math alphabet change to frozen version normal on input l
ine 1498.
\openout4 = `Hoa11_C01_CBHH_2.mw'.

\openout4 = `Hoa11_C01_CBHH_2.mw'.

\openout4 = `Hoa11_C01_CBHH_2.mw'.

\openout4 = `Hoa11_C01_CBHH_2.mw'.

\openout4 = `Hoa11_C01_CBHH_2.mw'.

\openout4 = `Hoa11_C01_CBHH_2.mw'.

LaTeX Font Info:    No math alphabet change to frozen version normal on input l
ine 1503.
LaTeX Font Info:    No math alphabet change to frozen version normal on input l
ine 1503.
LaTeX Font Info:    No math alphabet change to frozen version normal on input l
ine 1508.
LaTeX Font Info:    No math alphabet change to frozen version normal on input l
ine 1508.
LaTeX Font Info:    No math alphabet change to frozen version normal on input l
ine 1508.
LaTeX Font Info:    No math alphabet change to frozen version normal on input l
ine 1508.
LaTeX Font Info:    No math alphabet change to frozen version normal on input l
ine 1508.
LaTeX Font Info:    No math alphabet change to frozen version normal on input l
ine 1508.
LaTeX Font Info:    No math alphabet change to frozen version normal on input l
ine 1508.
LaTeX Font Info:    No math alphabet change to frozen version normal on input l
ine 1508.
\openout4 = `Hoa11_C01_CBHH_2.mw'.

\openout4 = `Hoa11_C01_CBHH_2.mw'.

\openout4 = `Hoa11_C01_CBHH_2.mw'.

\openout4 = `Hoa11_C01_CBHH_2.mw'.

\openout4 = `Hoa11_C01_CBHH_2.mw'.

\openout4 = `Hoa11_C01_CBHH_2.mw'.

LaTeX Font Info:    No math alphabet change to frozen version normal on input l
ine 1513.
LaTeX Font Info:    No math alphabet change to frozen version normal on input l
ine 1513.
LaTeX Font Info:    No math alphabet change to frozen version normal on input l
ine 1518.
LaTeX Font Info:    No math alphabet change to frozen version normal on input l
ine 1518.
LaTeX Font Info:    No math alphabet change to frozen version normal on input l
ine 1518.
LaTeX Font Info:    No math alphabet change to frozen version normal on input l
ine 1518.
LaTeX Font Info:    No math alphabet change to frozen version normal on input l
ine 1518.
LaTeX Font Info:    No math alphabet change to frozen version normal on input l
ine 1518.
LaTeX Font Info:    No math alphabet change to frozen version normal on input l
ine 1518.
LaTeX Font Info:    No math alphabet change to frozen version normal on input l
ine 1518.
\openout4 = `Hoa11_C01_CBHH_2.mw'.

\openout4 = `Hoa11_C01_CBHH_2.mw'.

\openout4 = `Hoa11_C01_CBHH_2.mw'.

\openout4 = `Hoa11_C01_CBHH_2.mw'.

\openout4 = `Hoa11_C01_CBHH_2.mw'.

\openout4 = `Hoa11_C01_CBHH_2.mw'.

LaTeX Font Info:    No math alphabet change to frozen version normal on input l
ine 1523.
LaTeX Font Info:    No math alphabet change to frozen version normal on input l
ine 1523.
LaTeX Font Info:    No math alphabet change to frozen version normal on input l
ine 1528.
LaTeX Font Info:    No math alphabet change to frozen version normal on input l
ine 1528.
LaTeX Font Info:    No math alphabet change to frozen version normal on input l
ine 1528.
LaTeX Font Info:    No math alphabet change to frozen version normal on input l
ine 1528.
LaTeX Font Info:    No math alphabet change to frozen version normal on input l
ine 1528.
LaTeX Font Info:    No math alphabet change to frozen version normal on input l
ine 1528.
LaTeX Font Info:    No math alphabet change to frozen version normal on input l
ine 1528.
LaTeX Font Info:    No math alphabet change to frozen version normal on input l
ine 1528.
\openout4 = `Hoa11_C01_CBHH_2.mw'.

\openout4 = `Hoa11_C01_CBHH_2.mw'.

\openout4 = `Hoa11_C01_CBHH_2.mw'.

\openout4 = `Hoa11_C01_CBHH_2.mw'.

\openout4 = `Hoa11_C01_CBHH_2.mw'.

\openout4 = `Hoa11_C01_CBHH_2.mw'.


Package fancyhdr Warning: \headheight is too small (12.0pt): 
(fancyhdr)                Make it at least 31.99992pt, for example:
(fancyhdr)                \setlength{\headheight}{31.99992pt}.
(fancyhdr)                You might also make \topmargin smaller to compensate:

(fancyhdr)                \addtolength{\topmargin}{-19.99992pt}.




<QR code requested for "https://www.youtube.com/@hochoakhongkho" in version 0-M
.>

<Copying the QR code for "https://www.youtube.com/@hochoakhongkho" in version 3
-M as previously calculated.>
LaTeX Font Info:    No math alphabet change to frozen version normal on input l
ine 1533.
\openout4 = `Hoa11_C01_CBHH_2.mw'.

[19] (./Hoa11_C01_CBHH_2.mw)
\openout4 = `Hoa11_C01_CBHH_2.mw'.

\openout4 = `Hoa11_C01_CBHH_2.mw'.

\openout4 = `Hoa11_C01_CBHH_2.mw'.

LaTeX Font Info:    No math alphabet change to frozen version normal on input l
ine 1533.
LaTeX Font Info:    No math alphabet change to frozen version normal on input l
ine 1533.
LaTeX Font Info:    No math alphabet change to frozen version normal on input l
ine 1538.
LaTeX Font Info:    No math alphabet change to frozen version normal on input l
ine 1538.
LaTeX Font Info:    No math alphabet change to frozen version normal on input l
ine 1538.
LaTeX Font Info:    No math alphabet change to frozen version normal on input l
ine 1538.
LaTeX Font Info:    No math alphabet change to frozen version normal on input l
ine 1538.
LaTeX Font Info:    No math alphabet change to frozen version normal on input l
ine 1538.
LaTeX Font Info:    No math alphabet change to frozen version normal on input l
ine 1538.
LaTeX Font Info:    No math alphabet change to frozen version normal on input l
ine 1538.
\openout4 = `Hoa11_C01_CBHH_2.mw'.

\openout4 = `Hoa11_C01_CBHH_2.mw'.

\openout4 = `Hoa11_C01_CBHH_2.mw'.

\openout4 = `Hoa11_C01_CBHH_2.mw'.

\openout4 = `Hoa11_C01_CBHH_2.mw'.

\openout4 = `Hoa11_C01_CBHH_2.mw'.

\openout4 = `Ans/Ans-H11C01B01-BTTL03.tex'.

\openout4 = `Ans/LGEX-H11C01B01-BTTL03.tex'.


pdfTeX warning (ext4): destination with the same identifier (name{phan.1.1.2}) 
has been already used, duplicate ignored
<to be read again> 
                   \relax 
l.1544 \phan{Bài tập tự luận}
                                    
Output from handle ansbth going to Ans/LGBT-H11C01B01-BTTL03.tex
\openout4 = `Ans/LGBT-H11C01B01-BTTL03.tex'.

Output from handle ansbt going to Ans/AnsBT-LGBT-H11C01B01-BTTL03.tex
\openout4 = `Ans/AnsBT-LGBT-H11C01B01-BTTL03.tex'.

LaTeX Font Info:    No math alphabet change to frozen version normal on input l
ine 1552.
LaTeX Font Info:    No math alphabet change to frozen version normal on input l
ine 1552.
LaTeX Font Info:    No math alphabet change to frozen version normal on input l
ine 1552.
LaTeX Font Info:    No math alphabet change to frozen version normal on input l
ine 1552.
LaTeX Font Info:    No math alphabet change to frozen version normal on input l
ine 1552.
LaTeX Font Info:    No math alphabet change to frozen version normal on input l
ine 1553.
LaTeX Font Info:    No math alphabet change to frozen version normal on input l
ine 1553.
LaTeX Font Info:    No math alphabet change to frozen version normal on input l
ine 1553.
LaTeX Font Info:    No math alphabet change to frozen version normal on input l
ine 1553.
LaTeX Font Info:    No math alphabet change to frozen version normal on input l
ine 1575.
LaTeX Font Info:    No math alphabet change to frozen version normal on input l
ine 1575.
LaTeX Font Info:    No math alphabet change to frozen version normal on input l
ine 1575.
LaTeX Font Info:    No math alphabet change to frozen version normal on input l
ine 1576.
LaTeX Font Info:    No math alphabet change to frozen version normal on input l
ine 1576.
LaTeX Font Info:    No math alphabet change to frozen version normal on input l
ine 1576.
LaTeX Font Info:    No math alphabet change to frozen version normal on input l
ine 1576.
LaTeX Font Info:    No math alphabet change to frozen version normal on input l
ine 1599.
LaTeX Font Info:    No math alphabet change to frozen version normal on input l
ine 1599.
LaTeX Font Info:    No math alphabet change to frozen version normal on input l
ine 1599.
LaTeX Font Info:    No math alphabet change to frozen version normal on input l
ine 1600.
LaTeX Font Info:    No math alphabet change to frozen version normal on input l
ine 1600.
LaTeX Font Info:    No math alphabet change to frozen version normal on input l
ine 1600.
LaTeX Font Info:    No math alphabet change to frozen version normal on input l
ine 1600.
LaTeX Font Info:    No math alphabet change to frozen version normal on input l
ine 1623.
LaTeX Font Info:    No math alphabet change to frozen version normal on input l
ine 1623.
LaTeX Font Info:    No math alphabet change to frozen version normal on input l
ine 1624.
LaTeX Font Info:    No math alphabet change to frozen version normal on input l
ine 1624.
LaTeX Font Info:    No math alphabet change to frozen version normal on input l
ine 1624.
LaTeX Font Info:    No math alphabet change to frozen version normal on input l
ine 1624.
LaTeX Font Info:    No math alphabet change to frozen version normal on input l
ine 1646.
LaTeX Font Info:    No math alphabet change to frozen version normal on input l
ine 1646.
LaTeX Font Info:    No math alphabet change to frozen version normal on input l
ine 1647.
LaTeX Font Info:    No math alphabet change to frozen version normal on input l
ine 1647.
LaTeX Font Info:    No math alphabet change to frozen version normal on input l
ine 1647.
LaTeX Font Info:    No math alphabet change to frozen version normal on input l
ine 1647.
LaTeX Font Info:    No math alphabet change to frozen version normal on input l
ine 1647.
LaTeX Font Info:    No math alphabet change to frozen version normal on input l
ine 1670.
LaTeX Font Info:    No math alphabet change to frozen version normal on input l
ine 1670.
LaTeX Font Info:    No math alphabet change to frozen version normal on input l
ine 1671.
LaTeX Font Info:    No math alphabet change to frozen version normal on input l
ine 1671.
LaTeX Font Info:    No math alphabet change to frozen version normal on input l
ine 1671.
LaTeX Font Info:    No math alphabet change to frozen version normal on input l
ine 1671.
LaTeX Font Info:    No math alphabet change to frozen version normal on input l
ine 1671.
LaTeX Font Info:    No math alphabet change to frozen version normal on input l
ine 1694.
LaTeX Font Info:    No math alphabet change to frozen version normal on input l
ine 1694.
LaTeX Font Info:    No math alphabet change to frozen version normal on input l
ine 1695.
LaTeX Font Info:    No math alphabet change to frozen version normal on input l
ine 1695.
LaTeX Font Info:    No math alphabet change to frozen version normal on input l
ine 1695.
LaTeX Font Info:    No math alphabet change to frozen version normal on input l
ine 1695.
LaTeX Font Info:    No math alphabet change to frozen version normal on input l
ine 1695.
LaTeX Font Info:    No math alphabet change to frozen version normal on input l
ine 1718.
LaTeX Font Info:    No math alphabet change to frozen version normal on input l
ine 1718.
LaTeX Font Info:    No math alphabet change to frozen version normal on input l
ine 1719.
LaTeX Font Info:    No math alphabet change to frozen version normal on input l
ine 1719.
LaTeX Font Info:    No math alphabet change to frozen version normal on input l
ine 1719.
LaTeX Font Info:    No math alphabet change to frozen version normal on input l
ine 1719.
LaTeX Font Info:    No math alphabet change to frozen version normal on input l
ine 1742.
LaTeX Font Info:    No math alphabet change to frozen version normal on input l
ine 1742.
LaTeX Font Info:    No math alphabet change to frozen version normal on input l
ine 1742.
LaTeX Font Info:    No math alphabet change to frozen version normal on input l
ine 1743.
LaTeX Font Info:    No math alphabet change to frozen version normal on input l
ine 1743.
LaTeX Font Info:    No math alphabet change to frozen version normal on input l
ine 1743.
LaTeX Font Info:    No math alphabet change to frozen version normal on input l
ine 1743.
LaTeX Font Info:    No math alphabet change to frozen version normal on input l
ine 1766.
LaTeX Font Info:    No math alphabet change to frozen version normal on input l
ine 1766.
LaTeX Font Info:    No math alphabet change to frozen version normal on input l
ine 1766.
LaTeX Font Info:    No math alphabet change to frozen version normal on input l
ine 1767.
LaTeX Font Info:    No math alphabet change to frozen version normal on input l
ine 1767.
LaTeX Font Info:    No math alphabet change to frozen version normal on input l
ine 1767.
LaTeX Font Info:    No math alphabet change to frozen version normal on input l
ine 1767.

Package fancyhdr Warning: \headheight is too small (12.0pt): 
(fancyhdr)                Make it at least 31.99992pt, for example:
(fancyhdr)                \setlength{\headheight}{31.99992pt}.
(fancyhdr)                You might also make \topmargin smaller to compensate:

(fancyhdr)                \addtolength{\topmargin}{-19.99992pt}.



<QR code requested for "https://zalo.me/g/ogytdc722" in version 0-M.>
<Error-correction level increased from M to Q at no cost.>

<Copying the QR code for "https://zalo.me/g/ogytdc722" in version 3-Q as previo
usly calculated.>
LaTeX Font Info:    No math alphabet change to frozen version normal on input l
ine 1790.
\openout4 = `Hoa11_C01_CBHH_2.mw'.

[20] (./Hoa11_C01_CBHH_2.mw)
\openout4 = `Hoa11_C01_CBHH_2.mw'.

LaTeX Font Info:    No math alphabet change to frozen version normal on input l
ine 1790.
LaTeX Font Info:    No math alphabet change to frozen version normal on input l
ine 1790.
LaTeX Font Info:    No math alphabet change to frozen version normal on input l
ine 1791.
LaTeX Font Info:    No math alphabet change to frozen version normal on input l
ine 1791.
LaTeX Font Info:    No math alphabet change to frozen version normal on input l
ine 1791.
LaTeX Font Info:    No math alphabet change to frozen version normal on input l
ine 1791.
\openout4 = `Ans/AnsBT-LGBT-H11C01B01-BTTL03.tex'.

\openout4 = `Ans/LGBT-H11C01B01-BTTL03.tex'.



Package hyperref Warning: Token not allowed in a PDF string (Unicode):
(hyperref)                removing `\char' on input line 1815.


pdfTeX warning (ext4): destination with the same identifier (name{phan.1.1.1}) 
has been already used, duplicate ignored
<to be read again> 
                   \relax 
l.1817 \phan{Bài tập tự luận}
                                    
Output from handle ansbth going to Ans/LGBT-H11C01B01-BTTL04.tex
\openout4 = `Ans/LGBT-H11C01B01-BTTL04.tex'.

Output from handle ansbt going to Ans/AnsBT-LGBT-H11C01B01-BTTL04.tex
\openout4 = `Ans/AnsBT-LGBT-H11C01B01-BTTL04.tex'.

LaTeX Font Info:    No math alphabet change to frozen version normal on input l
ine 1826.
LaTeX Font Info:    No math alphabet change to frozen version normal on input l
ine 1827.
LaTeX Font Info:    No math alphabet change to frozen version normal on input l
ine 1827.
LaTeX Font Info:    No math alphabet change to frozen version normal on input l
ine 1827.
LaTeX Font Info:    No math alphabet change to frozen version normal on input l
ine 1827.
LaTeX Font Info:    No math alphabet change to frozen version normal on input l
ine 1827.
LaTeX Font Info:    No math alphabet change to frozen version normal on input l
ine 1829.
LaTeX Font Info:    No math alphabet change to frozen version normal on input l
ine 1829.
LaTeX Font Info:    No math alphabet change to frozen version normal on input l
ine 1830.
LaTeX Font Info:    No math alphabet change to frozen version normal on input l
ine 1861.
LaTeX Font Info:    No math alphabet change to frozen version normal on input l
ine 1865.
LaTeX Font Info:    No math alphabet change to frozen version normal on input l
ine 1865.
LaTeX Font Info:    No math alphabet change to frozen version normal on input l
ine 1865.
LaTeX Font Info:    No math alphabet change to frozen version normal on input l
ine 1865.
LaTeX Font Info:    No math alphabet change to frozen version normal on input l
ine 1867.
LaTeX Font Info:    No math alphabet change to frozen version normal on input l
ine 1867.
LaTeX Font Info:    No math alphabet change to frozen version normal on input l
ine 1867.
LaTeX Font Info:    No math alphabet change to frozen version normal on input l
ine 1867.
LaTeX Font Info:    No math alphabet change to frozen version normal on input l
ine 1867.
LaTeX Font Info:    No math alphabet change to frozen version normal on input l
ine 1869.
LaTeX Font Info:    No math alphabet change to frozen version normal on input l
ine 1869.
LaTeX Font Info:    No math alphabet change to frozen version normal on input l
ine 1869.
LaTeX Font Info:    No math alphabet change to frozen version normal on input l
ine 1869.
LaTeX Font Info:    No math alphabet change to frozen version normal on input l
ine 1869.
LaTeX Font Info:    No math alphabet change to frozen version normal on input l
ine 1871.
LaTeX Font Info:    No math alphabet change to frozen version normal on input l
ine 1894.
LaTeX Font Info:    No math alphabet change to frozen version normal on input l
ine 1894.
LaTeX Font Info:    No math alphabet change to frozen version normal on input l
ine 1894.
LaTeX Font Info:    No math alphabet change to frozen version normal on input l
ine 1894.
LaTeX Font Info:    No math alphabet change to frozen version normal on input l
ine 1894.
LaTeX Font Info:    No math alphabet change to frozen version normal on input l
ine 1894.
LaTeX Font Info:    No math alphabet change to frozen version normal on input l
ine 1896.
LaTeX Font Info:    No math alphabet change to frozen version normal on input l
ine 1897.
LaTeX Font Info:    No math alphabet change to frozen version normal on input l
ine 1898.
LaTeX Font Info:    No math alphabet change to frozen version normal on input l
ine 1898.
LaTeX Font Info:    No math alphabet change to frozen version normal on input l
ine 1898.
LaTeX Font Info:    No math alphabet change to frozen version normal on input l
ine 1928.
LaTeX Font Info:    No math alphabet change to frozen version normal on input l
ine 1929.
LaTeX Font Info:    No math alphabet change to frozen version normal on input l
ine 1934.
LaTeX Font Info:    No math alphabet change to frozen version normal on input l
ine 1936.
LaTeX Font Info:    No math alphabet change to frozen version normal on input l
ine 1938.

Package fancyhdr Warning: \headheight is too small (12.0pt): 
(fancyhdr)                Make it at least 31.99992pt, for example:
(fancyhdr)                \setlength{\headheight}{31.99992pt}.
(fancyhdr)                You might also make \topmargin smaller to compensate:

(fancyhdr)                \addtolength{\topmargin}{-19.99992pt}.




<QR code requested for "https://www.youtube.com/@hochoakhongkho" in version 0-M
.>

<Copying the QR code for "https://www.youtube.com/@hochoakhongkho" in version 3
-M as previously calculated.>
LaTeX Font Info:    No math alphabet change to frozen version normal on input l
ine 1942.
\openout4 = `Hoa11_C01_CBHH_2.mw'.

[21] (./Hoa11_C01_CBHH_2.mw)
\openout4 = `Hoa11_C01_CBHH_2.mw'.

\openout4 = `Hoa11_C01_CBHH_2.mw'.

\openout4 = `Hoa11_C01_CBHH_2.mw'.

LaTeX Font Info:    No math alphabet change to frozen version normal on input l
ine 1942.
LaTeX Font Info:    No math alphabet change to frozen version normal on input l
ine 1942.
LaTeX Font Info:    No math alphabet change to frozen version normal on input l
ine 1944.
LaTeX Font Info:    No math alphabet change to frozen version normal on input l
ine 1948.
LaTeX Font Info:    No math alphabet change to frozen version normal on input l
ine 1950.
LaTeX Font Info:    No math alphabet change to frozen version normal on input l
ine 1950.
LaTeX Font Info:    No math alphabet change to frozen version normal on input l
ine 1951.
LaTeX Font Info:    No math alphabet change to frozen version normal on input l
ine 1951.
LaTeX Font Info:    No math alphabet change to frozen version normal on input l
ine 1952.
LaTeX Font Info:    No math alphabet change to frozen version normal on input l
ine 1952.
LaTeX Font Info:    No math alphabet change to frozen version normal on input l
ine 1953.
LaTeX Font Info:    Trying to load font information for TS1+ptm on input line 1
953.

(c:/texlive/2024/texmf-dist/tex/latex/psnfss/ts1ptm.fd
File: ts1ptm.fd 2001/06/04 font definitions for TS1/ptm.
)

LaTeX Warning: Command \texttimes invalid in math mode on input line 1953.


LaTeX Warning: Command \texttimes invalid in math mode on input line 1953.

Missing character: There is no � in font zptmcmr!
LaTeX Font Info:    No math alphabet change to frozen version normal on input l
ine 1953.
LaTeX Font Info:    No math alphabet change to frozen version normal on input l
ine 1953.
LaTeX Font Info:    No math alphabet change to frozen version normal on input l
ine 1953.
LaTeX Font Info:    No math alphabet change to frozen version normal on input l
ine 1973.
LaTeX Font Info:    No math alphabet change to frozen version normal on input l
ine 1973.
LaTeX Font Info:    No math alphabet change to frozen version normal on input l
ine 1974.
LaTeX Font Info:    No math alphabet change to frozen version normal on input l
ine 1977.
LaTeX Font Info:    No math alphabet change to frozen version normal on input l
ine 1977.
LaTeX Font Info:    No math alphabet change to frozen version normal on input l
ine 1978.
LaTeX Font Info:    No math alphabet change to frozen version normal on input l
ine 1979.
LaTeX Font Info:    No math alphabet change to frozen version normal on input l
ine 1979.
\openout4 = `Ans/AnsBT-LGBT-H11C01B01-BTTL04.tex'.

\openout4 = `Ans/LGBT-H11C01B01-BTTL04.tex'.

) (./DuLieu/Lop_11/C01B02_SUDIENLI.tex

Package fancyhdr Warning: \headheight is too small (12.0pt): 
(fancyhdr)                Make it at least 31.99992pt, for example:
(fancyhdr)                \setlength{\headheight}{31.99992pt}.
(fancyhdr)                You might also make \topmargin smaller to compensate:

(fancyhdr)                \addtolength{\topmargin}{-19.99992pt}.



<QR code requested for "https://zalo.me/g/ogytdc722" in version 0-M.>
<Error-correction level increased from M to Q at no cost.>

<Copying the QR code for "https://zalo.me/g/ogytdc722" in version 3-Q as previo
usly calculated.>
LaTeX Font Info:    No math alphabet change to frozen version normal on input l
ine 1.
\openout4 = `Hoa11_C01_CBHH_2.mw'.

[22] (./Hoa11_C01_CBHH_2.mw)
\openout4 = `Hoa11_C01_CBHH_2.mw'.

\openout4 = `Hoa11_C01_CBHH_2.mw'.

\openout4 = `Hoa11_C01_CBHH_2.mw'.

LaTeX Font Info:    No math alphabet change to frozen version normal on input l
ine 10.


LaTeX Warning: Command \` invalid in math mode on input line 10.

Missing character: There is no � in font zptmcmr!
LaTeX Font Info:    No math alphabet change to frozen version normal on input l
ine 10.
<Images/anhhoa11/dopH.jpg, id=540, 1027.84pt x 1027.84pt>
File: Images/anhhoa11/dopH.jpg Graphic file (type jpg)
<use Images/anhhoa11/dopH.jpg>
Package pdftex.def Info: Images/anhhoa11/dopH.jpg  used on input line 22.
(pdftex.def)             Requested size: 142.26378pt x 142.24985pt.
LaTeX Font Info:    No math alphabet change to frozen version normal on input l
ine 22.
LaTeX Font Info:    No math alphabet change to frozen version normal on input l
ine 22.
LaTeX Font Info:    No math alphabet change to frozen version normal on input l
ine 22.
<Images/Icons/Icon3d_16.png, id=541, 150.5625pt x 150.5625pt>
File: Images/Icons/Icon3d_16.png Graphic file (type png)
<use Images/Icons/Icon3d_16.png>
Package pdftex.def Info: Images/Icons/Icon3d_16.png  used on input line 24.
(pdftex.def)             Requested size: 19.91684pt x 19.91682pt.

LaTeX Font Warning: Font shape `U/fontawesomeone/bx/n' undefined
(Font)              using `U/fontawesomeone/m/n' instead on input line 30.

LaTeX Font Info:    No math alphabet change to frozen version normal on input l
ine 32.
LaTeX Font Info:    No math alphabet change to frozen version normal on input l
ine 32.
LaTeX Font Info:    No math alphabet change to frozen version normal on input l
ine 32.
LaTeX Font Info:    No math alphabet change to frozen version normal on input l
ine 32.
LaTeX Font Info:    No math alphabet change to frozen version normal on input l
ine 32.
<Images/anhhoa11/dodandien_1.png, id=542, 776.9025pt x 541.52313pt>
File: Images/anhhoa11/dodandien_1.png Graphic file (type png)
<use Images/anhhoa11/dodandien_1.png>
Package pdftex.def Info: Images/anhhoa11/dodandien_1.png  used on input line 44
.
(pdftex.def)             Requested size: 111.06538pt x 77.41533pt.
<Images/anhhoa11/dodandien_2.png, id=543, 621.82312pt x 541.52313pt>
File: Images/anhhoa11/dodandien_2.png Graphic file (type png)
<use Images/anhhoa11/dodandien_2.png>
Package pdftex.def Info: Images/anhhoa11/dodandien_2.png  used on input line 50
.
(pdftex.def)             Requested size: 88.89536pt x 77.41533pt.
<Images/anhhoa11/dodandien_3.png, id=544, 766.36313pt x 541.52313pt>
File: Images/anhhoa11/dodandien_3.png Graphic file (type png)
<use Images/anhhoa11/dodandien_3.png>
Package pdftex.def Info: Images/anhhoa11/dodandien_3.png  used on input line 57
.
(pdftex.def)             Requested size: 109.55869pt x 77.41533pt.
<Images/anhhoa11/dodandien_4.png, id=545, 764.35562pt x 529.47812pt>
File: Images/anhhoa11/dodandien_4.png Graphic file (type png)
<use Images/anhhoa11/dodandien_4.png>
Package pdftex.def Info: Images/anhhoa11/dodandien_4.png  used on input line 64
.
(pdftex.def)             Requested size: 111.75594pt x 77.41533pt.

Overfull \hbox (1.16211pt too wide) in paragraph at lines 64--65
 [][] 
 []




<QR code requested for "https://www.youtube.com/@hochoakhongkho" in version 0-M
.>

<Copying the QR code for "https://www.youtube.com/@hochoakhongkho" in version 3
-M as previously calculated.>
LaTeX Font Info:    No math alphabet change to frozen version normal on input l
ine 98.
\openout4 = `Hoa11_C01_CBHH_2.mw'.

[23 <./Images/Icons/Icon3d_16.png> <./Images/anhhoa11/dopH.jpg>]
(./Hoa11_C01_CBHH_2.mw)
\openout4 = `Hoa11_C01_CBHH_2.mw'.

\openout4 = `Hoa11_C01_CBHH_2.mw'.

\openout4 = `Hoa11_C01_CBHH_2.mw'.

File: Images/Icons/Icon3dhoidap.png Graphic file (type png)
<use Images/Icons/Icon3dhoidap.png>
Package pdftex.def Info: Images/Icons/Icon3dhoidap.png  used on input line 98.
(pdftex.def)             Requested size: 17.07182pt x 17.07195pt.
LaTeX Font Info:    Trying to load font information for U+mvs on input line 98.

 (c:/texlive/2024/texmf-dist/tex/latex/marvosym/umvs.fd) (c:/texlive/2024/texmf
-dist/tex/latex/microtype/mt-mvs.cfg
File: mt-mvs.cfg 2006/07/05 v1.1 microtype config. file: Marvosym Euro (RS)
)
LaTeX Font Info:    Font shape `T5/fmm/m/n' will be
(Font)              scaled to size 6.0pt on input line 98.


Package microtype Warning: I cannot find a protrusion list for font
(microtype)                `T5/fmm/m/n/12'. Switching off
(microtype)                protrusion for this font on input line 98.


Underfull \hbox (badness 10000) in paragraph at lines 98--98

 []

LaTeX Font Info:    No math alphabet change to frozen version normal on input l
ine 98.
LaTeX Font Info:    No math alphabet change to frozen version normal on input l
ine 98.

Package fancyhdr Warning: \headheight is too small (12.0pt): 
(fancyhdr)                Make it at least 31.99992pt, for example:
(fancyhdr)                \setlength{\headheight}{31.99992pt}.
(fancyhdr)                You might also make \topmargin smaller to compensate:

(fancyhdr)                \addtolength{\topmargin}{-19.99992pt}.



<QR code requested for "https://zalo.me/g/ogytdc722" in version 0-M.>
<Error-correction level increased from M to Q at no cost.>

<Copying the QR code for "https://zalo.me/g/ogytdc722" in version 3-Q as previo
usly calculated.>
LaTeX Font Info:    No math alphabet change to frozen version normal on input l
ine 98.
\openout4 = `Hoa11_C01_CBHH_2.mw'.

[24 <./Images/anhhoa11/dodandien_1.png> <./Images/anhhoa11/dodandien_2.png> <./
Images/anhhoa11/dodandien_3.png> <./Images/anhhoa11/dodandien_4.png>]
(./Hoa11_C01_CBHH_2.mw)
\openout4 = `Hoa11_C01_CBHH_2.mw'.

LaTeX Font Info:    No math alphabet change to frozen version normal on input l
ine 98.
LaTeX Font Info:    No math alphabet change to frozen version normal on input l
ine 98.
LaTeX Font Info:    No math alphabet change to frozen version normal on input l
ine 98.
LaTeX Font Info:    No math alphabet change to frozen version normal on input l
ine 98.
LaTeX Font Info:    No math alphabet change to frozen version normal on input l
ine 108.
LaTeX Font Info:    No math alphabet change to frozen version normal on input l
ine 108.
LaTeX Font Info:    No math alphabet change to frozen version normal on input l
ine 108.
LaTeX Font Info:    No math alphabet change to frozen version normal on input l
ine 109.
LaTeX Font Info:    No math alphabet change to frozen version normal on input l
ine 109.
LaTeX Font Info:    No math alphabet change to frozen version normal on input l
ine 109.
LaTeX Font Info:    No math alphabet change to frozen version normal on input l
ine 109.
LaTeX Font Info:    No math alphabet change to frozen version normal on input l
ine 111.
LaTeX Font Info:    No math alphabet change to frozen version normal on input l
ine 111.
LaTeX Font Info:    No math alphabet change to frozen version normal on input l
ine 112.
LaTeX Font Info:    No math alphabet change to frozen version normal on input l
ine 112.
LaTeX Font Info:    No math alphabet change to frozen version normal on input l
ine 112.
LaTeX Font Info:    No math alphabet change to frozen version normal on input l
ine 112.
LaTeX Font Info:    No math alphabet change to frozen version normal on input l
ine 114.
LaTeX Font Info:    No math alphabet change to frozen version normal on input l
ine 114.
LaTeX Font Info:    No math alphabet change to frozen version normal on input l
ine 126.
LaTeX Font Info:    No math alphabet change to frozen version normal on input l
ine 126.
LaTeX Font Info:    No math alphabet change to frozen version normal on input l
ine 127.
LaTeX Font Info:    No math alphabet change to frozen version normal on input l
ine 127.
LaTeX Font Info:    No math alphabet change to frozen version normal on input l
ine 127.
LaTeX Font Info:    No math alphabet change to frozen version normal on input l
ine 127.
<Images/anhhoa11/dodandien.jpg, id=577, 469.755pt x 233.79346pt>
File: Images/anhhoa11/dodandien.jpg Graphic file (type jpg)
<use Images/anhhoa11/dodandien.jpg>
Package pdftex.def Info: Images/anhhoa11/dodandien.jpg  used on input line 130.

(pdftex.def)             Requested size: 156.49014pt x 122.34741pt.
LaTeX Font Info:    No math alphabet change to frozen version normal on input l
ine 131.
LaTeX Font Info:    No math alphabet change to frozen version normal on input l
ine 131.
LaTeX Font Info:    No math alphabet change to frozen version normal on input l
ine 131.
LaTeX Font Info:    No math alphabet change to frozen version normal on input l
ine 131.
File: Images/Icons/Icon3dhoidap.png Graphic file (type png)
<use Images/Icons/Icon3dhoidap.png>
Package pdftex.def Info: Images/Icons/Icon3dhoidap.png  used on input line 154.

(pdftex.def)             Requested size: 17.07182pt x 17.07195pt.
LaTeX Font Info:    No math alphabet change to frozen version normal on input l
ine 154.
LaTeX Font Info:    No math alphabet change to frozen version normal on input l
ine 154.

Underfull \hbox (badness 10000) in paragraph at lines 154--154

 []


Package fancyhdr Warning: \headheight is too small (12.0pt): 
(fancyhdr)                Make it at least 31.99992pt, for example:
(fancyhdr)                \setlength{\headheight}{31.99992pt}.
(fancyhdr)                You might also make \topmargin smaller to compensate:

(fancyhdr)                \addtolength{\topmargin}{-19.99992pt}.




<QR code requested for "https://www.youtube.com/@hochoakhongkho" in version 0-M
.>

<Copying the QR code for "https://www.youtube.com/@hochoakhongkho" in version 3
-M as previously calculated.>
LaTeX Font Info:    No math alphabet change to frozen version normal on input l
ine 154.
\openout4 = `Hoa11_C01_CBHH_2.mw'.

[25] (./Hoa11_C01_CBHH_2.mw)
\openout4 = `Hoa11_C01_CBHH_2.mw'.

LaTeX Font Info:    No math alphabet change to frozen version normal on input l
ine 154.
LaTeX Font Info:    No math alphabet change to frozen version normal on input l
ine 154.
LaTeX Font Info:    No math alphabet change to frozen version normal on input l
ine 154.
LaTeX Font Info:    No math alphabet change to frozen version normal on input l
ine 154.
LaTeX Font Info:    No math alphabet change to frozen version normal on input l
ine 154.
LaTeX Font Info:    No math alphabet change to frozen version normal on input l
ine 154.
LaTeX Font Info:    No math alphabet change to frozen version normal on input l
ine 154.
LaTeX Font Info:    No math alphabet change to frozen version normal on input l
ine 154.
LaTeX Font Info:    No math alphabet change to frozen version normal on input l
ine 154.
LaTeX Font Info:    No math alphabet change to frozen version normal on input l
ine 154.
LaTeX Font Info:    No math alphabet change to frozen version normal on input l
ine 154.
LaTeX Font Info:    No math alphabet change to frozen version normal on input l
ine 154.
LaTeX Font Info:    No math alphabet change to frozen version normal on input l
ine 154.
LaTeX Font Info:    No math alphabet change to frozen version normal on input l
ine 154.
LaTeX Font Info:    No math alphabet change to frozen version normal on input l
ine 154.
LaTeX Font Info:    No math alphabet change to frozen version normal on input l
ine 154.
LaTeX Font Info:    No math alphabet change to frozen version normal on input l
ine 154.
LaTeX Font Info:    No math alphabet change to frozen version normal on input l
ine 154.
LaTeX Font Info:    No math alphabet change to frozen version normal on input l
ine 154.
LaTeX Font Info:    No math alphabet change to frozen version normal on input l
ine 162.
LaTeX Font Info:    No math alphabet change to frozen version normal on input l
ine 163.
LaTeX Font Info:    No math alphabet change to frozen version normal on input l
ine 169.
LaTeX Font Info:    No math alphabet change to frozen version normal on input l
ine 169.
LaTeX Font Info:    No math alphabet change to frozen version normal on input l
ine 169.
LaTeX Font Info:    No math alphabet change to frozen version normal on input l
ine 169.
LaTeX Font Info:    No math alphabet change to frozen version normal on input l
ine 169.
LaTeX Font Info:    No math alphabet change to frozen version normal on input l
ine 169.
LaTeX Font Info:    No math alphabet change to frozen version normal on input l
ine 169.
LaTeX Font Info:    No math alphabet change to frozen version normal on input l
ine 170.
LaTeX Font Info:    No math alphabet change to frozen version normal on input l
ine 170.
LaTeX Font Info:    No math alphabet change to frozen version normal on input l
ine 170.
LaTeX Font Info:    No math alphabet change to frozen version normal on input l
ine 170.
LaTeX Font Info:    No math alphabet change to frozen version normal on input l
ine 170.
LaTeX Font Info:    No math alphabet change to frozen version normal on input l
ine 170.
LaTeX Font Info:    No math alphabet change to frozen version normal on input l
ine 171.
LaTeX Font Info:    No math alphabet change to frozen version normal on input l
ine 171.
LaTeX Font Info:    No math alphabet change to frozen version normal on input l
ine 171.
LaTeX Font Info:    No math alphabet change to frozen version normal on input l
ine 171.
LaTeX Font Info:    No math alphabet change to frozen version normal on input l
ine 171.
LaTeX Font Info:    No math alphabet change to frozen version normal on input l
ine 172.
LaTeX Font Info:    No math alphabet change to frozen version normal on input l
ine 173.
LaTeX Font Info:    No math alphabet change to frozen version normal on input l
ine 177.
LaTeX Font Info:    No math alphabet change to frozen version normal on input l
ine 181.
LaTeX Font Info:    No math alphabet change to frozen version normal on input l
ine 182.
LaTeX Font Info:    No math alphabet change to frozen version normal on input l
ine 187.


Package fancyhdr Warning: \headheight is too small (12.0pt): 
(fancyhdr)                Make it at least 31.99992pt, for example:
(fancyhdr)                \setlength{\headheight}{31.99992pt}.
(fancyhdr)                You might also make \topmargin smaller to compensate:

(fancyhdr)                \addtolength{\topmargin}{-19.99992pt}.



<QR code requested for "https://zalo.me/g/ogytdc722" in version 0-M.>
<Error-correction level increased from M to Q at no cost.>

<Copying the QR code for "https://zalo.me/g/ogytdc722" in version 3-Q as previo
usly calculated.>
LaTeX Font Info:    No math alphabet change to frozen version normal on input l
ine 189.
\openout4 = `Hoa11_C01_CBHH_2.mw'.

[26 <./Images/anhhoa11/dodandien.jpg>] (./Hoa11_C01_CBHH_2.mw)
\openout4 = `Hoa11_C01_CBHH_2.mw'.



Package microtype Warning: I cannot find a protrusion list for font
(microtype)                `T5/qag/b/it/12'. Switching off
(microtype)                protrusion for this font on input line 191.


LaTeX Font Warning: Font shape `U/fontawesomeone/b/it' undefined
(Font)              using `U/fontawesomeone/b/n' instead on input line 191.

<Images/anhhoa11/hoatanNaCl_2.jpg, id=604, 1726.45pt x 594.22pt>
File: Images/anhhoa11/hoatanNaCl_2.jpg Graphic file (type jpg)
<use Images/anhhoa11/hoatanNaCl_2.jpg>
Package pdftex.def Info: Images/anhhoa11/hoatanNaCl_2.jpg  used on input line 1
94.
(pdftex.def)             Requested size: 330.66325pt x 113.81102pt.

Package caption Warning: The option `hypcap=true' will be ignored for this
(caption)                particular \caption on input line 195.
See the caption package documentation for explanation.

Missing character: There is no i in font nullfont!
Missing character: There is no n in font nullfont!
Missing character: There is no t in font nullfont!
Missing character: There is no e in font nullfont!
Missing character: There is no r in font nullfont!
Missing character: There is no i in font nullfont!
Missing character: There is no o in font nullfont!
Missing character: There is no r in font nullfont!
Missing character: There is no c in font nullfont!
Missing character: There is no o in font nullfont!
Missing character: There is no d in font nullfont!
Missing character: There is no e in font nullfont!
Missing character: There is no = in font nullfont!
LaTeX Font Info:    No math alphabet change to frozen version normal on input l
ine 203.
File: Images/Icons/Icon3dhoidap.png Graphic file (type png)
<use Images/Icons/Icon3dhoidap.png>
Package pdftex.def Info: Images/Icons/Icon3dhoidap.png  used on input line 234.

(pdftex.def)             Requested size: 17.07182pt x 17.07195pt.

Underfull \hbox (badness 10000) in paragraph at lines 234--234

 []

LaTeX Font Info:    No math alphabet change to frozen version normal on input l
ine 234.

Package fancyhdr Warning: \headheight is too small (12.0pt): 
(fancyhdr)                Make it at least 31.99992pt, for example:
(fancyhdr)                \setlength{\headheight}{31.99992pt}.
(fancyhdr)                You might also make \topmargin smaller to compensate:

(fancyhdr)                \addtolength{\topmargin}{-19.99992pt}.




<QR code requested for "https://www.youtube.com/@hochoakhongkho" in version 0-M
.>

<Copying the QR code for "https://www.youtube.com/@hochoakhongkho" in version 3
-M as previously calculated.>
LaTeX Font Info:    No math alphabet change to frozen version normal on input l
ine 234.
\openout4 = `Hoa11_C01_CBHH_2.mw'.

[27 <./Images/anhhoa11/hoatanNaCl_2.jpg>] (./Hoa11_C01_CBHH_2.mw)
\openout4 = `Hoa11_C01_CBHH_2.mw'.

LaTeX Font Info:    No math alphabet change to frozen version normal on input l
ine 234.
LaTeX Font Info:    No math alphabet change to frozen version normal on input l
ine 234.
LaTeX Font Info:    No math alphabet change to frozen version normal on input l
ine 234.
LaTeX Font Info:    No math alphabet change to frozen version normal on input l
ine 234.
LaTeX Font Info:    No math alphabet change to frozen version normal on input l
ine 234.
LaTeX Font Info:    No math alphabet change to frozen version normal on input l
ine 234.
LaTeX Font Info:    No math alphabet change to frozen version normal on input l
ine 234.
LaTeX Font Info:    No math alphabet change to frozen version normal on input l
ine 234.
LaTeX Font Info:    No math alphabet change to frozen version normal on input l
ine 234.
LaTeX Font Info:    No math alphabet change to frozen version normal on input l
ine 238.
LaTeX Font Info:    No math alphabet change to frozen version normal on input l
ine 238.
LaTeX Font Info:    No math alphabet change to frozen version normal on input l
ine 238.
LaTeX Font Info:    No math alphabet change to frozen version normal on input l
ine 238.
LaTeX Font Info:    No math alphabet change to frozen version normal on input l
ine 238.
File: Images/Icons/Icon3dhoidap.png Graphic file (type png)
<use Images/Icons/Icon3dhoidap.png>
Package pdftex.def Info: Images/Icons/Icon3dhoidap.png  used on input line 240.

(pdftex.def)             Requested size: 17.07182pt x 17.07195pt.
Package microtype Info: Loading generic protrusion settings for font family
(microtype)             `cmss' (encoding: OT1).
(microtype)             For optimal results, create family-specific settings.
(microtype)             See the microtype manual for details.
LaTeX Font Info:    No math alphabet change to frozen version normal on input l
ine 244.


Package microtype Warning: I cannot find a protrusion list for font
(microtype)                `T5/ptm/m/it/10'. Switching off
(microtype)                protrusion for this font on input line 249.


Package microtype Warning: I cannot find a protrusion list for font
(microtype)                `T5/ptm/b/it/10'. Switching off
(microtype)                protrusion for this font on input line 249.


Package microtype Warning: I cannot find a protrusion list for font
(microtype)                `T5/qag/b/it/10'. Switching off
(microtype)                protrusion for this font on input line 249.

LaTeX Font Info:    Undo math alphabet allocation in version normal on input li
ne 267.
LaTeX Font Info:    Undo math alphabet allocation in version normal on input li
ne 267.

Package microtype Warning: I cannot find a protrusion list for font
(microtype)                `T5/ptm/b/it/8'. Switching off
(microtype)                protrusion for this font on input line 267.

LaTeX Font Info:    No math alphabet change to frozen version normal on input l
ine 267.
LaTeX Font Info:    Undo math alphabet allocation in version normal on input li
ne 267.
LaTeX Font Info:    Undo math alphabet allocation in version normal on input li
ne 267.
LaTeX Font Info:    No math alphabet change to frozen version normal on input l
ine 269.
LaTeX Font Info:    No math alphabet change to frozen version normal on input l
ine 272.
LaTeX Font Info:    No math alphabet change to frozen version normal on input l
ine 272.
LaTeX Font Info:    No math alphabet change to frozen version normal on input l
ine 272.
LaTeX Font Info:    Undo math alphabet allocation in version normal on input li
ne 292.
LaTeX Font Info:    Undo math alphabet allocation in version normal on input li
ne 292.
LaTeX Font Info:    No math alphabet change to frozen version normal on input l
ine 292.
LaTeX Font Info:    Undo math alphabet allocation in version normal on input li
ne 292.
LaTeX Font Info:    Undo math alphabet allocation in version normal on input li
ne 292.
LaTeX Font Info:    No math alphabet change to frozen version normal on input l
ine 294.
LaTeX Font Info:    No math alphabet change to frozen version normal on input l
ine 297.
LaTeX Font Info:    No math alphabet change to frozen version normal on input l
ine 297.
LaTeX Font Info:    No math alphabet change to frozen version normal on input l
ine 297.
LaTeX Font Info:    No math alphabet change to frozen version normal on input l
ine 297.
LaTeX Font Info:    No math alphabet change to frozen version normal on input l
ine 297.
LaTeX Font Info:    Undo math alphabet allocation in version normal on input li
ne 318.
LaTeX Font Info:    Undo math alphabet allocation in version normal on input li
ne 318.
LaTeX Font Info:    No math alphabet change to frozen version normal on input l
ine 318.
LaTeX Font Info:    Undo math alphabet allocation in version normal on input li
ne 318.
LaTeX Font Info:    Undo math alphabet allocation in version normal on input li
ne 318.
LaTeX Font Info:    No math alphabet change to frozen version normal on input l
ine 320.
LaTeX Font Info:    No math alphabet change to frozen version normal on input l
ine 321.
LaTeX Font Info:    No math alphabet change to frozen version normal on input l
ine 324.
LaTeX Font Info:    No math alphabet change to frozen version normal on input l
ine 324.
LaTeX Font Info:    No math alphabet change to frozen version normal on input l
ine 324.
LaTeX Font Info:    No math alphabet change to frozen version normal on input l
ine 324.
LaTeX Font Info:    No math alphabet change to frozen version normal on input l
ine 324.
LaTeX Font Info:    No math alphabet change to frozen version normal on input l
ine 324.
Missing character: There is no i in font nullfont!
Missing character: There is no n in font nullfont!
Missing character: There is no t in font nullfont!
Missing character: There is no e in font nullfont!
Missing character: There is no r in font nullfont!
Missing character: There is no i in font nullfont!
Missing character: There is no o in font nullfont!
Missing character: There is no r in font nullfont!
Missing character: There is no c in font nullfont!
Missing character: There is no o in font nullfont!
Missing character: There is no d in font nullfont!
Missing character: There is no e in font nullfont!
Missing character: There is no = in font nullfont!
LaTeX Font Info:    No math alphabet change to frozen version normal on input l
ine 332.
LaTeX Font Info:    No math alphabet change to frozen version normal on input l
ine 333.

Package fancyhdr Warning: \headheight is too small (12.0pt): 
(fancyhdr)                Make it at least 31.99992pt, for example:
(fancyhdr)                \setlength{\headheight}{31.99992pt}.
(fancyhdr)                You might also make \topmargin smaller to compensate:

(fancyhdr)                \addtolength{\topmargin}{-19.99992pt}.



<QR code requested for "https://zalo.me/g/ogytdc722" in version 0-M.>
<Error-correction level increased from M to Q at no cost.>

<Copying the QR code for "https://zalo.me/g/ogytdc722" in version 3-Q as previo
usly calculated.>
LaTeX Font Info:    No math alphabet change to frozen version normal on input l
ine 350.
\openout4 = `Hoa11_C01_CBHH_2.mw'.

[28] (./Hoa11_C01_CBHH_2.mw)
\openout4 = `Hoa11_C01_CBHH_2.mw'.

File: Images/Icons/Icon3dhoidap.png Graphic file (type png)
<use Images/Icons/Icon3dhoidap.png>
Package pdftex.def Info: Images/Icons/Icon3dhoidap.png  used on input line 350.

(pdftex.def)             Requested size: 17.07182pt x 17.07195pt.
LaTeX Font Info:    No math alphabet change to frozen version normal on input l
ine 350.
LaTeX Font Info:    No math alphabet change to frozen version normal on input l
ine 350.
LaTeX Font Info:    No math alphabet change to frozen version normal on input l
ine 350.
LaTeX Font Info:    No math alphabet change to frozen version normal on input l
ine 350.
LaTeX Font Info:    No math alphabet change to frozen version normal on input l
ine 350.
LaTeX Font Info:    No math alphabet change to frozen version normal on input l
ine 350.
LaTeX Font Info:    No math alphabet change to frozen version normal on input l
ine 350.
LaTeX Font Info:    No math alphabet change to frozen version normal on input l
ine 350.
LaTeX Font Info:    No math alphabet change to frozen version normal on input l
ine 350.
LaTeX Font Info:    No math alphabet change to frozen version normal on input l
ine 350.
LaTeX Font Info:    No math alphabet change to frozen version normal on input l
ine 350.
LaTeX Font Info:    No math alphabet change to frozen version normal on input l
ine 350.
LaTeX Font Info:    No math alphabet change to frozen version normal on input l
ine 350.
LaTeX Font Info:    No math alphabet change to frozen version normal on input l
ine 350.
LaTeX Font Info:    No math alphabet change to frozen version normal on input l
ine 350.
LaTeX Font Info:    No math alphabet change to frozen version normal on input l
ine 369.
LaTeX Font Info:    No math alphabet change to frozen version normal on input l
ine 370.
LaTeX Font Info:    No math alphabet change to frozen version normal on input l
ine 372.
LaTeX Font Info:    No math alphabet change to frozen version normal on input l
ine 374.
LaTeX Font Info:    No math alphabet change to frozen version normal on input l
ine 374.
LaTeX Font Info:    No math alphabet change to frozen version normal on input l
ine 376.
LaTeX Font Info:    No math alphabet change to frozen version normal on input l
ine 376.
LaTeX Font Info:    No math alphabet change to frozen version normal on input l
ine 376.
LaTeX Font Info:    No math alphabet change to frozen version normal on input l
ine 376.


Package fancyhdr Warning: \headheight is too small (12.0pt): 
(fancyhdr)                Make it at least 31.99992pt, for example:
(fancyhdr)                \setlength{\headheight}{31.99992pt}.
(fancyhdr)                You might also make \topmargin smaller to compensate:

(fancyhdr)                \addtolength{\topmargin}{-19.99992pt}.




<QR code requested for "https://www.youtube.com/@hochoakhongkho" in version 0-M
.>

<Copying the QR code for "https://www.youtube.com/@hochoakhongkho" in version 3
-M as previously calculated.>
LaTeX Font Info:    No math alphabet change to frozen version normal on input l
ine 377.
\openout4 = `Hoa11_C01_CBHH_2.mw'.

[29] (./Hoa11_C01_CBHH_2.mw)
\openout4 = `Hoa11_C01_CBHH_2.mw'.

LaTeX Font Info:    No math alphabet change to frozen version normal on input l
ine 378.
LaTeX Font Info:    No math alphabet change to frozen version normal on input l
ine 378.
LaTeX Font Info:    No math alphabet change to frozen version normal on input l
ine 379.
LaTeX Font Info:    No math alphabet change to frozen version normal on input l
ine 380.
LaTeX Font Info:    No math alphabet change to frozen version normal on input l
ine 380.
LaTeX Font Info:    No math alphabet change to frozen version normal on input l
ine 381.
LaTeX Font Info:    No math alphabet change to frozen version normal on input l
ine 381.
LaTeX Font Info:    No math alphabet change to frozen version normal on input l
ine 383.
LaTeX Font Info:    No math alphabet change to frozen version normal on input l
ine 385.
LaTeX Font Info:    No math alphabet change to frozen version normal on input l
ine 385.
LaTeX Font Info:    No math alphabet change to frozen version normal on input l
ine 385.
LaTeX Font Info:    No math alphabet change to frozen version normal on input l
ine 386.
LaTeX Font Info:    No math alphabet change to frozen version normal on input l
ine 386.
LaTeX Font Info:    No math alphabet change to frozen version normal on input l
ine 386.
LaTeX Font Info:    No math alphabet change to frozen version normal on input l
ine 387.
LaTeX Font Info:    No math alphabet change to frozen version normal on input l
ine 387.
<Images/anhhoa11/pHscale.png, id=656, 597.27272pt x 142.15091pt>
File: Images/anhhoa11/pHscale.png Graphic file (type png)
<use Images/anhhoa11/pHscale.png>
Package pdftex.def Info: Images/anhhoa11/pHscale.png  used on input line 393.
(pdftex.def)             Requested size: 341.43306pt x 81.26328pt.


Package caption Warning: The option `hypcap=true' will be ignored for this
(caption)                particular \caption on input line 394.
See the caption package documentation for explanation.


Package fancyhdr Warning: \headheight is too small (12.0pt): 
(fancyhdr)                Make it at least 31.99992pt, for example:
(fancyhdr)                \setlength{\headheight}{31.99992pt}.
(fancyhdr)                You might also make \topmargin smaller to compensate:

(fancyhdr)                \addtolength{\topmargin}{-19.99992pt}.



<QR code requested for "https://zalo.me/g/ogytdc722" in version 0-M.>
<Error-correction level increased from M to Q at no cost.>

<Copying the QR code for "https://zalo.me/g/ogytdc722" in version 3-Q as previo
usly calculated.>
LaTeX Font Info:    No math alphabet change to frozen version normal on input l
ine 420.
\openout4 = `Hoa11_C01_CBHH_2.mw'.

[30 <./Images/anhhoa11/pHscale.png>] (./Hoa11_C01_CBHH_2.mw)
\openout4 = `Hoa11_C01_CBHH_2.mw'.



Package microtype Warning: I cannot find a protrusion list for font
(microtype)                `T5/ptm/m/it/17.28'. Switching off
(microtype)                protrusion for this font on input line 436.


Package microtype Warning: I cannot find a protrusion list for font
(microtype)                `T5/ptm/b/it/17.28'. Switching off
(microtype)                protrusion for this font on input line 436.


Package microtype Warning: I cannot find a protrusion list for font
(microtype)                `T5/cmss/bx/it/17.28'. Switching off
(microtype)                protrusion for this font on input line 436.

<Images/anhhoa11/hoacamtucau.png, id=673, 707.64375pt x 593.21625pt>
File: Images/anhhoa11/hoacamtucau.png Graphic file (type png)
<use Images/anhhoa11/hoacamtucau.png>
Package pdftex.def Info: Images/anhhoa11/hoacamtucau.png  used on input line 44
5.
(pdftex.def)             Requested size: 168.58185pt x 213.39566pt.
LaTeX Font Info:    No math alphabet change to frozen version normal on input l
ine 445.
LaTeX Font Info:    No math alphabet change to frozen version normal on input l
ine 445.
LaTeX Font Info:    No math alphabet change to frozen version normal on input l
ine 445.
LaTeX Font Info:    No math alphabet change to frozen version normal on input l
ine 445.
Missing character: There is no i in font nullfont!
Missing character: There is no n in font nullfont!
Missing character: There is no t in font nullfont!
Missing character: There is no e in font nullfont!
Missing character: There is no r in font nullfont!
Missing character: There is no i in font nullfont!
Missing character: There is no o in font nullfont!
Missing character: There is no r in font nullfont!
Missing character: There is no c in font nullfont!
Missing character: There is no o in font nullfont!
Missing character: There is no d in font nullfont!
Missing character: There is no e in font nullfont!
Missing character: There is no = in font nullfont!
Missing character: There is no , in font nullfont!
Missing character: There is no t in font nullfont!
Missing character: There is no i in font nullfont!
Missing character: There is no t in font nullfont!
Missing character: There is no l in font nullfont!
Missing character: There is no e in font nullfont!
Missing character: There is no c in font nullfont!
Missing character: There is no o in font nullfont!
Missing character: There is no d in font nullfont!
Missing character: There is no e in font nullfont!
Missing character: There is no = in font nullfont!
File: Images/Icons/Icon_bancobiet.png Graphic file (type png)
<use Images/Icons/Icon_bancobiet.png>
Package pdftex.def Info: Images/Icons/Icon_bancobiet.png  used on input line 44
6.
(pdftex.def)             Requested size: 17.64056pt x 17.63931pt.
LaTeX Font Info:    No math alphabet change to frozen version normal on input l
ine 448.
LaTeX Font Info:    No math alphabet change to frozen version normal on input l
ine 448.
LaTeX Font Info:    No math alphabet change to frozen version normal on input l
ine 451.
LaTeX Font Info:    No math alphabet change to frozen version normal on input l
ine 451.
LaTeX Font Info:    No math alphabet change to frozen version normal on input l
ine 451.
LaTeX Font Info:    No math alphabet change to frozen version normal on input l
ine 451.
LaTeX Font Info:    No math alphabet change to frozen version normal on input l
ine 454.
LaTeX Font Info:    No math alphabet change to frozen version normal on input l
ine 455.
LaTeX Font Info:    No math alphabet change to frozen version normal on input l
ine 456.
LaTeX Font Info:    No math alphabet change to frozen version normal on input l
ine 456.
LaTeX Font Info:    No math alphabet change to frozen version normal on input l
ine 456.
LaTeX Font Info:    No math alphabet change to frozen version normal on input l
ine 456.
LaTeX Font Info:    No math alphabet change to frozen version normal on input l
ine 456.
LaTeX Font Info:    No math alphabet change to frozen version normal on input l
ine 456.
LaTeX Font Info:    No math alphabet change to frozen version normal on input l
ine 459.
LaTeX Font Info:    No math alphabet change to frozen version normal on input l
ine 459.
LaTeX Font Info:    No math alphabet change to frozen version normal on input l
ine 459.
LaTeX Font Info:    No math alphabet change to frozen version normal on input l
ine 460.
LaTeX Font Info:    No math alphabet change to frozen version normal on input l
ine 461.
LaTeX Font Info:    No math alphabet change to frozen version normal on input l
ine 462.
LaTeX Font Info:    No math alphabet change to frozen version normal on input l
ine 463.
LaTeX Font Info:    No math alphabet change to frozen version normal on input l
ine 463.
LaTeX Font Info:    No math alphabet change to frozen version normal on input l
ine 465.
LaTeX Font Info:    No math alphabet change to frozen version normal on input l
ine 465.

Underfull \hbox (badness 3460) in paragraph at lines 465--466
[]\T5/ptm/m/it/10.95 (+20) C�c mu�i nh�m v� s�t, v� d�: ph�n nh�m $[]$ v� ph�n 
s�t
 []


Package fancyhdr Warning: \headheight is too small (12.0pt): 
(fancyhdr)                Make it at least 31.99992pt, for example:
(fancyhdr)                \setlength{\headheight}{31.99992pt}.
(fancyhdr)                You might also make \topmargin smaller to compensate:

(fancyhdr)                \addtolength{\topmargin}{-19.99992pt}.




<QR code requested for "https://www.youtube.com/@hochoakhongkho" in version 0-M
.>

<Copying the QR code for "https://www.youtube.com/@hochoakhongkho" in version 3
-M as previously calculated.>
LaTeX Font Info:    No math alphabet change to frozen version normal on input l
ine 467.
\openout4 = `Hoa11_C01_CBHH_2.mw'.

[31 <./Images/anhhoa11/hoacamtucau.png>] (./Hoa11_C01_CBHH_2.mw)
\openout4 = `Hoa11_C01_CBHH_2.mw'.


Missing character: There is no i in font nullfont!
Missing character: There is no n in font nullfont!
Missing character: There is no t in font nullfont!
Missing character: There is no e in font nullfont!
Missing character: There is no r in font nullfont!
Missing character: There is no i in font nullfont!
Missing character: There is no o in font nullfont!
Missing character: There is no r in font nullfont!
Missing character: There is no c in font nullfont!
Missing character: There is no o in font nullfont!
Missing character: There is no d in font nullfont!
Missing character: There is no e in font nullfont!
Missing character: There is no = in font nullfont!
LaTeX Font Info:    No math alphabet change to frozen version normal on input l
ine 473.
LaTeX Font Info:    No math alphabet change to frozen version normal on input l
ine 473.
LaTeX Font Info:    No math alphabet change to frozen version normal on input l
ine 473.
LaTeX Font Info:    No math alphabet change to frozen version normal on input l
ine 473.
LaTeX Font Info:    No math alphabet change to frozen version normal on input l
ine 474.
LaTeX Font Info:    No math alphabet change to frozen version normal on input l
ine 479.
LaTeX Font Info:    No math alphabet change to frozen version normal on input l
ine 482.
LaTeX Font Info:    No math alphabet change to frozen version normal on input l
ine 482.
LaTeX Font Info:    No math alphabet change to frozen version normal on input l
ine 483.
LaTeX Font Info:    No math alphabet change to frozen version normal on input l
ine 483.
LaTeX Font Info:    No math alphabet change to frozen version normal on input l
ine 485.
LaTeX Font Info:    No math alphabet change to frozen version normal on input l
ine 485.
LaTeX Font Info:    No math alphabet change to frozen version normal on input l
ine 485.

Package hyperref Warning: Token not allowed in a PDF string (Unicode):
(hyperref)                removing `\char' on input line 491.


Package fancyhdr Warning: \headheight is too small (12.0pt): 
(fancyhdr)                Make it at least 31.99992pt, for example:
(fancyhdr)                \setlength{\headheight}{31.99992pt}.
(fancyhdr)                You might also make \topmargin smaller to compensate:

(fancyhdr)                \addtolength{\topmargin}{-19.99992pt}.



<QR code requested for "https://zalo.me/g/ogytdc722" in version 0-M.>
<Error-correction level increased from M to Q at no cost.>

<Copying the QR code for "https://zalo.me/g/ogytdc722" in version 3-Q as previo
usly calculated.>
LaTeX Font Info:    No math alphabet change to frozen version normal on input l
ine 491.
\openout4 = `Hoa11_C01_CBHH_2.mw'.

[32] (./Hoa11_C01_CBHH_2.mw)
\openout4 = `Hoa11_C01_CBHH_2.mw'.

LaTeX Font Info:    No math alphabet change to frozen version normal on input l
ine 498.
LaTeX Font Info:    No math alphabet change to frozen version normal on input l
ine 499.
LaTeX Font Info:    No math alphabet change to frozen version normal on input l
ine 499.
LaTeX Font Info:    No math alphabet change to frozen version normal on input l
ine 504.
LaTeX Font Info:    No math alphabet change to frozen version normal on input l
ine 505.
LaTeX Font Info:    No math alphabet change to frozen version normal on input l
ine 509.
LaTeX Font Info:    No math alphabet change to frozen version normal on input l
ine 510.
LaTeX Font Info:    No math alphabet change to frozen version normal on input l
ine 512.
LaTeX Font Info:    No math alphabet change to frozen version normal on input l
ine 512.
LaTeX Font Info:    No math alphabet change to frozen version normal on input l
ine 512.
LaTeX Font Info:    No math alphabet change to frozen version normal on input l
ine 512.

Output from handle ansbook going to Ansbook/Tamvd.tex
\openout4 = `Ansbook/Tamvd.tex'.


pdfTeX warning (ext4): destination with the same identifier (name{vd.1}) has be
en already used, duplicate ignored
<to be read again> 
                   \relax 
l.520 	T
        heo thuyết Brønsted-Lowry, trong phản ứng: $NH_3 + H_2O \righ...
LaTeX Font Info:    No math alphabet change to frozen version normal on input l
ine 520.
\openout4 = `Ansbook/Tamvd.tex'.

Output from handle ansbook going to Ansbook/Tamvd.tex
\openout4 = `Ansbook/Tamvd.tex'.


pdfTeX warning (ext4): destination with the same identifier (name{vd.2}) has be
en already used, duplicate ignored
<to be read again> 
                   \relax 
l.531 	C
        ho các chất sau: $HCl, NaOH, CH_3COOH, C_2H_5OH, NaCl, Al(OH)_3, ...
LaTeX Font Info:    No math alphabet change to frozen version normal on input l
ine 531.
\openout4 = `Ansbook/Tamvd.tex'.

Output from handle ansbth going to Ans/LGBT-C01B02_Dang1.tex
\openout4 = `Ans/LGBT-C01B02_Dang1.tex'.

Output from handle ansbt going to Ans/AnsBT-C01B02_Dang1.tex
\openout4 = `Ans/AnsBT-C01B02_Dang1.tex'.


pdfTeX warning (ext4): destination with the same identifier (name{bt.1}) has be
en already used, duplicate ignored
<to be read again> 
                   \relax 
l.564 	V
        iết các cặp acid-base liên hợp trong các phản ứng sau t...

Package fancyhdr Warning: \headheight is too small (12.0pt): 
(fancyhdr)                Make it at least 31.99992pt, for example:
(fancyhdr)                \setlength{\headheight}{31.99992pt}.
(fancyhdr)                You might also make \topmargin smaller to compensate:

(fancyhdr)                \addtolength{\topmargin}{-19.99992pt}.




<QR code requested for "https://www.youtube.com/@hochoakhongkho" in version 0-M
.>

<Copying the QR code for "https://www.youtube.com/@hochoakhongkho" in version 3
-M as previously calculated.>
LaTeX Font Info:    No math alphabet change to frozen version normal on input l
ine 564.
\openout4 = `Hoa11_C01_CBHH_2.mw'.

[33] (./Hoa11_C01_CBHH_2.mw)
\openout4 = `Hoa11_C01_CBHH_2.mw'.

\openout4 = `Hoa11_C01_CBHH_2.mw'.

\openout4 = `Hoa11_C01_CBHH_2.mw'.

\openout4 = `Hoa11_C01_CBHH_2.mw'.

\openout4 = `Hoa11_C01_CBHH_2.mw'.

LaTeX Font Info:    No math alphabet change to frozen version normal on input l
ine 566.
LaTeX Font Info:    No math alphabet change to frozen version normal on input l
ine 567.
LaTeX Font Info:    No math alphabet change to frozen version normal on input l
ine 568.
LaTeX Font Info:    No math alphabet change to frozen version normal on input l
ine 569.
LaTeX Font Info:    No math alphabet change to frozen version normal on input l
ine 570.

pdfTeX warning (ext4): destination with the same identifier (name{bt.2}) has be
en already used, duplicate ignored
<to be read again> 
                   \relax 
l.584 	G
        iải thích tại sao $Zn(OH)_2$ là một hydroxide lưỡng tính...
LaTeX Font Info:    No math alphabet change to frozen version normal on input l
ine 584.

pdfTeX warning (ext4): destination with the same identifier (name{bt.3}) has be
en already used, duplicate ignored
<to be read again> 
                   \relax 
l.602     D
           ựa vào thuyết Brønsted-Lowry, hãy xác định vai trò (a...
LaTeX Font Info:    No math alphabet change to frozen version normal on input l
ine 602.

pdfTeX warning (ext4): destination with the same identifier (name{bt.4}) has be
en already used, duplicate ignored
<to be read again> 
                   \relax 
l.620 	S
        o sánh khái niệm acid và base theo thuyết Arrhenius và thuy�...

pdfTeX warning (ext4): destination with the same identifier (name{bt.5}) has be
en already used, duplicate ignored
<to be read again> 
                   \relax 
l.644     C
           ho dung dịch $X$ chứa các ion: $Na^+, K^+, Cl^-, SO_4^{2-}$....
LaTeX Font Info:    No math alphabet change to frozen version normal on input l
ine 644.
LaTeX Font Info:    No math alphabet change to frozen version normal on input l
ine 644.
LaTeX Font Info:    No math alphabet change to frozen version normal on input l
ine 644.
\openout4 = `Ans/AnsBT-C01B02_Dang1.tex'.

\openout4 = `Ans/LGBT-C01B02_Dang1.tex'.

Output from handle ansbth going to Ans/LGSA-C01B02_Dang1.tex
\openout4 = `Ans/LGSA-C01B02_Dang1.tex'.

Output from handle ansbt going to Ans/AnsSA-C01B02_Dang1.tex
\openout4 = `Ans/AnsSA-C01B02_Dang1.tex'.


pdfTeX warning (ext4): destination with the same identifier (name{bt.6}) has be
en already used, duplicate ignored
<to be read again> 
                   \relax 
l.674 	C
        hất nào sau đây không phải là chất điện li: $H_2SO_4, ...
LaTeX Font Info:    No math alphabet change to frozen version normal on input l
ine 674.
LaTeX Font Info:    No math alphabet change to frozen version normal on input l
ine 674.
\openout4 = `Hoa11_C01_CBHH_2.mw'.

\openout4 = `Hoa11_C01_CBHH_2.mw'.

\openout4 = `Hoa11_C01_CBHH_2.mw'.

\openout4 = `Hoa11_C01_CBHH_2.mw'.

\openout4 = `Hoa11_C01_CBHH_2.mw'.

\openout4 = `Hoa11_C01_CBHH_2.mw'.


pdfTeX warning (ext4): destination with the same identifier (name{bt.7}) has be
en already used, duplicate ignored
<to be read again> 
                   \relax 
l.680 	T
        heo thuyết Brønsted-Lowry, ion $HCO_3^-$ có thể đóng vai tr�...
LaTeX Font Info:    No math alphabet change to frozen version normal on input l
ine 680.
\openout4 = `Hoa11_C01_CBHH_2.mw'.

\openout4 = `Hoa11_C01_CBHH_2.mw'.

\openout4 = `Hoa11_C01_CBHH_2.mw'.

\openout4 = `Hoa11_C01_CBHH_2.mw'.

\openout4 = `Hoa11_C01_CBHH_2.mw'.

\openout4 = `Hoa11_C01_CBHH_2.mw'.


pdfTeX warning (ext4): destination with the same identifier (name{bt.8}) has be
en already used, duplicate ignored
<to be read again> 
                   \relax 
l.686 	T
        rong dung dịch $CH_3COOH$ 0,1M, nếu bỏ qua sự điện li c�...
LaTeX Font Info:    No math alphabet change to frozen version normal on input l
ine 686.
\openout4 = `Hoa11_C01_CBHH_2.mw'.

\openout4 = `Hoa11_C01_CBHH_2.mw'.

\openout4 = `Hoa11_C01_CBHH_2.mw'.

\openout4 = `Hoa11_C01_CBHH_2.mw'.

\openout4 = `Hoa11_C01_CBHH_2.mw'.

\openout4 = `Hoa11_C01_CBHH_2.mw'.


pdfTeX warning (ext4): destination with the same identifier (name{bt.9}) has be
en already used, duplicate ignored
<to be read again> 
                   \relax 
l.694 	A
        cid liên hợp của $NH_3$ là gì? (Chỉ ghi công thức hóa h...
LaTeX Font Info:    No math alphabet change to frozen version normal on input l
ine 694.
\openout4 = `Hoa11_C01_CBHH_2.mw'.

\openout4 = `Hoa11_C01_CBHH_2.mw'.

\openout4 = `Hoa11_C01_CBHH_2.mw'.

\openout4 = `Hoa11_C01_CBHH_2.mw'.

\openout4 = `Hoa11_C01_CBHH_2.mw'.

\openout4 = `Hoa11_C01_CBHH_2.mw'.


pdfTeX warning (ext4): destination with the same identifier (name{bt.10}) has b
een already used, duplicate ignored
<to be read again> 
                   \relax 
l.700 	C
        hất nào sau đây là chất điện li yếu: $HNO_3, H_2S, BaCl...
LaTeX Font Info:    No math alphabet change to frozen version normal on input l
ine 700.
\openout4 = `Hoa11_C01_CBHH_2.mw'.

\openout4 = `Hoa11_C01_CBHH_2.mw'.

\openout4 = `Hoa11_C01_CBHH_2.mw'.

\openout4 = `Hoa11_C01_CBHH_2.mw'.

\openout4 = `Hoa11_C01_CBHH_2.mw'.

\openout4 = `Hoa11_C01_CBHH_2.mw'.


pdfTeX warning (ext4): destination with the same identifier (name{bt.11}) has b
een already used, duplicate ignored
<to be read again> 
                   \relax 
l.706 	T
        heo thuyết Arrhenius, dung dịch base là dung dịch chứa ion ...
\openout4 = `Hoa11_C01_CBHH_2.mw'.

\openout4 = `Hoa11_C01_CBHH_2.mw'.

\openout4 = `Hoa11_C01_CBHH_2.mw'.

\openout4 = `Hoa11_C01_CBHH_2.mw'.

\openout4 = `Hoa11_C01_CBHH_2.mw'.

\openout4 = `Hoa11_C01_CBHH_2.mw'.


pdfTeX warning (ext4): destination with the same identifier (name{bt.12}) has b
een already used, duplicate ignored
<to be read again> 
                   \relax 
l.712 	T
        rong phản ứng $S^{2-} + H_2O \rightleftharpoons HS^- + OH^-$, $S...
LaTeX Font Info:    No math alphabet change to frozen version normal on input l
ine 712.
LaTeX Font Info:    No math alphabet change to frozen version normal on input l
ine 712.
\openout4 = `Hoa11_C01_CBHH_2.mw'.

\openout4 = `Hoa11_C01_CBHH_2.mw'.

\openout4 = `Hoa11_C01_CBHH_2.mw'.

\openout4 = `Hoa11_C01_CBHH_2.mw'.

\openout4 = `Hoa11_C01_CBHH_2.mw'.

\openout4 = `Hoa11_C01_CBHH_2.mw'.


pdfTeX warning (ext4): destination with the same identifier (name{bt.13}) has b
een already used, duplicate ignored
<to be read again> 
                   \relax 
l.718     S
           ố chất điện li mạnh trong dãy sau là bao nhiêu: $H_2S...
LaTeX Font Info:    No math alphabet change to frozen version normal on input l
ine 718.
\openout4 = `Hoa11_C01_CBHH_2.mw'.

\openout4 = `Hoa11_C01_CBHH_2.mw'.

\openout4 = `Hoa11_C01_CBHH_2.mw'.

\openout4 = `Hoa11_C01_CBHH_2.mw'.

\openout4 = `Hoa11_C01_CBHH_2.mw'.

\openout4 = `Hoa11_C01_CBHH_2.mw'.


pdfTeX warning (ext4): destination with the same identifier (name{bt.14}) has b
een already used, duplicate ignored
<to be read again> 
                   \relax 
l.724     B
           ase liên hợp của $HSO_4^-$ là gì? (Chỉ ghi công thức ...

Package fancyhdr Warning: \headheight is too small (12.0pt): 
(fancyhdr)                Make it at least 31.99992pt, for example:
(fancyhdr)                \setlength{\headheight}{31.99992pt}.
(fancyhdr)                You might also make \topmargin smaller to compensate:

(fancyhdr)                \addtolength{\topmargin}{-19.99992pt}.



<QR code requested for "https://zalo.me/g/ogytdc722" in version 0-M.>
<Error-correction level increased from M to Q at no cost.>

<Copying the QR code for "https://zalo.me/g/ogytdc722" in version 3-Q as previo
usly calculated.>
LaTeX Font Info:    No math alphabet change to frozen version normal on input l
ine 724.
\openout4 = `Hoa11_C01_CBHH_2.mw'.

[34] (./Hoa11_C01_CBHH_2.mw)
\openout4 = `Hoa11_C01_CBHH_2.mw'.

LaTeX Font Info:    No math alphabet change to frozen version normal on input l
ine 724.
\openout4 = `Hoa11_C01_CBHH_2.mw'.

\openout4 = `Hoa11_C01_CBHH_2.mw'.

\openout4 = `Hoa11_C01_CBHH_2.mw'.

\openout4 = `Hoa11_C01_CBHH_2.mw'.

\openout4 = `Hoa11_C01_CBHH_2.mw'.

\openout4 = `Hoa11_C01_CBHH_2.mw'.


pdfTeX warning (ext4): destination with the same identifier (name{bt.15}) has b
een already used, duplicate ignored
<to be read again> 
                   \relax 
l.730     T
           heo Brønsted-Lowry, một chất được coi là lưỡng tính...
\openout4 = `Hoa11_C01_CBHH_2.mw'.

\openout4 = `Hoa11_C01_CBHH_2.mw'.

\openout4 = `Hoa11_C01_CBHH_2.mw'.

\openout4 = `Hoa11_C01_CBHH_2.mw'.

\openout4 = `Hoa11_C01_CBHH_2.mw'.

\openout4 = `Hoa11_C01_CBHH_2.mw'.

\openout4 = `Ans/AnsSA-C01B02_Dang1.tex'.

\openout4 = `Ans/LGSA-C01B02_Dang1.tex'.

Output from handle ansex going to Ans/LGEX-C01B02_Dang1.tex
\openout4 = `Ans/LGEX-C01B02_Dang1.tex'.

Output from handle ans going to Ans/Ans-C01B02_Dang1.tex
\openout4 = `Ans/Ans-C01B02_Dang1.tex'.


pdfTeX warning (ext4): destination with the same identifier (name{ex.1}) has be
en already used, duplicate ignored
<to be read again> 
                   \relax 
l.745 \begin{ex}
                
LaTeX Font Info:    No math alphabet change to frozen version normal on input l
ine 751.
LaTeX Font Info:    No math alphabet change to frozen version normal on input l
ine 751.
LaTeX Font Info:    No math alphabet change to frozen version normal on input l
ine 751.
LaTeX Font Info:    No math alphabet change to frozen version normal on input l
ine 751.
LaTeX Font Info:    No math alphabet change to frozen version normal on input l
ine 751.
LaTeX Font Info:    No math alphabet change to frozen version normal on input l
ine 751.
LaTeX Font Info:    No math alphabet change to frozen version normal on input l
ine 751.
LaTeX Font Info:    No math alphabet change to frozen version normal on input l
ine 751.
\openout4 = `Hoa11_C01_CBHH_2.mw'.

\openout4 = `Hoa11_C01_CBHH_2.mw'.

\openout4 = `Hoa11_C01_CBHH_2.mw'.

\openout4 = `Hoa11_C01_CBHH_2.mw'.

\openout4 = `Hoa11_C01_CBHH_2.mw'.

\openout4 = `Hoa11_C01_CBHH_2.mw'.


pdfTeX warning (ext4): destination with the same identifier (name{ex.2}) has be
en already used, duplicate ignored
<to be read again> 
                   \relax 
l.755 \begin{ex}
                
LaTeX Font Info:    No math alphabet change to frozen version normal on input l
ine 761.
LaTeX Font Info:    No math alphabet change to frozen version normal on input l
ine 761.
LaTeX Font Info:    No math alphabet change to frozen version normal on input l
ine 761.
LaTeX Font Info:    No math alphabet change to frozen version normal on input l
ine 761.
LaTeX Font Info:    No math alphabet change to frozen version normal on input l
ine 761.
LaTeX Font Info:    No math alphabet change to frozen version normal on input l
ine 761.
LaTeX Font Info:    No math alphabet change to frozen version normal on input l
ine 761.
LaTeX Font Info:    No math alphabet change to frozen version normal on input l
ine 761.
\openout4 = `Hoa11_C01_CBHH_2.mw'.

\openout4 = `Hoa11_C01_CBHH_2.mw'.

\openout4 = `Hoa11_C01_CBHH_2.mw'.

\openout4 = `Hoa11_C01_CBHH_2.mw'.

\openout4 = `Hoa11_C01_CBHH_2.mw'.

\openout4 = `Hoa11_C01_CBHH_2.mw'.


pdfTeX warning (ext4): destination with the same identifier (name{ex.3}) has be
en already used, duplicate ignored
<to be read again> 
                   \relax 
l.765 \begin{ex}
                
LaTeX Font Info:    No math alphabet change to frozen version normal on input l
ine 771.
LaTeX Font Info:    No math alphabet change to frozen version normal on input l
ine 771.
LaTeX Font Info:    No math alphabet change to frozen version normal on input l
ine 771.
LaTeX Font Info:    No math alphabet change to frozen version normal on input l
ine 771.
LaTeX Font Info:    No math alphabet change to frozen version normal on input l
ine 771.
LaTeX Font Info:    No math alphabet change to frozen version normal on input l
ine 771.
LaTeX Font Info:    No math alphabet change to frozen version normal on input l
ine 771.
LaTeX Font Info:    No math alphabet change to frozen version normal on input l
ine 771.
\openout4 = `Hoa11_C01_CBHH_2.mw'.

\openout4 = `Hoa11_C01_CBHH_2.mw'.

\openout4 = `Hoa11_C01_CBHH_2.mw'.

\openout4 = `Hoa11_C01_CBHH_2.mw'.

\openout4 = `Hoa11_C01_CBHH_2.mw'.

\openout4 = `Hoa11_C01_CBHH_2.mw'.


pdfTeX warning (ext4): destination with the same identifier (name{ex.4}) has be
en already used, duplicate ignored
<to be read again> 
                   \relax 
l.775 \begin{ex}
                
\openout4 = `Hoa11_C01_CBHH_2.mw'.

\openout4 = `Hoa11_C01_CBHH_2.mw'.

\openout4 = `Hoa11_C01_CBHH_2.mw'.

\openout4 = `Hoa11_C01_CBHH_2.mw'.

\openout4 = `Hoa11_C01_CBHH_2.mw'.

\openout4 = `Hoa11_C01_CBHH_2.mw'.


pdfTeX warning (ext4): destination with the same identifier (name{ex.5}) has be
en already used, duplicate ignored
<to be read again> 
                   \relax 
l.785 \begin{ex}
                
LaTeX Font Info:    No math alphabet change to frozen version normal on input l
ine 786.
LaTeX Font Info:    No math alphabet change to frozen version normal on input l
ine 786.
\openout4 = `Hoa11_C01_CBHH_2.mw'.

\openout4 = `Hoa11_C01_CBHH_2.mw'.

\openout4 = `Hoa11_C01_CBHH_2.mw'.

\openout4 = `Hoa11_C01_CBHH_2.mw'.

\openout4 = `Hoa11_C01_CBHH_2.mw'.

\openout4 = `Hoa11_C01_CBHH_2.mw'.


pdfTeX warning (ext4): destination with the same identifier (name{ex.6}) has be
en already used, duplicate ignored
<to be read again> 
                   \relax 
l.795 \begin{ex}
                
LaTeX Font Info:    No math alphabet change to frozen version normal on input l
ine 801.
LaTeX Font Info:    No math alphabet change to frozen version normal on input l
ine 801.
LaTeX Font Info:    No math alphabet change to frozen version normal on input l
ine 801.
LaTeX Font Info:    No math alphabet change to frozen version normal on input l
ine 801.
LaTeX Font Info:    No math alphabet change to frozen version normal on input l
ine 801.
LaTeX Font Info:    No math alphabet change to frozen version normal on input l
ine 801.
LaTeX Font Info:    No math alphabet change to frozen version normal on input l
ine 801.
LaTeX Font Info:    No math alphabet change to frozen version normal on input l
ine 801.
\openout4 = `Hoa11_C01_CBHH_2.mw'.

\openout4 = `Hoa11_C01_CBHH_2.mw'.

\openout4 = `Hoa11_C01_CBHH_2.mw'.

\openout4 = `Hoa11_C01_CBHH_2.mw'.

\openout4 = `Hoa11_C01_CBHH_2.mw'.

\openout4 = `Hoa11_C01_CBHH_2.mw'.


pdfTeX warning (ext4): destination with the same identifier (name{ex.7}) has be
en already used, duplicate ignored
<to be read again> 
                   \relax 
l.805 \begin{ex}
                
LaTeX Font Info:    No math alphabet change to frozen version normal on input l
ine 811.
LaTeX Font Info:    No math alphabet change to frozen version normal on input l
ine 811.
LaTeX Font Info:    No math alphabet change to frozen version normal on input l
ine 811.
LaTeX Font Info:    No math alphabet change to frozen version normal on input l
ine 811.
LaTeX Font Info:    No math alphabet change to frozen version normal on input l
ine 811.
LaTeX Font Info:    No math alphabet change to frozen version normal on input l
ine 811.
LaTeX Font Info:    No math alphabet change to frozen version normal on input l
ine 811.
LaTeX Font Info:    No math alphabet change to frozen version normal on input l
ine 811.
\openout4 = `Hoa11_C01_CBHH_2.mw'.

\openout4 = `Hoa11_C01_CBHH_2.mw'.

\openout4 = `Hoa11_C01_CBHH_2.mw'.

\openout4 = `Hoa11_C01_CBHH_2.mw'.

\openout4 = `Hoa11_C01_CBHH_2.mw'.

\openout4 = `Hoa11_C01_CBHH_2.mw'.


pdfTeX warning (ext4): destination with the same identifier (name{ex.8}) has be
en already used, duplicate ignored
<to be read again> 
                   \relax 
l.816 \begin{ex}
                
LaTeX Font Info:    No math alphabet change to frozen version normal on input l
ine 822.
LaTeX Font Info:    No math alphabet change to frozen version normal on input l
ine 822.
LaTeX Font Info:    No math alphabet change to frozen version normal on input l
ine 822.
LaTeX Font Info:    No math alphabet change to frozen version normal on input l
ine 822.
LaTeX Font Info:    No math alphabet change to frozen version normal on input l
ine 822.
LaTeX Font Info:    No math alphabet change to frozen version normal on input l
ine 822.
LaTeX Font Info:    No math alphabet change to frozen version normal on input l
ine 822.
LaTeX Font Info:    No math alphabet change to frozen version normal on input l
ine 822.
\openout4 = `Hoa11_C01_CBHH_2.mw'.

\openout4 = `Hoa11_C01_CBHH_2.mw'.

\openout4 = `Hoa11_C01_CBHH_2.mw'.

\openout4 = `Hoa11_C01_CBHH_2.mw'.

\openout4 = `Hoa11_C01_CBHH_2.mw'.

\openout4 = `Hoa11_C01_CBHH_2.mw'.


pdfTeX warning (ext4): destination with the same identifier (name{ex.9}) has be
en already used, duplicate ignored
<to be read again> 
                   \relax 
l.827 \begin{ex}
                
LaTeX Font Info:    No math alphabet change to frozen version normal on input l
ine 828.
LaTeX Font Info:    No math alphabet change to frozen version normal on input l
ine 833.
LaTeX Font Info:    No math alphabet change to frozen version normal on input l
ine 833.
LaTeX Font Info:    No math alphabet change to frozen version normal on input l
ine 833.
LaTeX Font Info:    No math alphabet change to frozen version normal on input l
ine 833.
LaTeX Font Info:    No math alphabet change to frozen version normal on input l
ine 833.
LaTeX Font Info:    No math alphabet change to frozen version normal on input l
ine 833.
LaTeX Font Info:    No math alphabet change to frozen version normal on input l
ine 833.
LaTeX Font Info:    No math alphabet change to frozen version normal on input l
ine 833.
\openout4 = `Hoa11_C01_CBHH_2.mw'.

\openout4 = `Hoa11_C01_CBHH_2.mw'.

\openout4 = `Hoa11_C01_CBHH_2.mw'.

\openout4 = `Hoa11_C01_CBHH_2.mw'.

\openout4 = `Hoa11_C01_CBHH_2.mw'.

\openout4 = `Hoa11_C01_CBHH_2.mw'.


pdfTeX warning (ext4): destination with the same identifier (name{ex.10}) has b
een already used, duplicate ignored
<to be read again> 
                   \relax 
l.837 \begin{ex}
                
LaTeX Font Info:    No math alphabet change to frozen version normal on input l
ine 838.
LaTeX Font Info:    No math alphabet change to frozen version normal on input l
ine 843.
LaTeX Font Info:    No math alphabet change to frozen version normal on input l
ine 843.
LaTeX Font Info:    No math alphabet change to frozen version normal on input l
ine 843.
LaTeX Font Info:    No math alphabet change to frozen version normal on input l
ine 843.
LaTeX Font Info:    No math alphabet change to frozen version normal on input l
ine 843.
LaTeX Font Info:    No math alphabet change to frozen version normal on input l
ine 843.
LaTeX Font Info:    No math alphabet change to frozen version normal on input l
ine 843.
LaTeX Font Info:    No math alphabet change to frozen version normal on input l
ine 843.
\openout4 = `Hoa11_C01_CBHH_2.mw'.

\openout4 = `Hoa11_C01_CBHH_2.mw'.

\openout4 = `Hoa11_C01_CBHH_2.mw'.

\openout4 = `Hoa11_C01_CBHH_2.mw'.

\openout4 = `Hoa11_C01_CBHH_2.mw'.

\openout4 = `Hoa11_C01_CBHH_2.mw'.


pdfTeX warning (ext4): destination with the same identifier (name{ex.11}) has b
een already used, duplicate ignored
<to be read again> 
                   \relax 
l.847 \begin{ex}
                
LaTeX Font Info:    No math alphabet change to frozen version normal on input l
ine 848.
LaTeX Font Info:    No math alphabet change to frozen version normal on input l
ine 853.
LaTeX Font Info:    No math alphabet change to frozen version normal on input l
ine 853.
LaTeX Font Info:    No math alphabet change to frozen version normal on input l
ine 853.
LaTeX Font Info:    No math alphabet change to frozen version normal on input l
ine 853.
LaTeX Font Info:    No math alphabet change to frozen version normal on input l
ine 853.
LaTeX Font Info:    No math alphabet change to frozen version normal on input l
ine 853.
LaTeX Font Info:    No math alphabet change to frozen version normal on input l
ine 853.
LaTeX Font Info:    No math alphabet change to frozen version normal on input l
ine 853.
\openout4 = `Hoa11_C01_CBHH_2.mw'.

\openout4 = `Hoa11_C01_CBHH_2.mw'.

\openout4 = `Hoa11_C01_CBHH_2.mw'.

\openout4 = `Hoa11_C01_CBHH_2.mw'.

\openout4 = `Hoa11_C01_CBHH_2.mw'.

\openout4 = `Hoa11_C01_CBHH_2.mw'.


pdfTeX warning (ext4): destination with the same identifier (name{ex.12}) has b
een already used, duplicate ignored
<to be read again> 
                   \relax 
l.857 \begin{ex}
                

Package fancyhdr Warning: \headheight is too small (12.0pt): 
(fancyhdr)                Make it at least 31.99992pt, for example:
(fancyhdr)                \setlength{\headheight}{31.99992pt}.
(fancyhdr)                You might also make \topmargin smaller to compensate:

(fancyhdr)                \addtolength{\topmargin}{-19.99992pt}.




<QR code requested for "https://www.youtube.com/@hochoakhongkho" in version 0-M
.>

<Copying the QR code for "https://www.youtube.com/@hochoakhongkho" in version 3
-M as previously calculated.>
LaTeX Font Info:    No math alphabet change to frozen version normal on input l
ine 858.
\openout4 = `Hoa11_C01_CBHH_2.mw'.

[35] (./Hoa11_C01_CBHH_2.mw)
\openout4 = `Hoa11_C01_CBHH_2.mw'.

LaTeX Font Info:    No math alphabet change to frozen version normal on input l
ine 863.
LaTeX Font Info:    No math alphabet change to frozen version normal on input l
ine 863.
LaTeX Font Info:    No math alphabet change to frozen version normal on input l
ine 863.
LaTeX Font Info:    No math alphabet change to frozen version normal on input l
ine 863.
LaTeX Font Info:    No math alphabet change to frozen version normal on input l
ine 863.
LaTeX Font Info:    No math alphabet change to frozen version normal on input l
ine 863.
LaTeX Font Info:    No math alphabet change to frozen version normal on input l
ine 863.
LaTeX Font Info:    No math alphabet change to frozen version normal on input l
ine 863.
\openout4 = `Hoa11_C01_CBHH_2.mw'.

\openout4 = `Hoa11_C01_CBHH_2.mw'.

\openout4 = `Hoa11_C01_CBHH_2.mw'.

\openout4 = `Hoa11_C01_CBHH_2.mw'.

\openout4 = `Hoa11_C01_CBHH_2.mw'.

\openout4 = `Hoa11_C01_CBHH_2.mw'.


pdfTeX warning (ext4): destination with the same identifier (name{ex.13}) has b
een already used, duplicate ignored
<to be read again> 
                   \relax 
l.867 \begin{ex}
                
LaTeX Font Info:    No math alphabet change to frozen version normal on input l
ine 868.
LaTeX Font Info:    No math alphabet change to frozen version normal on input l
ine 873.
LaTeX Font Info:    No math alphabet change to frozen version normal on input l
ine 873.
LaTeX Font Info:    No math alphabet change to frozen version normal on input l
ine 873.
LaTeX Font Info:    No math alphabet change to frozen version normal on input l
ine 873.
LaTeX Font Info:    No math alphabet change to frozen version normal on input l
ine 873.
LaTeX Font Info:    No math alphabet change to frozen version normal on input l
ine 873.
LaTeX Font Info:    No math alphabet change to frozen version normal on input l
ine 873.
LaTeX Font Info:    No math alphabet change to frozen version normal on input l
ine 873.
\openout4 = `Hoa11_C01_CBHH_2.mw'.

\openout4 = `Hoa11_C01_CBHH_2.mw'.

\openout4 = `Hoa11_C01_CBHH_2.mw'.

\openout4 = `Hoa11_C01_CBHH_2.mw'.

\openout4 = `Hoa11_C01_CBHH_2.mw'.

\openout4 = `Hoa11_C01_CBHH_2.mw'.


pdfTeX warning (ext4): destination with the same identifier (name{ex.14}) has b
een already used, duplicate ignored
<to be read again> 
                   \relax 
l.878 \begin{ex}
                
LaTeX Font Info:    No math alphabet change to frozen version normal on input l
ine 884.
LaTeX Font Info:    No math alphabet change to frozen version normal on input l
ine 884.
LaTeX Font Info:    No math alphabet change to frozen version normal on input l
ine 884.
LaTeX Font Info:    No math alphabet change to frozen version normal on input l
ine 884.
LaTeX Font Info:    No math alphabet change to frozen version normal on input l
ine 884.

Overfull \hbox (0.84pt too wide) in paragraph at lines 884--884
   [] [] 
 []

LaTeX Font Info:    No math alphabet change to frozen version normal on input l
ine 884.

Overfull \hbox (0.84pt too wide) in paragraph at lines 884--884
   [] [] 
 []

LaTeX Font Info:    No math alphabet change to frozen version normal on input l
ine 884.

Overfull \hbox (0.84pt too wide) in paragraph at lines 884--884
   [] [] 
 []

LaTeX Font Info:    No math alphabet change to frozen version normal on input l
ine 884.

Overfull \hbox (0.84pt too wide) in paragraph at lines 884--884
   [] [] 
 []

\openout4 = `Hoa11_C01_CBHH_2.mw'.

\openout4 = `Hoa11_C01_CBHH_2.mw'.

\openout4 = `Hoa11_C01_CBHH_2.mw'.

\openout4 = `Hoa11_C01_CBHH_2.mw'.

\openout4 = `Hoa11_C01_CBHH_2.mw'.

\openout4 = `Hoa11_C01_CBHH_2.mw'.


pdfTeX warning (ext4): destination with the same identifier (name{ex.15}) has b
een already used, duplicate ignored
<to be read again> 
                   \relax 
l.896 \begin{ex}
                
LaTeX Font Info:    No math alphabet change to frozen version normal on input l
ine 902.
LaTeX Font Info:    No math alphabet change to frozen version normal on input l
ine 902.
LaTeX Font Info:    No math alphabet change to frozen version normal on input l
ine 902.
LaTeX Font Info:    No math alphabet change to frozen version normal on input l
ine 902.
LaTeX Font Info:    No math alphabet change to frozen version normal on input l
ine 902.
LaTeX Font Info:    No math alphabet change to frozen version normal on input l
ine 902.
LaTeX Font Info:    No math alphabet change to frozen version normal on input l
ine 902.
LaTeX Font Info:    No math alphabet change to frozen version normal on input l
ine 902.
\openout4 = `Hoa11_C01_CBHH_2.mw'.

\openout4 = `Hoa11_C01_CBHH_2.mw'.

\openout4 = `Hoa11_C01_CBHH_2.mw'.

\openout4 = `Hoa11_C01_CBHH_2.mw'.

\openout4 = `Hoa11_C01_CBHH_2.mw'.

\openout4 = `Hoa11_C01_CBHH_2.mw'.


pdfTeX warning (ext4): destination with the same identifier (name{ex.16}) has b
een already used, duplicate ignored
<to be read again> 
                   \relax 
l.907 \begin{ex}
                
LaTeX Font Info:    No math alphabet change to frozen version normal on input l
ine 913.
LaTeX Font Info:    No math alphabet change to frozen version normal on input l
ine 913.
LaTeX Font Info:    No math alphabet change to frozen version normal on input l
ine 913.
LaTeX Font Info:    No math alphabet change to frozen version normal on input l
ine 913.
LaTeX Font Info:    No math alphabet change to frozen version normal on input l
ine 913.

Overfull \hbox (0.84pt too wide) in paragraph at lines 913--913
   [] [] 
 []

LaTeX Font Info:    No math alphabet change to frozen version normal on input l
ine 913.

Overfull \hbox (0.84pt too wide) in paragraph at lines 913--913
   [] [] 
 []

LaTeX Font Info:    No math alphabet change to frozen version normal on input l
ine 913.

Overfull \hbox (0.84pt too wide) in paragraph at lines 913--913
   [] [] 
 []

LaTeX Font Info:    No math alphabet change to frozen version normal on input l
ine 913.

Overfull \hbox (0.84pt too wide) in paragraph at lines 913--913
   [] [] 
 []

\openout4 = `Hoa11_C01_CBHH_2.mw'.

\openout4 = `Hoa11_C01_CBHH_2.mw'.

\openout4 = `Hoa11_C01_CBHH_2.mw'.

\openout4 = `Hoa11_C01_CBHH_2.mw'.

\openout4 = `Hoa11_C01_CBHH_2.mw'.

\openout4 = `Hoa11_C01_CBHH_2.mw'.


pdfTeX warning (ext4): destination with the same identifier (name{ex.17}) has b
een already used, duplicate ignored
<to be read again> 
                   \relax 
l.917 \begin{ex}
                
LaTeX Font Info:    No math alphabet change to frozen version normal on input l
ine 923.
LaTeX Font Info:    No math alphabet change to frozen version normal on input l
ine 923.
LaTeX Font Info:    No math alphabet change to frozen version normal on input l
ine 923.
LaTeX Font Info:    No math alphabet change to frozen version normal on input l
ine 923.
LaTeX Font Info:    No math alphabet change to frozen version normal on input l
ine 923.
LaTeX Font Info:    No math alphabet change to frozen version normal on input l
ine 923.
LaTeX Font Info:    No math alphabet change to frozen version normal on input l
ine 923.
LaTeX Font Info:    No math alphabet change to frozen version normal on input l
ine 923.
\openout4 = `Hoa11_C01_CBHH_2.mw'.

\openout4 = `Hoa11_C01_CBHH_2.mw'.

\openout4 = `Hoa11_C01_CBHH_2.mw'.

\openout4 = `Hoa11_C01_CBHH_2.mw'.

\openout4 = `Hoa11_C01_CBHH_2.mw'.

\openout4 = `Hoa11_C01_CBHH_2.mw'.


pdfTeX warning (ext4): destination with the same identifier (name{ex.18}) has b
een already used, duplicate ignored
<to be read again> 
                   \relax 
l.928 \begin{ex}
                
LaTeX Font Info:    No math alphabet change to frozen version normal on input l
ine 934.
LaTeX Font Info:    No math alphabet change to frozen version normal on input l
ine 934.
LaTeX Font Info:    No math alphabet change to frozen version normal on input l
ine 934.
LaTeX Font Info:    No math alphabet change to frozen version normal on input l
ine 934.
LaTeX Font Info:    No math alphabet change to frozen version normal on input l
ine 934.
LaTeX Font Info:    No math alphabet change to frozen version normal on input l
ine 934.
LaTeX Font Info:    No math alphabet change to frozen version normal on input l
ine 934.
LaTeX Font Info:    No math alphabet change to frozen version normal on input l
ine 934.
\openout4 = `Hoa11_C01_CBHH_2.mw'.

\openout4 = `Hoa11_C01_CBHH_2.mw'.

\openout4 = `Hoa11_C01_CBHH_2.mw'.

\openout4 = `Hoa11_C01_CBHH_2.mw'.

\openout4 = `Hoa11_C01_CBHH_2.mw'.

\openout4 = `Hoa11_C01_CBHH_2.mw'.


pdfTeX warning (ext4): destination with the same identifier (name{ex.19}) has b
een already used, duplicate ignored
<to be read again> 
                   \relax 
l.938 \begin{ex}
                
Overfull \hbox (0.84pt too wide) in paragraph at lines 944--944
   [] [] 
 []


Overfull \hbox (0.84pt too wide) in paragraph at lines 944--944
   [] [] 
 []


Overfull \hbox (0.84pt too wide) in paragraph at lines 944--944
   [] [] 
 []


Overfull \hbox (0.84pt too wide) in paragraph at lines 944--944
   [] [] 
 []

\openout4 = `Hoa11_C01_CBHH_2.mw'.

\openout4 = `Hoa11_C01_CBHH_2.mw'.

\openout4 = `Hoa11_C01_CBHH_2.mw'.

\openout4 = `Hoa11_C01_CBHH_2.mw'.

\openout4 = `Hoa11_C01_CBHH_2.mw'.

\openout4 = `Hoa11_C01_CBHH_2.mw'.


pdfTeX warning (ext4): destination with the same identifier (name{ex.20}) has b
een already used, duplicate ignored
<to be read again> 
                   \relax 
l.948 \begin{ex}
                
LaTeX Font Info:    No math alphabet change to frozen version normal on input l
ine 954.
LaTeX Font Info:    No math alphabet change to frozen version normal on input l
ine 954.
LaTeX Font Info:    No math alphabet change to frozen version normal on input l
ine 954.
LaTeX Font Info:    No math alphabet change to frozen version normal on input l
ine 954.
LaTeX Font Info:    No math alphabet change to frozen version normal on input l
ine 954.
LaTeX Font Info:    No math alphabet change to frozen version normal on input l
ine 954.
LaTeX Font Info:    No math alphabet change to frozen version normal on input l
ine 954.
LaTeX Font Info:    No math alphabet change to frozen version normal on input l
ine 954.
\openout4 = `Hoa11_C01_CBHH_2.mw'.

\openout4 = `Hoa11_C01_CBHH_2.mw'.

\openout4 = `Hoa11_C01_CBHH_2.mw'.

\openout4 = `Hoa11_C01_CBHH_2.mw'.

\openout4 = `Hoa11_C01_CBHH_2.mw'.

\openout4 = `Hoa11_C01_CBHH_2.mw'.

\openout4 = `Ans/Ans-C01B02_Dang1.tex'.

\openout4 = `Ans/LGEX-C01B02_Dang1.tex'.


Output from handle ansex going to Ans/LGTF-C01B02_Dang1.tex
\openout4 = `Ans/LGTF-C01B02_Dang1.tex'.

Output from handle ansbook going to Ansbook/AnsTF-C01B02_Dang1.tex
\openout4 = `Ansbook/AnsTF-C01B02_Dang1.tex'.

Output from handle ans going to Ans/Tempt-C01B02_Dang1.tex
\openout4 = `Ans/Tempt-C01B02_Dang1.tex'.


pdfTeX warning (ext4): destination with the same identifier (name{ex.21}) has b
een already used, duplicate ignored
<to be read again> 
                   \relax 
l.969 \begin{ex}
                

Package fancyhdr Warning: \headheight is too small (12.0pt): 
(fancyhdr)                Make it at least 31.99992pt, for example:
(fancyhdr)                \setlength{\headheight}{31.99992pt}.
(fancyhdr)                You might also make \topmargin smaller to compensate:

(fancyhdr)                \addtolength{\topmargin}{-19.99992pt}.



<QR code requested for "https://zalo.me/g/ogytdc722" in version 0-M.>
<Error-correction level increased from M to Q at no cost.>

<Copying the QR code for "https://zalo.me/g/ogytdc722" in version 3-Q as previo
usly calculated.>
LaTeX Font Info:    No math alphabet change to frozen version normal on input l
ine 975.
\openout4 = `Hoa11_C01_CBHH_2.mw'.

[36] (./Hoa11_C01_CBHH_2.mw)
\openout4 = `Hoa11_C01_CBHH_2.mw'.

LaTeX Font Info:    No math alphabet change to frozen version normal on input l
ine 975.
LaTeX Font Info:    No math alphabet change to frozen version normal on input l
ine 975.
\openout4 = `Hoa11_C01_CBHH_2.mw'.

\openout4 = `Hoa11_C01_CBHH_2.mw'.

\openout4 = `Hoa11_C01_CBHH_2.mw'.

\openout4 = `Hoa11_C01_CBHH_2.mw'.

\openout4 = `Hoa11_C01_CBHH_2.mw'.

\openout4 = `Hoa11_C01_CBHH_2.mw'.

\openout4 = `Hoa11_C01_CBHH_2.mw'.

\openout4 = `Hoa11_C01_CBHH_2.mw'.


pdfTeX warning (ext4): destination with the same identifier (name{ex.22}) has b
een already used, duplicate ignored
<to be read again> 
                   \relax 
l.986 \begin{ex}
                
LaTeX Font Info:    No math alphabet change to frozen version normal on input l
ine 992.
LaTeX Font Info:    No math alphabet change to frozen version normal on input l
ine 992.
LaTeX Font Info:    No math alphabet change to frozen version normal on input l
ine 992.
LaTeX Font Info:    No math alphabet change to frozen version normal on input l
ine 992.
\openout4 = `Hoa11_C01_CBHH_2.mw'.

\openout4 = `Hoa11_C01_CBHH_2.mw'.

\openout4 = `Hoa11_C01_CBHH_2.mw'.

\openout4 = `Hoa11_C01_CBHH_2.mw'.

\openout4 = `Hoa11_C01_CBHH_2.mw'.

\openout4 = `Hoa11_C01_CBHH_2.mw'.

\openout4 = `Hoa11_C01_CBHH_2.mw'.

\openout4 = `Hoa11_C01_CBHH_2.mw'.


pdfTeX warning (ext4): destination with the same identifier (name{ex.23}) has b
een already used, duplicate ignored
<to be read again> 
                   \relax 
l.1003 \begin{ex}
                 
LaTeX Font Info:    No math alphabet change to frozen version normal on input l
ine 1009.
LaTeX Font Info:    No math alphabet change to frozen version normal on input l
ine 1009.
LaTeX Font Info:    No math alphabet change to frozen version normal on input l
ine 1009.
\openout4 = `Hoa11_C01_CBHH_2.mw'.

\openout4 = `Hoa11_C01_CBHH_2.mw'.

\openout4 = `Hoa11_C01_CBHH_2.mw'.

\openout4 = `Hoa11_C01_CBHH_2.mw'.

\openout4 = `Hoa11_C01_CBHH_2.mw'.

\openout4 = `Hoa11_C01_CBHH_2.mw'.

\openout4 = `Hoa11_C01_CBHH_2.mw'.

\openout4 = `Hoa11_C01_CBHH_2.mw'.


pdfTeX warning (ext4): destination with the same identifier (name{ex.24}) has b
een already used, duplicate ignored
<to be read again> 
                   \relax 
l.1020 \begin{ex}
                 
LaTeX Font Info:    No math alphabet change to frozen version normal on input l
ine 1026.
LaTeX Font Info:    No math alphabet change to frozen version normal on input l
ine 1026.
LaTeX Font Info:    No math alphabet change to frozen version normal on input l
ine 1026.
LaTeX Font Info:    No math alphabet change to frozen version normal on input l
ine 1026.
LaTeX Font Info:    No math alphabet change to frozen version normal on input l
ine 1026.
\openout4 = `Hoa11_C01_CBHH_2.mw'.

\openout4 = `Hoa11_C01_CBHH_2.mw'.

\openout4 = `Hoa11_C01_CBHH_2.mw'.

\openout4 = `Hoa11_C01_CBHH_2.mw'.

\openout4 = `Hoa11_C01_CBHH_2.mw'.

\openout4 = `Hoa11_C01_CBHH_2.mw'.

\openout4 = `Hoa11_C01_CBHH_2.mw'.

\openout4 = `Hoa11_C01_CBHH_2.mw'.


pdfTeX warning (ext4): destination with the same identifier (name{ex.25}) has b
een already used, duplicate ignored
<to be read again> 
                   \relax 
l.1037 \begin{ex}
                 
LaTeX Font Info:    No math alphabet change to frozen version normal on input l
ine 1043.
LaTeX Font Info:    No math alphabet change to frozen version normal on input l
ine 1043.
LaTeX Font Info:    No math alphabet change to frozen version normal on input l
ine 1043.
\openout4 = `Hoa11_C01_CBHH_2.mw'.

\openout4 = `Hoa11_C01_CBHH_2.mw'.

\openout4 = `Hoa11_C01_CBHH_2.mw'.

\openout4 = `Hoa11_C01_CBHH_2.mw'.

\openout4 = `Hoa11_C01_CBHH_2.mw'.

\openout4 = `Hoa11_C01_CBHH_2.mw'.

\openout4 = `Hoa11_C01_CBHH_2.mw'.

\openout4 = `Hoa11_C01_CBHH_2.mw'.


pdfTeX warning (ext4): destination with the same identifier (name{ex.26}) has b
een already used, duplicate ignored
<to be read again> 
                   \relax 
l.1054 \begin{ex}
                 
LaTeX Font Info:    No math alphabet change to frozen version normal on input l
ine 1060.
LaTeX Font Info:    No math alphabet change to frozen version normal on input l
ine 1060.
LaTeX Font Info:    No math alphabet change to frozen version normal on input l
ine 1060.
\openout4 = `Hoa11_C01_CBHH_2.mw'.

\openout4 = `Hoa11_C01_CBHH_2.mw'.

\openout4 = `Hoa11_C01_CBHH_2.mw'.

\openout4 = `Hoa11_C01_CBHH_2.mw'.

\openout4 = `Hoa11_C01_CBHH_2.mw'.

\openout4 = `Hoa11_C01_CBHH_2.mw'.

\openout4 = `Hoa11_C01_CBHH_2.mw'.

\openout4 = `Hoa11_C01_CBHH_2.mw'.


pdfTeX warning (ext4): destination with the same identifier (name{ex.27}) has b
een already used, duplicate ignored
<to be read again> 
                   \relax 
l.1071 \begin{ex}
                 
LaTeX Font Info:    No math alphabet change to frozen version normal on input l
ine 1077.
LaTeX Font Info:    No math alphabet change to frozen version normal on input l
ine 1077.
LaTeX Font Info:    No math alphabet change to frozen version normal on input l
ine 1077.
LaTeX Font Info:    No math alphabet change to frozen version normal on input l
ine 1077.
\openout4 = `Hoa11_C01_CBHH_2.mw'.

\openout4 = `Hoa11_C01_CBHH_2.mw'.

\openout4 = `Hoa11_C01_CBHH_2.mw'.

\openout4 = `Hoa11_C01_CBHH_2.mw'.

\openout4 = `Hoa11_C01_CBHH_2.mw'.

\openout4 = `Hoa11_C01_CBHH_2.mw'.

\openout4 = `Hoa11_C01_CBHH_2.mw'.

\openout4 = `Hoa11_C01_CBHH_2.mw'.


pdfTeX warning (ext4): destination with the same identifier (name{ex.28}) has b
een already used, duplicate ignored
<to be read again> 
                   \relax 
l.1088 \begin{ex}
                 
LaTeX Font Info:    No math alphabet change to frozen version normal on input l
ine 1094.
LaTeX Font Info:    No math alphabet change to frozen version normal on input l
ine 1094.
LaTeX Font Info:    No math alphabet change to frozen version normal on input l
ine 1094.
LaTeX Font Info:    No math alphabet change to frozen version normal on input l
ine 1094.
\openout4 = `Hoa11_C01_CBHH_2.mw'.

\openout4 = `Hoa11_C01_CBHH_2.mw'.

\openout4 = `Hoa11_C01_CBHH_2.mw'.

\openout4 = `Hoa11_C01_CBHH_2.mw'.

\openout4 = `Hoa11_C01_CBHH_2.mw'.

\openout4 = `Hoa11_C01_CBHH_2.mw'.

\openout4 = `Hoa11_C01_CBHH_2.mw'.

\openout4 = `Hoa11_C01_CBHH_2.mw'.


pdfTeX warning (ext4): destination with the same identifier (name{ex.29}) has b
een already used, duplicate ignored
<to be read again> 
                   \relax 
l.1105 \begin{ex}
                 
LaTeX Font Info:    No math alphabet change to frozen version normal on input l
ine 1106.


Package fancyhdr Warning: \headheight is too small (12.0pt): 
(fancyhdr)                Make it at least 31.99992pt, for example:
(fancyhdr)                \setlength{\headheight}{31.99992pt}.
(fancyhdr)                You might also make \topmargin smaller to compensate:

(fancyhdr)                \addtolength{\topmargin}{-19.99992pt}.




<QR code requested for "https://www.youtube.com/@hochoakhongkho" in version 0-M
.>

<Copying the QR code for "https://www.youtube.com/@hochoakhongkho" in version 3
-M as previously calculated.>
LaTeX Font Info:    No math alphabet change to frozen version normal on input l
ine 1111.
\openout4 = `Hoa11_C01_CBHH_2.mw'.

[37] (./Hoa11_C01_CBHH_2.mw)
\openout4 = `Hoa11_C01_CBHH_2.mw'.

LaTeX Font Info:    No math alphabet change to frozen version normal on input l
ine 1111.
LaTeX Font Info:    No math alphabet change to frozen version normal on input l
ine 1111.
LaTeX Font Info:    No math alphabet change to frozen version normal on input l
ine 1111.
LaTeX Font Info:    No math alphabet change to frozen version normal on input l
ine 1111.
\openout4 = `Hoa11_C01_CBHH_2.mw'.

\openout4 = `Hoa11_C01_CBHH_2.mw'.

\openout4 = `Hoa11_C01_CBHH_2.mw'.

\openout4 = `Hoa11_C01_CBHH_2.mw'.

\openout4 = `Hoa11_C01_CBHH_2.mw'.

\openout4 = `Hoa11_C01_CBHH_2.mw'.

\openout4 = `Hoa11_C01_CBHH_2.mw'.

\openout4 = `Hoa11_C01_CBHH_2.mw'.


pdfTeX warning (ext4): destination with the same identifier (name{ex.30}) has b
een already used, duplicate ignored
<to be read again> 
                   \relax 
l.1122 \begin{ex}
                 
LaTeX Font Info:    No math alphabet change to frozen version normal on input l
ine 1128.
LaTeX Font Info:    No math alphabet change to frozen version normal on input l
ine 1128.
\openout4 = `Hoa11_C01_CBHH_2.mw'.

\openout4 = `Hoa11_C01_CBHH_2.mw'.

\openout4 = `Hoa11_C01_CBHH_2.mw'.

\openout4 = `Hoa11_C01_CBHH_2.mw'.

\openout4 = `Hoa11_C01_CBHH_2.mw'.

\openout4 = `Hoa11_C01_CBHH_2.mw'.

\openout4 = `Hoa11_C01_CBHH_2.mw'.

\openout4 = `Hoa11_C01_CBHH_2.mw'.

\openout4 = `Ans/Tempt-C01B02_Dang1.tex'.

\openout4 = `Ansbook/AnsTF-C01B02_Dang1.tex'.

\openout4 = `Ans/LGTF-C01B02_Dang1.tex'.



Package hyperref Warning: Token not allowed in a PDF string (Unicode):
(hyperref)                removing `\char' on input line 1144.

LaTeX Font Info:    No math alphabet change to frozen version normal on input l
ine 1149.
LaTeX Font Info:    No math alphabet change to frozen version normal on input l
ine 1149.

Underfull \hbox (badness 1354) in paragraph at lines 1149--1150
[]\T5/ptm/m/n/12 (+20) Ch�t ^^_i�n li m�nh bao g�m c�c acid m�nh ($\OT1/ptmcm/m
/n/12 HCl\OML/ptmcm/m/it/12 ; \OT1/ptmcm/m/n/12 HNO[]\OML/ptmcm/m/it/12 ; \OT1/
ptmcm/m/n/12 H[]SO[]\OML/ptmcm/m/it/12 ; :::$\T5/ptm/m/n/12 (+20) ), base m�nh
 []

LaTeX Font Info:    No math alphabet change to frozen version normal on input l
ine 1151.
LaTeX Font Info:    No math alphabet change to frozen version normal on input l
ine 1152.
LaTeX Font Info:    No math alphabet change to frozen version normal on input l
ine 1153.
LaTeX Font Info:    No math alphabet change to frozen version normal on input l
ine 1154.
LaTeX Font Info:    No math alphabet change to frozen version normal on input l
ine 1160.
LaTeX Font Info:    No math alphabet change to frozen version normal on input l
ine 1160.
LaTeX Font Info:    No math alphabet change to frozen version normal on input l
ine 1163.
LaTeX Font Info:    No math alphabet change to frozen version normal on input l
ine 1163.
LaTeX Font Info:    No math alphabet change to frozen version normal on input l
ine 1163.
LaTeX Font Info:    No math alphabet change to frozen version normal on input l
ine 1163.
LaTeX Font Info:    No math alphabet change to frozen version normal on input l
ine 1164.
LaTeX Font Info:    No math alphabet change to frozen version normal on input l
ine 1164.
LaTeX Font Info:    No math alphabet change to frozen version normal on input l
ine 1164.
LaTeX Font Info:    No math alphabet change to frozen version normal on input l
ine 1164.
LaTeX Font Info:    No math alphabet change to frozen version normal on input l
ine 1164.
LaTeX Font Info:    No math alphabet change to frozen version normal on input l
ine 1164.
LaTeX Font Info:    No math alphabet change to frozen version normal on input l
ine 1165.
LaTeX Font Info:    No math alphabet change to frozen version normal on input l
ine 1166.
LaTeX Font Info:    No math alphabet change to frozen version normal on input l
ine 1167.
LaTeX Font Info:    No math alphabet change to frozen version normal on input l
ine 1167.
LaTeX Font Info:    No math alphabet change to frozen version normal on input l
ine 1168.
LaTeX Font Info:    No math alphabet change to frozen version normal on input l
ine 1171.
LaTeX Font Info:    No math alphabet change to frozen version normal on input l
ine 1171.
LaTeX Font Info:    No math alphabet change to frozen version normal on input l
ine 1171.
LaTeX Font Info:    No math alphabet change to frozen version normal on input l
ine 1171.
LaTeX Font Info:    No math alphabet change to frozen version normal on input l
ine 1172.
LaTeX Font Info:    No math alphabet change to frozen version normal on input l
ine 1172.
LaTeX Font Info:    No math alphabet change to frozen version normal on input l
ine 1172.
LaTeX Font Info:    No math alphabet change to frozen version normal on input l
ine 1172.
LaTeX Font Info:    No math alphabet change to frozen version normal on input l
ine 1172.
LaTeX Font Info:    No math alphabet change to frozen version normal on input l
ine 1172.
LaTeX Font Info:    No math alphabet change to frozen version normal on input l
ine 1173.
LaTeX Font Info:    No math alphabet change to frozen version normal on input l
ine 1174.
LaTeX Font Info:    No math alphabet change to frozen version normal on input l
ine 1175.
LaTeX Font Info:    No math alphabet change to frozen version normal on input l
ine 1175.
LaTeX Font Info:    No math alphabet change to frozen version normal on input l
ine 1182.
LaTeX Font Info:    No math alphabet change to frozen version normal on input l
ine 1182.
LaTeX Font Info:    No math alphabet change to frozen version normal on input l
ine 1185.
LaTeX Font Info:    No math alphabet change to frozen version normal on input l
ine 1185.
LaTeX Font Info:    No math alphabet change to frozen version normal on input l
ine 1185.
LaTeX Font Info:    No math alphabet change to frozen version normal on input l
ine 1185.
LaTeX Font Info:    No math alphabet change to frozen version normal on input l
ine 1186.
LaTeX Font Info:    No math alphabet change to frozen version normal on input l
ine 1186.
LaTeX Font Info:    No math alphabet change to frozen version normal on input l
ine 1186.
LaTeX Font Info:    No math alphabet change to frozen version normal on input l
ine 1186.
LaTeX Font Info:    No math alphabet change to frozen version normal on input l
ine 1186.
LaTeX Font Info:    No math alphabet change to frozen version normal on input l
ine 1186.
LaTeX Font Info:    No math alphabet change to frozen version normal on input l
ine 1187.
LaTeX Font Info:    No math alphabet change to frozen version normal on input l
ine 1187.
LaTeX Font Info:    No math alphabet change to frozen version normal on input l
ine 1187.
LaTeX Font Info:    No math alphabet change to frozen version normal on input l
ine 1187.
LaTeX Font Info:    No math alphabet change to frozen version normal on input l
ine 1188.
LaTeX Font Info:    No math alphabet change to frozen version normal on input l
ine 1188.
LaTeX Font Info:    No math alphabet change to frozen version normal on input l
ine 1188.
LaTeX Font Info:    No math alphabet change to frozen version normal on input l
ine 1188.
LaTeX Font Info:    No math alphabet change to frozen version normal on input l
ine 1188.
LaTeX Font Info:    No math alphabet change to frozen version normal on input l
ine 1189.
LaTeX Font Info:    No math alphabet change to frozen version normal on input l
ine 1190.
LaTeX Font Info:    No math alphabet change to frozen version normal on input l
ine 1191.
LaTeX Font Info:    No math alphabet change to frozen version normal on input l
ine 1191.
LaTeX Font Info:    No math alphabet change to frozen version normal on input l
ine 1191.

Package fancyhdr Warning: \headheight is too small (12.0pt): 
(fancyhdr)                Make it at least 31.99992pt, for example:
(fancyhdr)                \setlength{\headheight}{31.99992pt}.
(fancyhdr)                You might also make \topmargin smaller to compensate:

(fancyhdr)                \addtolength{\topmargin}{-19.99992pt}.



<QR code requested for "https://zalo.me/g/ogytdc722" in version 0-M.>
<Error-correction level increased from M to Q at no cost.>

<Copying the QR code for "https://zalo.me/g/ogytdc722" in version 3-Q as previo
usly calculated.>
LaTeX Font Info:    No math alphabet change to frozen version normal on input l
ine 1194.
\openout4 = `Hoa11_C01_CBHH_2.mw'.

[38] (./Hoa11_C01_CBHH_2.mw)
\openout4 = `Hoa11_C01_CBHH_2.mw'.

\openout4 = `Hoa11_C01_CBHH_2.mw'.

\openout4 = `Hoa11_C01_CBHH_2.mw'.


Output from handle ansbook going to Ansbook/Tamvd.tex
\openout4 = `Ansbook/Tamvd.tex'.


pdfTeX warning (ext4): destination with the same identifier (name{vd.3}) has be
en already used, duplicate ignored
<to be read again> 
                   \relax 
l.1199 	V
         iết phương trình điện li và tính nồng độ các ion tr...
LaTeX Font Info:    No math alphabet change to frozen version normal on input l
ine 1199.
LaTeX Font Info:    No math alphabet change to frozen version normal on input l
ine 1204.
LaTeX Font Info:    No math alphabet change to frozen version normal on input l
ine 1204.
LaTeX Font Info:    No math alphabet change to frozen version normal on input l
ine 1204.
LaTeX Font Info:    No math alphabet change to frozen version normal on input l
ine 1204.
LaTeX Font Info:    No math alphabet change to frozen version normal on input l
ine 1204.
LaTeX Font Info:    No math alphabet change to frozen version normal on input l
ine 1204.
LaTeX Font Info:    No math alphabet change to frozen version normal on input l
ine 1204.
LaTeX Font Info:    No math alphabet change to frozen version normal on input l
ine 1204.
\openout4 = `Ansbook/Tamvd.tex'.

Output from handle ansbook going to Ansbook/Tamvd.tex
\openout4 = `Ansbook/Tamvd.tex'.


pdfTeX warning (ext4): destination with the same identifier (name{vd.4}) has be
en already used, duplicate ignored
<to be read again> 
                   \relax 
l.1215 	T
         ính nồng độ mol của ion $OH^-$ trong 200 ml dung dịch ch�...
LaTeX Font Info:    No math alphabet change to frozen version normal on input l
ine 1215.
LaTeX Font Info:    No math alphabet change to frozen version normal on input l
ine 1215.
LaTeX Font Info:    No math alphabet change to frozen version normal on input l
ine 1215.
\openout4 = `Ansbook/Tamvd.tex'.

Output from handle ansbook going to Ansbook/Tamvd.tex
\openout4 = `Ansbook/Tamvd.tex'.

LaTeX Font Info:    No math alphabet change to frozen version normal on input l
ine 1234.
LaTeX Font Info:    No math alphabet change to frozen version normal on input l
ine 1234.
LaTeX Font Info:    No math alphabet change to frozen version normal on input l
ine 1234.
\openout4 = `Ansbook/Tamvd.tex'.


pdfTeX warning (ext4): destination with the same identifier (name{phan.1.2.1}) 
has been already used, duplicate ignored
<to be read again> 
                   \relax 
l.1263 \phan{Bài tập tự luận}
                                    
Output from handle ansbth going to Ans/LGBT-C01B02_Dang2.tex
\openout4 = `Ans/LGBT-C01B02_Dang2.tex'.

Output from handle ansbt going to Ans/AnsBT-C01B02_Dang2.tex
\openout4 = `Ans/AnsBT-C01B02_Dang2.tex'.


pdfTeX warning (ext4): destination with the same identifier (name{bt.16}) has b
een already used, duplicate ignored
<to be read again> 
                   \relax 
l.1270 	V
         iết phương trình điện li của các chất sau trong dung d...

Package fancyhdr Warning: \headheight is too small (12.0pt): 
(fancyhdr)                Make it at least 31.99992pt, for example:
(fancyhdr)                \setlength{\headheight}{31.99992pt}.
(fancyhdr)                You might also make \topmargin smaller to compensate:

(fancyhdr)                \addtolength{\topmargin}{-19.99992pt}.




<QR code requested for "https://www.youtube.com/@hochoakhongkho" in version 0-M
.>

<Copying the QR code for "https://www.youtube.com/@hochoakhongkho" in version 3
-M as previously calculated.>
LaTeX Font Info:    No math alphabet change to frozen version normal on input l
ine 1270.
\openout4 = `Hoa11_C01_CBHH_2.mw'.

[39] (./Hoa11_C01_CBHH_2.mw)
\openout4 = `Hoa11_C01_CBHH_2.mw'.

LaTeX Font Info:    No math alphabet change to frozen version normal on input l
ine 1270.

pdfTeX warning (ext4): destination with the same identifier (name{bt.17}) has b
een already used, duplicate ignored
<to be read again> 
                   \relax 
l.1283 	T
         ính nồng độ mol của các ion trong các dung dịch sau:
Overfull \hbox (0.9762pt too wide) in paragraph at lines 1270--1283
[]\T5/qag/b/n/12 B�i 16.[]\T5/ptm/m/n/12 (-20) Vi�t ph��ng tr�nh ^^_i�n li c�a 
c�c ch�t sau trong dung d�ch: $\OT1/ptmcm/m/n/12 HBr\OML/ptmcm/m/it/12 ; \OT1/p
tmcm/m/n/12 Ca(OH)[]\OML/ptmcm/m/it/12 ; \OT1/ptmcm/m/n/12 K[]PO[]\OML/ptmcm/m/
it/12 ; \OT1/ptmcm/m/n/12 Fe(NO[])[]\OML/ptmcm/m/it/12 ; \OT1/ptmcm/m/n/12 HClO
[]$\T5/ptm/m/n/12 (-20) .
 []

LaTeX Font Info:    No math alphabet change to frozen version normal on input l
ine 1285.
LaTeX Font Info:    No math alphabet change to frozen version normal on input l
ine 1286.
LaTeX Font Info:    No math alphabet change to frozen version normal on input l
ine 1287.

pdfTeX warning (ext4): destination with the same identifier (name{bt.18}) has b
een already used, duplicate ignored
<to be read again> 
                   \relax 
l.1302     H
            òa tan 11,1 gam $CaCl_2$ vào nước thu được 500 ml dung ...
LaTeX Font Info:    No math alphabet change to frozen version normal on input l
ine 1302.
LaTeX Font Info:    No math alphabet change to frozen version normal on input l
ine 1304.
LaTeX Font Info:    No math alphabet change to frozen version normal on input l
ine 1305.
LaTeX Font Info:    No math alphabet change to frozen version normal on input l
ine 1306.

pdfTeX warning (ext4): destination with the same identifier (name{bt.19}) has b
een already used, duplicate ignored
<to be read again> 
                   \relax 
l.1321     T
            rộn 100 ml dung dịch $NaCl$ 0,2 M với 100 ml dung dịch $...
LaTeX Font Info:    No math alphabet change to frozen version normal on input l
ine 1321.
LaTeX Font Info:    No math alphabet change to frozen version normal on input l
ine 1321.

pdfTeX warning (ext4): destination with the same identifier (name{bt.20}) has b
een already used, duplicate ignored
<to be read again> 
                   \relax 
l.1345     M
            ột dung dịch X chứa $a$ mol $Al^{3+}$, $b$ mol $SO_4^{2-}$...
LaTeX Font Info:    No math alphabet change to frozen version normal on input l
ine 1345.
LaTeX Font Info:    No math alphabet change to frozen version normal on input l
ine 1345.
LaTeX Font Info:    No math alphabet change to frozen version normal on input l
ine 1345.
LaTeX Font Info:    No math alphabet change to frozen version normal on input l
ine 1345.
LaTeX Font Info:    No math alphabet change to frozen version normal on input l
ine 1345.
LaTeX Font Info:    No math alphabet change to frozen version normal on input l
ine 1345.
LaTeX Font Info:    No math alphabet change to frozen version normal on input l
ine 1345.
LaTeX Font Info:    No math alphabet change to frozen version normal on input l
ine 1345.
LaTeX Font Info:    No math alphabet change to frozen version normal on input l
ine 1345.
LaTeX Font Info:    No math alphabet change to frozen version normal on input l
ine 1345.
\openout4 = `Ans/AnsBT-C01B02_Dang2.tex'.

\openout4 = `Ans/LGBT-C01B02_Dang2.tex'.


pdfTeX warning (ext4): destination with the same identifier (name{phan.1.2.2}) 
has been already used, duplicate ignored
<to be read again> 
                   \relax 
l.1367 \phan{Bài tập trả lời ngắn}
                                           
Output from handle ansbth going to Ans/LGSA-C01B02_Dang2.tex
\openout4 = `Ans/LGSA-C01B02_Dang2.tex'.

Output from handle ansbt going to Ans/AnsSA-C01B02_Dang2.tex
\openout4 = `Ans/AnsSA-C01B02_Dang2.tex'.


pdfTeX warning (ext4): destination with the same identifier (name{bt.21}) has b
een already used, duplicate ignored
<to be read again> 
                   \relax 
l.1373 	D
         ung dịch $H_2SO_4$ 0,05 M có nồng độ ion $H^+$ là bao nhi�...
LaTeX Font Info:    No math alphabet change to frozen version normal on input l
ine 1373.
LaTeX Font Info:    No math alphabet change to frozen version normal on input l
ine 1373.
LaTeX Font Info:    No math alphabet change to frozen version normal on input l
ine 1373.
\openout4 = `Hoa11_C01_CBHH_2.mw'.

\openout4 = `Hoa11_C01_CBHH_2.mw'.

\openout4 = `Hoa11_C01_CBHH_2.mw'.

\openout4 = `Hoa11_C01_CBHH_2.mw'.

\openout4 = `Hoa11_C01_CBHH_2.mw'.

\openout4 = `Hoa11_C01_CBHH_2.mw'.


pdfTeX warning (ext4): destination with the same identifier (name{bt.22}) has b
een already used, duplicate ignored
<to be read again> 
                   \relax 
l.1379 	N
         ồng độ ion $Na^+$ trong dung dịch $Na_3PO_4$ 0,2 M là bao n...
LaTeX Font Info:    No math alphabet change to frozen version normal on input l
ine 1379.
LaTeX Font Info:    No math alphabet change to frozen version normal on input l
ine 1379.
\openout4 = `Hoa11_C01_CBHH_2.mw'.

\openout4 = `Hoa11_C01_CBHH_2.mw'.

\openout4 = `Hoa11_C01_CBHH_2.mw'.

\openout4 = `Hoa11_C01_CBHH_2.mw'.

\openout4 = `Hoa11_C01_CBHH_2.mw'.

\openout4 = `Hoa11_C01_CBHH_2.mw'.


pdfTeX warning (ext4): destination with the same identifier (name{bt.23}) has b
een already used, duplicate ignored
<to be read again> 
                   \relax 
l.1385     T
            rong dung dịch $FeCl_3$ 0,1M, nồng độ ion $Cl^-$ là bao ...
LaTeX Font Info:    No math alphabet change to frozen version normal on input l
ine 1385.
LaTeX Font Info:    No math alphabet change to frozen version normal on input l
ine 1385.
\openout4 = `Hoa11_C01_CBHH_2.mw'.

\openout4 = `Hoa11_C01_CBHH_2.mw'.

\openout4 = `Hoa11_C01_CBHH_2.mw'.

\openout4 = `Hoa11_C01_CBHH_2.mw'.

\openout4 = `Hoa11_C01_CBHH_2.mw'.

\openout4 = `Hoa11_C01_CBHH_2.mw'.


pdfTeX warning (ext4): destination with the same identifier (name{bt.24}) has b
een already used, duplicate ignored
<to be read again> 
                   \relax 
l.1391     H
            òa tan 0,02 mol $KOH$ vào nước thu được 400 ml dung d�...
LaTeX Font Info:    No math alphabet change to frozen version normal on input l
ine 1391.
LaTeX Font Info:    No math alphabet change to frozen version normal on input l
ine 1391.
\openout4 = `Hoa11_C01_CBHH_2.mw'.

\openout4 = `Hoa11_C01_CBHH_2.mw'.

\openout4 = `Hoa11_C01_CBHH_2.mw'.

\openout4 = `Hoa11_C01_CBHH_2.mw'.

\openout4 = `Hoa11_C01_CBHH_2.mw'.

\openout4 = `Hoa11_C01_CBHH_2.mw'.


pdfTeX warning (ext4): destination with the same identifier (name{bt.25}) has b
een already used, duplicate ignored
<to be read again> 
                   \relax 
l.1397 	D
         ung dịch $Al_2(SO_4)_3$ 0,01 M có tổng nồng độ các ion l...
LaTeX Font Info:    No math alphabet change to frozen version normal on input l
ine 1397.
\openout4 = `Hoa11_C01_CBHH_2.mw'.

\openout4 = `Hoa11_C01_CBHH_2.mw'.

\openout4 = `Hoa11_C01_CBHH_2.mw'.

\openout4 = `Hoa11_C01_CBHH_2.mw'.

\openout4 = `Hoa11_C01_CBHH_2.mw'.

\openout4 = `Hoa11_C01_CBHH_2.mw'.


pdfTeX warning (ext4): destination with the same identifier (name{bt.26}) has b
een already used, duplicate ignored
<to be read again> 
                   \relax 
l.1403     N
            ồng độ ion $Ba^{2+}$ trong dung dịch $Ba(NO_3)_2$ 0,15 M ...
LaTeX Font Info:    No math alphabet change to frozen version normal on input l
ine 1403.
LaTeX Font Info:    No math alphabet change to frozen version normal on input l
ine 1403.
\openout4 = `Hoa11_C01_CBHH_2.mw'.

\openout4 = `Hoa11_C01_CBHH_2.mw'.

\openout4 = `Hoa11_C01_CBHH_2.mw'.

\openout4 = `Hoa11_C01_CBHH_2.mw'.

\openout4 = `Hoa11_C01_CBHH_2.mw'.

\openout4 = `Hoa11_C01_CBHH_2.mw'.


pdfTeX warning (ext4): destination with the same identifier (name{bt.27}) has b
een already used, duplicate ignored
<to be read again> 
                   \relax 
l.1409     T
            rộn 50 ml dung dịch $HCl$ 0,2 M với 50 ml dung dịch $NaC...
LaTeX Font Info:    No math alphabet change to frozen version normal on input l
ine 1409.
LaTeX Font Info:    No math alphabet change to frozen version normal on input l
ine 1409.
LaTeX Font Info:    No math alphabet change to frozen version normal on input l
ine 1409.
\openout4 = `Hoa11_C01_CBHH_2.mw'.

\openout4 = `Hoa11_C01_CBHH_2.mw'.

\openout4 = `Hoa11_C01_CBHH_2.mw'.

\openout4 = `Hoa11_C01_CBHH_2.mw'.

\openout4 = `Hoa11_C01_CBHH_2.mw'.

\openout4 = `Hoa11_C01_CBHH_2.mw'.


pdfTeX warning (ext4): destination with the same identifier (name{bt.28}) has b
een already used, duplicate ignored
<to be read again> 
                   \relax 
l.1415     T
            rong dung dịch $K_2CrO_4$ 0,02M, nồng độ ion $K^+$ gấp ...
LaTeX Font Info:    No math alphabet change to frozen version normal on input l
ine 1415.
LaTeX Font Info:    No math alphabet change to frozen version normal on input l
ine 1415.
LaTeX Font Info:    No math alphabet change to frozen version normal on input l
ine 1415.
\openout4 = `Hoa11_C01_CBHH_2.mw'.

\openout4 = `Hoa11_C01_CBHH_2.mw'.

\openout4 = `Hoa11_C01_CBHH_2.mw'.

\openout4 = `Hoa11_C01_CBHH_2.mw'.

\openout4 = `Hoa11_C01_CBHH_2.mw'.

\openout4 = `Hoa11_C01_CBHH_2.mw'.


pdfTeX warning (ext4): destination with the same identifier (name{bt.29}) has b
een already used, duplicate ignored
<to be read again> 
                   \relax 
l.1421     �
            �ể có dung dịch chứa $Mg^{2+}$ 0,1M; $NO_3^-$ 0,2M thì n...

Overfull \hbox (10.62566pt too wide) in paragraph at lines 1415--1421
[]\T5/qag/b/n/12 B�i 28.[]\T5/ptm/m/n/12 (-20) Trong dung d�ch $\OT1/ptmcm/m/n/
12 K[]CrO[]$ \T5/ptm/m/n/12 (-20) 0,02M, n�ng ^^_� ion $\OT1/ptmcm/m/n/12 K[]$ 
\T5/ptm/m/n/12 (-20) g�p m�y l�n n�ng ^^_� ion $\OT1/ptmcm/m/n/12 CrO[]$\T5/ptm
/m/n/12 (-20) ? [] [][][][]|     [] 
 []

LaTeX Font Info:    No math alphabet change to frozen version normal on input l
ine 1421.
LaTeX Font Info:    No math alphabet change to frozen version normal on input l
ine 1421.
LaTeX Font Info:    No math alphabet change to frozen version normal on input l
ine 1421.
\openout4 = `Hoa11_C01_CBHH_2.mw'.

\openout4 = `Hoa11_C01_CBHH_2.mw'.

\openout4 = `Hoa11_C01_CBHH_2.mw'.

\openout4 = `Hoa11_C01_CBHH_2.mw'.

\openout4 = `Hoa11_C01_CBHH_2.mw'.

\openout4 = `Hoa11_C01_CBHH_2.mw'.


pdfTeX warning (ext4): destination with the same identifier (name{bt.30}) has b
een already used, duplicate ignored
<to be read again> 
                   \relax 
l.1427     D
            ung dịch $A$ chứa 0,1 mol $Na^+$, 0,2 mol $Mg^{2+}$, 0,1 mol...

Package fancyhdr Warning: \headheight is too small (12.0pt): 
(fancyhdr)                Make it at least 31.99992pt, for example:
(fancyhdr)                \setlength{\headheight}{31.99992pt}.
(fancyhdr)                You might also make \topmargin smaller to compensate:

(fancyhdr)                \addtolength{\topmargin}{-19.99992pt}.



<QR code requested for "https://zalo.me/g/ogytdc722" in version 0-M.>
<Error-correction level increased from M to Q at no cost.>

<Copying the QR code for "https://zalo.me/g/ogytdc722" in version 3-Q as previo
usly calculated.>
LaTeX Font Info:    No math alphabet change to frozen version normal on input l
ine 1427.
\openout4 = `Hoa11_C01_CBHH_2.mw'.

[40] (./Hoa11_C01_CBHH_2.mw)
\openout4 = `Hoa11_C01_CBHH_2.mw'.

LaTeX Font Info:    No math alphabet change to frozen version normal on input l
ine 1427.
LaTeX Font Info:    No math alphabet change to frozen version normal on input l
ine 1427.
LaTeX Font Info:    No math alphabet change to frozen version normal on input l
ine 1427.
LaTeX Font Info:    No math alphabet change to frozen version normal on input l
ine 1427.
LaTeX Font Info:    No math alphabet change to frozen version normal on input l
ine 1427.
LaTeX Font Info:    No math alphabet change to frozen version normal on input l
ine 1427.
LaTeX Font Info:    No math alphabet change to frozen version normal on input l
ine 1427.
\openout4 = `Hoa11_C01_CBHH_2.mw'.

\openout4 = `Hoa11_C01_CBHH_2.mw'.

\openout4 = `Hoa11_C01_CBHH_2.mw'.

\openout4 = `Hoa11_C01_CBHH_2.mw'.

\openout4 = `Hoa11_C01_CBHH_2.mw'.

\openout4 = `Hoa11_C01_CBHH_2.mw'.

\openout4 = `Ans/AnsSA-C01B02_Dang2.tex'.

\openout4 = `Ans/LGSA-C01B02_Dang2.tex'.


pdfTeX warning (ext4): destination with the same identifier (name{phan.1.2.3}) 
has been already used, duplicate ignored
<to be read again> 
                   \relax 
l.1437 \phan{Trắc nghiệm nhiều lựa chọn}
                                                  
Output from handle ansex going to Ans/LGEX-C01B02_Dang2.tex
\openout4 = `Ans/LGEX-C01B02_Dang2.tex'.

Output from handle ans going to Ans/Ans-C01B02_Dang2.tex
\openout4 = `Ans/Ans-C01B02_Dang2.tex'.


pdfTeX warning (ext4): destination with the same identifier (name{ex.31}) has b
een already used, duplicate ignored
<to be read again> 
                   \relax 
l.1442 \begin{ex}
                 
LaTeX Font Info:    No math alphabet change to frozen version normal on input l
ine 1448.
LaTeX Font Info:    No math alphabet change to frozen version normal on input l
ine 1448.
LaTeX Font Info:    No math alphabet change to frozen version normal on input l
ine 1448.
LaTeX Font Info:    No math alphabet change to frozen version normal on input l
ine 1448.
LaTeX Font Info:    No math alphabet change to frozen version normal on input l
ine 1448.
LaTeX Font Info:    No math alphabet change to frozen version normal on input l
ine 1448.
LaTeX Font Info:    No math alphabet change to frozen version normal on input l
ine 1448.
LaTeX Font Info:    No math alphabet change to frozen version normal on input l
ine 1448.
\openout4 = `Hoa11_C01_CBHH_2.mw'.

\openout4 = `Hoa11_C01_CBHH_2.mw'.

\openout4 = `Hoa11_C01_CBHH_2.mw'.

\openout4 = `Hoa11_C01_CBHH_2.mw'.

\openout4 = `Hoa11_C01_CBHH_2.mw'.

\openout4 = `Hoa11_C01_CBHH_2.mw'.


pdfTeX warning (ext4): destination with the same identifier (name{ex.32}) has b
een already used, duplicate ignored
<to be read again> 
                   \relax 
l.1452 \begin{ex}
                 
LaTeX Font Info:    No math alphabet change to frozen version normal on input l
ine 1453.
LaTeX Font Info:    No math alphabet change to frozen version normal on input l
ine 1453.
LaTeX Font Info:    No math alphabet change to frozen version normal on input l
ine 1458.
LaTeX Font Info:    No math alphabet change to frozen version normal on input l
ine 1458.
LaTeX Font Info:    No math alphabet change to frozen version normal on input l
ine 1458.
LaTeX Font Info:    No math alphabet change to frozen version normal on input l
ine 1458.
LaTeX Font Info:    No math alphabet change to frozen version normal on input l
ine 1458.
LaTeX Font Info:    No math alphabet change to frozen version normal on input l
ine 1458.
LaTeX Font Info:    No math alphabet change to frozen version normal on input l
ine 1458.
LaTeX Font Info:    No math alphabet change to frozen version normal on input l
ine 1458.
\openout4 = `Hoa11_C01_CBHH_2.mw'.

\openout4 = `Hoa11_C01_CBHH_2.mw'.

\openout4 = `Hoa11_C01_CBHH_2.mw'.

\openout4 = `Hoa11_C01_CBHH_2.mw'.

\openout4 = `Hoa11_C01_CBHH_2.mw'.

\openout4 = `Hoa11_C01_CBHH_2.mw'.


pdfTeX warning (ext4): destination with the same identifier (name{ex.33}) has b
een already used, duplicate ignored
<to be read again> 
                   \relax 
l.1462 \begin{ex}
                 
LaTeX Font Info:    No math alphabet change to frozen version normal on input l
ine 1463.
LaTeX Font Info:    No math alphabet change to frozen version normal on input l
ine 1463.
LaTeX Font Info:    No math alphabet change to frozen version normal on input l
ine 1468.
LaTeX Font Info:    No math alphabet change to frozen version normal on input l
ine 1468.
LaTeX Font Info:    No math alphabet change to frozen version normal on input l
ine 1468.
LaTeX Font Info:    No math alphabet change to frozen version normal on input l
ine 1468.
LaTeX Font Info:    No math alphabet change to frozen version normal on input l
ine 1468.
LaTeX Font Info:    No math alphabet change to frozen version normal on input l
ine 1468.
LaTeX Font Info:    No math alphabet change to frozen version normal on input l
ine 1468.
LaTeX Font Info:    No math alphabet change to frozen version normal on input l
ine 1468.
\openout4 = `Hoa11_C01_CBHH_2.mw'.

\openout4 = `Hoa11_C01_CBHH_2.mw'.

\openout4 = `Hoa11_C01_CBHH_2.mw'.

\openout4 = `Hoa11_C01_CBHH_2.mw'.

\openout4 = `Hoa11_C01_CBHH_2.mw'.

\openout4 = `Hoa11_C01_CBHH_2.mw'.


pdfTeX warning (ext4): destination with the same identifier (name{ex.34}) has b
een already used, duplicate ignored
<to be read again> 
                   \relax 
l.1472 \begin{ex}
                 
LaTeX Font Info:    No math alphabet change to frozen version normal on input l
ine 1473.
LaTeX Font Info:    No math alphabet change to frozen version normal on input l
ine 1473.
LaTeX Font Info:    No math alphabet change to frozen version normal on input l
ine 1478.
LaTeX Font Info:    No math alphabet change to frozen version normal on input l
ine 1478.
LaTeX Font Info:    No math alphabet change to frozen version normal on input l
ine 1478.
LaTeX Font Info:    No math alphabet change to frozen version normal on input l
ine 1478.
LaTeX Font Info:    No math alphabet change to frozen version normal on input l
ine 1478.
LaTeX Font Info:    No math alphabet change to frozen version normal on input l
ine 1478.
LaTeX Font Info:    No math alphabet change to frozen version normal on input l
ine 1478.
LaTeX Font Info:    No math alphabet change to frozen version normal on input l
ine 1478.
LaTeX Font Info:    No math alphabet change to frozen version normal on input l
ine 1478.
LaTeX Font Info:    No math alphabet change to frozen version normal on input l
ine 1478.
LaTeX Font Info:    No math alphabet change to frozen version normal on input l
ine 1478.
LaTeX Font Info:    No math alphabet change to frozen version normal on input l
ine 1478.
LaTeX Font Info:    No math alphabet change to frozen version normal on input l
ine 1478.
LaTeX Font Info:    No math alphabet change to frozen version normal on input l
ine 1478.
LaTeX Font Info:    No math alphabet change to frozen version normal on input l
ine 1478.
LaTeX Font Info:    No math alphabet change to frozen version normal on input l
ine 1478.
LaTeX Font Info:    No math alphabet change to frozen version normal on input l
ine 1478.
LaTeX Font Info:    No math alphabet change to frozen version normal on input l
ine 1478.
LaTeX Font Info:    No math alphabet change to frozen version normal on input l
ine 1478.
LaTeX Font Info:    No math alphabet change to frozen version normal on input l
ine 1478.
LaTeX Font Info:    No math alphabet change to frozen version normal on input l
ine 1478.
LaTeX Font Info:    No math alphabet change to frozen version normal on input l
ine 1478.
LaTeX Font Info:    No math alphabet change to frozen version normal on input l
ine 1478.
LaTeX Font Info:    No math alphabet change to frozen version normal on input l
ine 1478.
LaTeX Font Info:    No math alphabet change to frozen version normal on input l
ine 1478.
LaTeX Font Info:    No math alphabet change to frozen version normal on input l
ine 1478.
LaTeX Font Info:    No math alphabet change to frozen version normal on input l
ine 1478.
LaTeX Font Info:    No math alphabet change to frozen version normal on input l
ine 1478.
LaTeX Font Info:    No math alphabet change to frozen version normal on input l
ine 1478.
LaTeX Font Info:    No math alphabet change to frozen version normal on input l
ine 1478.
LaTeX Font Info:    No math alphabet change to frozen version normal on input l
ine 1478.
LaTeX Font Info:    No math alphabet change to frozen version normal on input l
ine 1478.
\openout4 = `Hoa11_C01_CBHH_2.mw'.

\openout4 = `Hoa11_C01_CBHH_2.mw'.

\openout4 = `Hoa11_C01_CBHH_2.mw'.

\openout4 = `Hoa11_C01_CBHH_2.mw'.

\openout4 = `Hoa11_C01_CBHH_2.mw'.

\openout4 = `Hoa11_C01_CBHH_2.mw'.


pdfTeX warning (ext4): destination with the same identifier (name{ex.35}) has b
een already used, duplicate ignored
<to be read again> 
                   \relax 
l.1482 \begin{ex}
                 
LaTeX Font Info:    No math alphabet change to frozen version normal on input l
ine 1483.
LaTeX Font Info:    No math alphabet change to frozen version normal on input l
ine 1483.
LaTeX Font Info:    No math alphabet change to frozen version normal on input l
ine 1483.
LaTeX Font Info:    No math alphabet change to frozen version normal on input l
ine 1483.
LaTeX Font Info:    No math alphabet change to frozen version normal on input l
ine 1488.
LaTeX Font Info:    No math alphabet change to frozen version normal on input l
ine 1488.
LaTeX Font Info:    No math alphabet change to frozen version normal on input l
ine 1488.
LaTeX Font Info:    No math alphabet change to frozen version normal on input l
ine 1488.
LaTeX Font Info:    No math alphabet change to frozen version normal on input l
ine 1488.
LaTeX Font Info:    No math alphabet change to frozen version normal on input l
ine 1488.
LaTeX Font Info:    No math alphabet change to frozen version normal on input l
ine 1488.
LaTeX Font Info:    No math alphabet change to frozen version normal on input l
ine 1488.
LaTeX Font Info:    No math alphabet change to frozen version normal on input l
ine 1488.
LaTeX Font Info:    No math alphabet change to frozen version normal on input l
ine 1488.
LaTeX Font Info:    No math alphabet change to frozen version normal on input l
ine 1488.
LaTeX Font Info:    No math alphabet change to frozen version normal on input l
ine 1488.
LaTeX Font Info:    No math alphabet change to frozen version normal on input l
ine 1488.
LaTeX Font Info:    No math alphabet change to frozen version normal on input l
ine 1488.
LaTeX Font Info:    No math alphabet change to frozen version normal on input l
ine 1488.
LaTeX Font Info:    No math alphabet change to frozen version normal on input l
ine 1488.
\openout4 = `Hoa11_C01_CBHH_2.mw'.

\openout4 = `Hoa11_C01_CBHH_2.mw'.

\openout4 = `Hoa11_C01_CBHH_2.mw'.

\openout4 = `Hoa11_C01_CBHH_2.mw'.

\openout4 = `Hoa11_C01_CBHH_2.mw'.

\openout4 = `Hoa11_C01_CBHH_2.mw'.


pdfTeX warning (ext4): destination with the same identifier (name{ex.36}) has b
een already used, duplicate ignored
<to be read again> 
                   \relax 
l.1492 \begin{ex}
                 
LaTeX Font Info:    No math alphabet change to frozen version normal on input l
ine 1493.
LaTeX Font Info:    No math alphabet change to frozen version normal on input l
ine 1493.
LaTeX Font Info:    No math alphabet change to frozen version normal on input l
ine 1493.
LaTeX Font Info:    No math alphabet change to frozen version normal on input l
ine 1498.
LaTeX Font Info:    No math alphabet change to frozen version normal on input l
ine 1498.
LaTeX Font Info:    No math alphabet change to frozen version normal on input l
ine 1498.
LaTeX Font Info:    No math alphabet change to frozen version normal on input l
ine 1498.
LaTeX Font Info:    No math alphabet change to frozen version normal on input l
ine 1498.
LaTeX Font Info:    No math alphabet change to frozen version normal on input l
ine 1498.
LaTeX Font Info:    No math alphabet change to frozen version normal on input l
ine 1498.
LaTeX Font Info:    No math alphabet change to frozen version normal on input l
ine 1498.
LaTeX Font Info:    No math alphabet change to frozen version normal on input l
ine 1498.
LaTeX Font Info:    No math alphabet change to frozen version normal on input l
ine 1498.
LaTeX Font Info:    No math alphabet change to frozen version normal on input l
ine 1498.
LaTeX Font Info:    No math alphabet change to frozen version normal on input l
ine 1498.
LaTeX Font Info:    No math alphabet change to frozen version normal on input l
ine 1498.
LaTeX Font Info:    No math alphabet change to frozen version normal on input l
ine 1498.
LaTeX Font Info:    No math alphabet change to frozen version normal on input l
ine 1498.
LaTeX Font Info:    No math alphabet change to frozen version normal on input l
ine 1498.
\openout4 = `Hoa11_C01_CBHH_2.mw'.

\openout4 = `Hoa11_C01_CBHH_2.mw'.

\openout4 = `Hoa11_C01_CBHH_2.mw'.

\openout4 = `Hoa11_C01_CBHH_2.mw'.

\openout4 = `Hoa11_C01_CBHH_2.mw'.

\openout4 = `Hoa11_C01_CBHH_2.mw'.


pdfTeX warning (ext4): destination with the same identifier (name{ex.37}) has b
een already used, duplicate ignored
<to be read again> 
                   \relax 
l.1502 \begin{ex}
                 
LaTeX Font Info:    No math alphabet change to frozen version normal on input l
ine 1503.
LaTeX Font Info:    No math alphabet change to frozen version normal on input l
ine 1508.
LaTeX Font Info:    No math alphabet change to frozen version normal on input l
ine 1508.
LaTeX Font Info:    No math alphabet change to frozen version normal on input l
ine 1508.
LaTeX Font Info:    No math alphabet change to frozen version normal on input l
ine 1508.
LaTeX Font Info:    No math alphabet change to frozen version normal on input l
ine 1508.
LaTeX Font Info:    No math alphabet change to frozen version normal on input l
ine 1508.
LaTeX Font Info:    No math alphabet change to frozen version normal on input l
ine 1508.
LaTeX Font Info:    No math alphabet change to frozen version normal on input l
ine 1508.
\openout4 = `Hoa11_C01_CBHH_2.mw'.

\openout4 = `Hoa11_C01_CBHH_2.mw'.

\openout4 = `Hoa11_C01_CBHH_2.mw'.

\openout4 = `Hoa11_C01_CBHH_2.mw'.

\openout4 = `Hoa11_C01_CBHH_2.mw'.

\openout4 = `Hoa11_C01_CBHH_2.mw'.


pdfTeX warning (ext4): destination with the same identifier (name{ex.38}) has b
een already used, duplicate ignored
<to be read again> 
                   \relax 
l.1512 \begin{ex}
                 
LaTeX Font Info:    No math alphabet change to frozen version normal on input l
ine 1513.
LaTeX Font Info:    No math alphabet change to frozen version normal on input l
ine 1513.
LaTeX Font Info:    No math alphabet change to frozen version normal on input l
ine 1513.
LaTeX Font Info:    No math alphabet change to frozen version normal on input l
ine 1518.
LaTeX Font Info:    No math alphabet change to frozen version normal on input l
ine 1518.
LaTeX Font Info:    No math alphabet change to frozen version normal on input l
ine 1518.
LaTeX Font Info:    No math alphabet change to frozen version normal on input l
ine 1518.
LaTeX Font Info:    No math alphabet change to frozen version normal on input l
ine 1518.
LaTeX Font Info:    No math alphabet change to frozen version normal on input l
ine 1518.
LaTeX Font Info:    No math alphabet change to frozen version normal on input l
ine 1518.
LaTeX Font Info:    No math alphabet change to frozen version normal on input l
ine 1518.
\openout4 = `Hoa11_C01_CBHH_2.mw'.

\openout4 = `Hoa11_C01_CBHH_2.mw'.

\openout4 = `Hoa11_C01_CBHH_2.mw'.

\openout4 = `Hoa11_C01_CBHH_2.mw'.

\openout4 = `Hoa11_C01_CBHH_2.mw'.

\openout4 = `Hoa11_C01_CBHH_2.mw'.


pdfTeX warning (ext4): destination with the same identifier (name{ex.39}) has b
een already used, duplicate ignored
<to be read again> 
                   \relax 
l.1525 \begin{ex}
                 
LaTeX Font Info:    No math alphabet change to frozen version normal on input l
ine 1526.
LaTeX Font Info:    No math alphabet change to frozen version normal on input l
ine 1526.
LaTeX Font Info:    No math alphabet change to frozen version normal on input l
ine 1526.
LaTeX Font Info:    No math alphabet change to frozen version normal on input l
ine 1526.
LaTeX Font Info:    No math alphabet change to frozen version normal on input l
ine 1526.
LaTeX Font Info:    No math alphabet change to frozen version normal on input l
ine 1526.
LaTeX Font Info:    No math alphabet change to frozen version normal on input l
ine 1526.
LaTeX Font Info:    No math alphabet change to frozen version normal on input l
ine 1531.
LaTeX Font Info:    No math alphabet change to frozen version normal on input l
ine 1531.
LaTeX Font Info:    No math alphabet change to frozen version normal on input l
ine 1531.
LaTeX Font Info:    No math alphabet change to frozen version normal on input l
ine 1531.
LaTeX Font Info:    No math alphabet change to frozen version normal on input l
ine 1531.
LaTeX Font Info:    No math alphabet change to frozen version normal on input l
ine 1531.
LaTeX Font Info:    No math alphabet change to frozen version normal on input l
ine 1531.
LaTeX Font Info:    No math alphabet change to frozen version normal on input l
ine 1531.
\openout4 = `Hoa11_C01_CBHH_2.mw'.

\openout4 = `Hoa11_C01_CBHH_2.mw'.

\openout4 = `Hoa11_C01_CBHH_2.mw'.

\openout4 = `Hoa11_C01_CBHH_2.mw'.

\openout4 = `Hoa11_C01_CBHH_2.mw'.

\openout4 = `Hoa11_C01_CBHH_2.mw'.


pdfTeX warning (ext4): destination with the same identifier (name{ex.40}) has b
een already used, duplicate ignored
<to be read again> 
                   \relax 
l.1541 \begin{ex}
                 
LaTeX Font Info:    No math alphabet change to frozen version normal on input l
ine 1547.
LaTeX Font Info:    No math alphabet change to frozen version normal on input l
ine 1547.
LaTeX Font Info:    No math alphabet change to frozen version normal on input l
ine 1547.
LaTeX Font Info:    No math alphabet change to frozen version normal on input l
ine 1547.
LaTeX Font Info:    No math alphabet change to frozen version normal on input l
ine 1547.
LaTeX Font Info:    No math alphabet change to frozen version normal on input l
ine 1547.
LaTeX Font Info:    No math alphabet change to frozen version normal on input l
ine 1547.
LaTeX Font Info:    No math alphabet change to frozen version normal on input l
ine 1547.
\openout4 = `Hoa11_C01_CBHH_2.mw'.

\openout4 = `Hoa11_C01_CBHH_2.mw'.

\openout4 = `Hoa11_C01_CBHH_2.mw'.

\openout4 = `Hoa11_C01_CBHH_2.mw'.

\openout4 = `Hoa11_C01_CBHH_2.mw'.

\openout4 = `Hoa11_C01_CBHH_2.mw'.


pdfTeX warning (ext4): destination with the same identifier (name{ex.41}) has b
een already used, duplicate ignored
<to be read again> 
                   \relax 
l.1551 \begin{ex}
                 
LaTeX Font Info:    No math alphabet change to frozen version normal on input l
ine 1552.
LaTeX Font Info:    No math alphabet change to frozen version normal on input l
ine 1552.
LaTeX Font Info:    No math alphabet change to frozen version normal on input l
ine 1557.
LaTeX Font Info:    No math alphabet change to frozen version normal on input l
ine 1557.
LaTeX Font Info:    No math alphabet change to frozen version normal on input l
ine 1557.
LaTeX Font Info:    No math alphabet change to frozen version normal on input l
ine 1557.
LaTeX Font Info:    No math alphabet change to frozen version normal on input l
ine 1557.
LaTeX Font Info:    No math alphabet change to frozen version normal on input l
ine 1557.
LaTeX Font Info:    No math alphabet change to frozen version normal on input l
ine 1557.
LaTeX Font Info:    No math alphabet change to frozen version normal on input l
ine 1557.
LaTeX Font Info:    No math alphabet change to frozen version normal on input l
ine 1557.
LaTeX Font Info:    No math alphabet change to frozen version normal on input l
ine 1557.


Package fancyhdr Warning: \headheight is too small (12.0pt): 
(fancyhdr)                Make it at least 31.99992pt, for example:
(fancyhdr)                \setlength{\headheight}{31.99992pt}.
(fancyhdr)                You might also make \topmargin smaller to compensate:

(fancyhdr)                \addtolength{\topmargin}{-19.99992pt}.




<QR code requested for "https://www.youtube.com/@hochoakhongkho" in version 0-M
.>

<Copying the QR code for "https://www.youtube.com/@hochoakhongkho" in version 3
-M as previously calculated.>
LaTeX Font Info:    No math alphabet change to frozen version normal on input l
ine 1557.
\openout4 = `Hoa11_C01_CBHH_2.mw'.

[41] (./Hoa11_C01_CBHH_2.mw)
\openout4 = `Hoa11_C01_CBHH_2.mw'.

LaTeX Font Info:    No math alphabet change to frozen version normal on input l
ine 1557.
LaTeX Font Info:    No math alphabet change to frozen version normal on input l
ine 1557.
LaTeX Font Info:    No math alphabet change to frozen version normal on input l
ine 1557.

Overfull \hbox (0.84pt too wide) in paragraph at lines 1557--1557
   [] [] 
 []

LaTeX Font Info:    No math alphabet change to frozen version normal on input l
ine 1557.
LaTeX Font Info:    No math alphabet change to frozen version normal on input l
ine 1557.
LaTeX Font Info:    No math alphabet change to frozen version normal on input l
ine 1557.

Overfull \hbox (0.84pt too wide) in paragraph at lines 1557--1557
   [] [] 
 []

LaTeX Font Info:    No math alphabet change to frozen version normal on input l
ine 1557.
LaTeX Font Info:    No math alphabet change to frozen version normal on input l
ine 1557.
LaTeX Font Info:    No math alphabet change to frozen version normal on input l
ine 1557.

Overfull \hbox (0.84pt too wide) in paragraph at lines 1557--1557
   [] [] 
 []

LaTeX Font Info:    No math alphabet change to frozen version normal on input l
ine 1557.

Overfull \hbox (0.84pt too wide) in paragraph at lines 1557--1557
   [] [] 
 []

\openout4 = `Hoa11_C01_CBHH_2.mw'.

\openout4 = `Hoa11_C01_CBHH_2.mw'.

\openout4 = `Hoa11_C01_CBHH_2.mw'.

\openout4 = `Hoa11_C01_CBHH_2.mw'.

\openout4 = `Hoa11_C01_CBHH_2.mw'.

\openout4 = `Hoa11_C01_CBHH_2.mw'.


pdfTeX warning (ext4): destination with the same identifier (name{ex.42}) has b
een already used, duplicate ignored
<to be read again> 
                   \relax 
l.1561 \begin{ex}
                 
LaTeX Font Info:    No math alphabet change to frozen version normal on input l
ine 1562.
LaTeX Font Info:    No math alphabet change to frozen version normal on input l
ine 1562.
LaTeX Font Info:    No math alphabet change to frozen version normal on input l
ine 1567.
LaTeX Font Info:    No math alphabet change to frozen version normal on input l
ine 1567.

Overfull \hbox (0.84pt too wide) in paragraph at lines 1567--1567
   [] [] 
 []


Overfull \hbox (0.84pt too wide) in paragraph at lines 1567--1567
   [] [] 
 []


Overfull \hbox (0.84pt too wide) in paragraph at lines 1567--1567
   [] [] 
 []


Overfull \hbox (0.84pt too wide) in paragraph at lines 1567--1567
   [] [] 
 []

\openout4 = `Hoa11_C01_CBHH_2.mw'.

\openout4 = `Hoa11_C01_CBHH_2.mw'.

\openout4 = `Hoa11_C01_CBHH_2.mw'.

\openout4 = `Hoa11_C01_CBHH_2.mw'.

\openout4 = `Hoa11_C01_CBHH_2.mw'.

\openout4 = `Hoa11_C01_CBHH_2.mw'.


pdfTeX warning (ext4): destination with the same identifier (name{ex.43}) has b
een already used, duplicate ignored
<to be read again> 
                   \relax 
l.1571 \begin{ex}
                 
LaTeX Font Info:    No math alphabet change to frozen version normal on input l
ine 1572.
LaTeX Font Info:    No math alphabet change to frozen version normal on input l
ine 1572.
LaTeX Font Info:    No math alphabet change to frozen version normal on input l
ine 1572.
LaTeX Font Info:    No math alphabet change to frozen version normal on input l
ine 1572.
LaTeX Font Info:    No math alphabet change to frozen version normal on input l
ine 1572.
LaTeX Font Info:    No math alphabet change to frozen version normal on input l
ine 1572.
LaTeX Font Info:    No math alphabet change to frozen version normal on input l
ine 1572.
LaTeX Font Info:    No math alphabet change to frozen version normal on input l
ine 1572.
LaTeX Font Info:    No math alphabet change to frozen version normal on input l
ine 1572.
LaTeX Font Info:    No math alphabet change to frozen version normal on input l
ine 1577.
LaTeX Font Info:    No math alphabet change to frozen version normal on input l
ine 1577.
LaTeX Font Info:    No math alphabet change to frozen version normal on input l
ine 1577.
LaTeX Font Info:    No math alphabet change to frozen version normal on input l
ine 1577.
LaTeX Font Info:    No math alphabet change to frozen version normal on input l
ine 1577.
LaTeX Font Info:    No math alphabet change to frozen version normal on input l
ine 1577.
LaTeX Font Info:    No math alphabet change to frozen version normal on input l
ine 1577.
LaTeX Font Info:    No math alphabet change to frozen version normal on input l
ine 1577.
LaTeX Font Info:    No math alphabet change to frozen version normal on input l
ine 1577.
LaTeX Font Info:    No math alphabet change to frozen version normal on input l
ine 1577.
LaTeX Font Info:    No math alphabet change to frozen version normal on input l
ine 1577.
LaTeX Font Info:    No math alphabet change to frozen version normal on input l
ine 1577.
LaTeX Font Info:    No math alphabet change to frozen version normal on input l
ine 1577.
LaTeX Font Info:    No math alphabet change to frozen version normal on input l
ine 1577.
LaTeX Font Info:    No math alphabet change to frozen version normal on input l
ine 1577.
LaTeX Font Info:    No math alphabet change to frozen version normal on input l
ine 1577.
\openout4 = `Hoa11_C01_CBHH_2.mw'.

\openout4 = `Hoa11_C01_CBHH_2.mw'.

\openout4 = `Hoa11_C01_CBHH_2.mw'.

\openout4 = `Hoa11_C01_CBHH_2.mw'.

\openout4 = `Hoa11_C01_CBHH_2.mw'.

\openout4 = `Hoa11_C01_CBHH_2.mw'.


pdfTeX warning (ext4): destination with the same identifier (name{ex.44}) has b
een already used, duplicate ignored
<to be read again> 
                   \relax 
l.1581 \begin{ex}
                 
LaTeX Font Info:    No math alphabet change to frozen version normal on input l
ine 1582.
LaTeX Font Info:    No math alphabet change to frozen version normal on input l
ine 1582.
LaTeX Font Info:    No math alphabet change to frozen version normal on input l
ine 1587.
LaTeX Font Info:    No math alphabet change to frozen version normal on input l
ine 1587.
LaTeX Font Info:    No math alphabet change to frozen version normal on input l
ine 1587.
LaTeX Font Info:    No math alphabet change to frozen version normal on input l
ine 1587.
LaTeX Font Info:    No math alphabet change to frozen version normal on input l
ine 1587.
LaTeX Font Info:    No math alphabet change to frozen version normal on input l
ine 1587.
LaTeX Font Info:    No math alphabet change to frozen version normal on input l
ine 1587.
LaTeX Font Info:    No math alphabet change to frozen version normal on input l
ine 1587.
\openout4 = `Hoa11_C01_CBHH_2.mw'.

\openout4 = `Hoa11_C01_CBHH_2.mw'.

\openout4 = `Hoa11_C01_CBHH_2.mw'.

\openout4 = `Hoa11_C01_CBHH_2.mw'.

\openout4 = `Hoa11_C01_CBHH_2.mw'.

\openout4 = `Hoa11_C01_CBHH_2.mw'.


pdfTeX warning (ext4): destination with the same identifier (name{ex.45}) has b
een already used, duplicate ignored
<to be read again> 
                   \relax 
l.1591 \begin{ex}
                 
LaTeX Font Info:    No math alphabet change to frozen version normal on input l
ine 1592.
LaTeX Font Info:    No math alphabet change to frozen version normal on input l
ine 1597.
LaTeX Font Info:    No math alphabet change to frozen version normal on input l
ine 1597.
LaTeX Font Info:    No math alphabet change to frozen version normal on input l
ine 1597.
LaTeX Font Info:    No math alphabet change to frozen version normal on input l
ine 1597.
LaTeX Font Info:    No math alphabet change to frozen version normal on input l
ine 1597.
LaTeX Font Info:    No math alphabet change to frozen version normal on input l
ine 1597.
LaTeX Font Info:    No math alphabet change to frozen version normal on input l
ine 1597.
LaTeX Font Info:    No math alphabet change to frozen version normal on input l
ine 1597.
\openout4 = `Hoa11_C01_CBHH_2.mw'.

\openout4 = `Hoa11_C01_CBHH_2.mw'.

\openout4 = `Hoa11_C01_CBHH_2.mw'.

\openout4 = `Hoa11_C01_CBHH_2.mw'.

\openout4 = `Hoa11_C01_CBHH_2.mw'.

\openout4 = `Hoa11_C01_CBHH_2.mw'.


pdfTeX warning (ext4): destination with the same identifier (name{ex.46}) has b
een already used, duplicate ignored
<to be read again> 
                   \relax 
l.1605 \begin{ex}
                 
LaTeX Font Info:    No math alphabet change to frozen version normal on input l
ine 1606.
LaTeX Font Info:    No math alphabet change to frozen version normal on input l
ine 1606.
LaTeX Font Info:    No math alphabet change to frozen version normal on input l
ine 1606.
LaTeX Font Info:    No math alphabet change to frozen version normal on input l
ine 1611.
LaTeX Font Info:    No math alphabet change to frozen version normal on input l
ine 1611.
LaTeX Font Info:    No math alphabet change to frozen version normal on input l
ine 1611.
LaTeX Font Info:    No math alphabet change to frozen version normal on input l
ine 1611.
LaTeX Font Info:    No math alphabet change to frozen version normal on input l
ine 1611.
LaTeX Font Info:    No math alphabet change to frozen version normal on input l
ine 1611.
LaTeX Font Info:    No math alphabet change to frozen version normal on input l
ine 1611.
LaTeX Font Info:    No math alphabet change to frozen version normal on input l
ine 1611.
\openout4 = `Hoa11_C01_CBHH_2.mw'.

\openout4 = `Hoa11_C01_CBHH_2.mw'.

\openout4 = `Hoa11_C01_CBHH_2.mw'.

\openout4 = `Hoa11_C01_CBHH_2.mw'.

\openout4 = `Hoa11_C01_CBHH_2.mw'.

\openout4 = `Hoa11_C01_CBHH_2.mw'.


pdfTeX warning (ext4): destination with the same identifier (name{ex.47}) has b
een already used, duplicate ignored
<to be read again> 
                   \relax 
l.1616 \begin{ex}
                 
LaTeX Font Info:    No math alphabet change to frozen version normal on input l
ine 1617.
LaTeX Font Info:    No math alphabet change to frozen version normal on input l
ine 1617.
LaTeX Font Info:    No math alphabet change to frozen version normal on input l
ine 1617.
LaTeX Font Info:    No math alphabet change to frozen version normal on input l
ine 1622.
LaTeX Font Info:    No math alphabet change to frozen version normal on input l
ine 1622.
LaTeX Font Info:    No math alphabet change to frozen version normal on input l
ine 1622.
LaTeX Font Info:    No math alphabet change to frozen version normal on input l
ine 1622.
LaTeX Font Info:    No math alphabet change to frozen version normal on input l
ine 1622.
LaTeX Font Info:    No math alphabet change to frozen version normal on input l
ine 1622.
LaTeX Font Info:    No math alphabet change to frozen version normal on input l
ine 1622.
LaTeX Font Info:    No math alphabet change to frozen version normal on input l
ine 1622.
\openout4 = `Hoa11_C01_CBHH_2.mw'.

\openout4 = `Hoa11_C01_CBHH_2.mw'.

\openout4 = `Hoa11_C01_CBHH_2.mw'.

\openout4 = `Hoa11_C01_CBHH_2.mw'.

\openout4 = `Hoa11_C01_CBHH_2.mw'.

\openout4 = `Hoa11_C01_CBHH_2.mw'.


pdfTeX warning (ext4): destination with the same identifier (name{ex.48}) has b
een already used, duplicate ignored
<to be read again> 
                   \relax 
l.1630 \begin{ex}
                 
LaTeX Font Info:    No math alphabet change to frozen version normal on input l
ine 1631.
LaTeX Font Info:    No math alphabet change to frozen version normal on input l
ine 1631.
\openout4 = `Hoa11_C01_CBHH_2.mw'.

\openout4 = `Hoa11_C01_CBHH_2.mw'.

\openout4 = `Hoa11_C01_CBHH_2.mw'.

\openout4 = `Hoa11_C01_CBHH_2.mw'.

\openout4 = `Hoa11_C01_CBHH_2.mw'.

\openout4 = `Hoa11_C01_CBHH_2.mw'.


pdfTeX warning (ext4): destination with the same identifier (name{ex.49}) has b
een already used, duplicate ignored
<to be read again> 
                   \relax 
l.1640 \begin{ex}
                 
LaTeX Font Info:    No math alphabet change to frozen version normal on input l
ine 1641.
LaTeX Font Info:    No math alphabet change to frozen version normal on input l
ine 1641.
LaTeX Font Info:    No math alphabet change to frozen version normal on input l
ine 1641.
LaTeX Font Info:    No math alphabet change to frozen version normal on input l
ine 1641.
LaTeX Font Info:    No math alphabet change to frozen version normal on input l
ine 1641.
LaTeX Font Info:    No math alphabet change to frozen version normal on input l
ine 1641.
LaTeX Font Info:    No math alphabet change to frozen version normal on input l
ine 1641.
LaTeX Font Info:    No math alphabet change to frozen version normal on input l
ine 1641.
LaTeX Font Info:    No math alphabet change to frozen version normal on input l
ine 1641.
LaTeX Font Info:    No math alphabet change to frozen version normal on input l
ine 1646.
LaTeX Font Info:    No math alphabet change to frozen version normal on input l
ine 1646.
LaTeX Font Info:    No math alphabet change to frozen version normal on input l
ine 1646.
LaTeX Font Info:    No math alphabet change to frozen version normal on input l
ine 1646.
LaTeX Font Info:    No math alphabet change to frozen version normal on input l
ine 1646.
LaTeX Font Info:    No math alphabet change to frozen version normal on input l
ine 1646.
LaTeX Font Info:    No math alphabet change to frozen version normal on input l
ine 1646.
LaTeX Font Info:    No math alphabet change to frozen version normal on input l
ine 1646.
\openout4 = `Hoa11_C01_CBHH_2.mw'.

\openout4 = `Hoa11_C01_CBHH_2.mw'.

\openout4 = `Hoa11_C01_CBHH_2.mw'.

\openout4 = `Hoa11_C01_CBHH_2.mw'.

\openout4 = `Hoa11_C01_CBHH_2.mw'.

\openout4 = `Hoa11_C01_CBHH_2.mw'.


pdfTeX warning (ext4): destination with the same identifier (name{ex.50}) has b
een already used, duplicate ignored
<to be read again> 
                   \relax 
l.1659 \begin{ex}
                 
Overfull \hbox (0.84pt too wide) in paragraph at lines 1665--1665
   [] [] 
 []


Overfull \hbox (0.84pt too wide) in paragraph at lines 1665--1665
   [] [] 
 []


Overfull \hbox (0.84pt too wide) in paragraph at lines 1665--1665
   [] [] 
 []


Package fancyhdr Warning: \headheight is too small (12.0pt): 
(fancyhdr)                Make it at least 31.99992pt, for example:
(fancyhdr)                \setlength{\headheight}{31.99992pt}.
(fancyhdr)                You might also make \topmargin smaller to compensate:

(fancyhdr)                \addtolength{\topmargin}{-19.99992pt}.



<QR code requested for "https://zalo.me/g/ogytdc722" in version 0-M.>
<Error-correction level increased from M to Q at no cost.>

<Copying the QR code for "https://zalo.me/g/ogytdc722" in version 3-Q as previo
usly calculated.>
LaTeX Font Info:    No math alphabet change to frozen version normal on input l
ine 1665.
\openout4 = `Hoa11_C01_CBHH_2.mw'.

[42] (./Hoa11_C01_CBHH_2.mw)
\openout4 = `Hoa11_C01_CBHH_2.mw'.


Overfull \hbox (0.84pt too wide) in paragraph at lines 1665--1665
   [] [] 
 []

\openout4 = `Hoa11_C01_CBHH_2.mw'.

\openout4 = `Hoa11_C01_CBHH_2.mw'.

\openout4 = `Hoa11_C01_CBHH_2.mw'.

\openout4 = `Hoa11_C01_CBHH_2.mw'.

\openout4 = `Hoa11_C01_CBHH_2.mw'.

\openout4 = `Hoa11_C01_CBHH_2.mw'.

\openout4 = `Ans/Ans-C01B02_Dang2.tex'.

\openout4 = `Ans/LGEX-C01B02_Dang2.tex'.


pdfTeX warning (ext4): destination with the same identifier (name{phan.1.2.4}) 
has been already used, duplicate ignored
<to be read again> 
                   \relax 
l.1673 ...n{Bài tập trắc nghiệm Đúng Sai}
                                                  
Output from handle ansex going to Ans/LGTF-C01B02_Dang2.tex
\openout4 = `Ans/LGTF-C01B02_Dang2.tex'.

Output from handle ansbook going to Ansbook/AnsTF-C01B02_Dang2.tex
\openout4 = `Ansbook/AnsTF-C01B02_Dang2.tex'.

Output from handle ans going to Ans/Tempt-C01B02_Dang2.tex
\openout4 = `Ans/Tempt-C01B02_Dang2.tex'.

LaTeX Font Info:    No math alphabet change to frozen version normal on input l
ine 1685.
LaTeX Font Info:    No math alphabet change to frozen version normal on input l
ine 1685.
LaTeX Font Info:    No math alphabet change to frozen version normal on input l
ine 1685.
LaTeX Font Info:    No math alphabet change to frozen version normal on input l
ine 1685.
\openout4 = `Hoa11_C01_CBHH_2.mw'.

\openout4 = `Hoa11_C01_CBHH_2.mw'.

\openout4 = `Hoa11_C01_CBHH_2.mw'.

\openout4 = `Hoa11_C01_CBHH_2.mw'.

\openout4 = `Hoa11_C01_CBHH_2.mw'.

\openout4 = `Hoa11_C01_CBHH_2.mw'.

\openout4 = `Hoa11_C01_CBHH_2.mw'.

\openout4 = `Hoa11_C01_CBHH_2.mw'.

LaTeX Font Info:    No math alphabet change to frozen version normal on input l
ine 1697.
LaTeX Font Info:    No math alphabet change to frozen version normal on input l
ine 1702.
LaTeX Font Info:    No math alphabet change to frozen version normal on input l
ine 1702.
LaTeX Font Info:    No math alphabet change to frozen version normal on input l
ine 1702.
LaTeX Font Info:    No math alphabet change to frozen version normal on input l
ine 1702.
\openout4 = `Hoa11_C01_CBHH_2.mw'.

\openout4 = `Hoa11_C01_CBHH_2.mw'.

\openout4 = `Hoa11_C01_CBHH_2.mw'.

\openout4 = `Hoa11_C01_CBHH_2.mw'.

\openout4 = `Hoa11_C01_CBHH_2.mw'.

\openout4 = `Hoa11_C01_CBHH_2.mw'.

\openout4 = `Hoa11_C01_CBHH_2.mw'.

\openout4 = `Hoa11_C01_CBHH_2.mw'.

LaTeX Font Info:    No math alphabet change to frozen version normal on input l
ine 1714.
LaTeX Font Info:    No math alphabet change to frozen version normal on input l
ine 1719.
LaTeX Font Info:    No math alphabet change to frozen version normal on input l
ine 1719.
LaTeX Font Info:    No math alphabet change to frozen version normal on input l
ine 1719.
LaTeX Font Info:    No math alphabet change to frozen version normal on input l
ine 1719.
LaTeX Font Info:    No math alphabet change to frozen version normal on input l
ine 1719.
\openout4 = `Hoa11_C01_CBHH_2.mw'.

\openout4 = `Hoa11_C01_CBHH_2.mw'.

\openout4 = `Hoa11_C01_CBHH_2.mw'.

\openout4 = `Hoa11_C01_CBHH_2.mw'.

\openout4 = `Hoa11_C01_CBHH_2.mw'.

\openout4 = `Hoa11_C01_CBHH_2.mw'.

\openout4 = `Hoa11_C01_CBHH_2.mw'.

\openout4 = `Hoa11_C01_CBHH_2.mw'.

LaTeX Font Info:    No math alphabet change to frozen version normal on input l
ine 1731.
LaTeX Font Info:    No math alphabet change to frozen version normal on input l
ine 1731.
LaTeX Font Info:    No math alphabet change to frozen version normal on input l
ine 1736.
LaTeX Font Info:    No math alphabet change to frozen version normal on input l
ine 1736.
LaTeX Font Info:    No math alphabet change to frozen version normal on input l
ine 1736.
LaTeX Font Info:    No math alphabet change to frozen version normal on input l
ine 1736.
LaTeX Font Info:    No math alphabet change to frozen version normal on input l
ine 1736.
LaTeX Font Info:    No math alphabet change to frozen version normal on input l
ine 1736.
\openout4 = `Hoa11_C01_CBHH_2.mw'.

\openout4 = `Hoa11_C01_CBHH_2.mw'.

\openout4 = `Hoa11_C01_CBHH_2.mw'.

\openout4 = `Hoa11_C01_CBHH_2.mw'.

\openout4 = `Hoa11_C01_CBHH_2.mw'.

\openout4 = `Hoa11_C01_CBHH_2.mw'.

\openout4 = `Hoa11_C01_CBHH_2.mw'.

\openout4 = `Hoa11_C01_CBHH_2.mw'.

\openout4 = `Hoa11_C01_CBHH_2.mw'.

\openout4 = `Hoa11_C01_CBHH_2.mw'.

\openout4 = `Hoa11_C01_CBHH_2.mw'.

\openout4 = `Hoa11_C01_CBHH_2.mw'.

\openout4 = `Hoa11_C01_CBHH_2.mw'.

\openout4 = `Hoa11_C01_CBHH_2.mw'.

\openout4 = `Hoa11_C01_CBHH_2.mw'.

\openout4 = `Hoa11_C01_CBHH_2.mw'.

LaTeX Font Info:    No math alphabet change to frozen version normal on input l
ine 1765.
LaTeX Font Info:    No math alphabet change to frozen version normal on input l
ine 1765.
LaTeX Font Info:    No math alphabet change to frozen version normal on input l
ine 1770.
LaTeX Font Info:    No math alphabet change to frozen version normal on input l
ine 1770.
LaTeX Font Info:    No math alphabet change to frozen version normal on input l
ine 1770.
\openout4 = `Hoa11_C01_CBHH_2.mw'.

\openout4 = `Hoa11_C01_CBHH_2.mw'.

\openout4 = `Hoa11_C01_CBHH_2.mw'.

\openout4 = `Hoa11_C01_CBHH_2.mw'.

\openout4 = `Hoa11_C01_CBHH_2.mw'.

\openout4 = `Hoa11_C01_CBHH_2.mw'.

\openout4 = `Hoa11_C01_CBHH_2.mw'.

\openout4 = `Hoa11_C01_CBHH_2.mw'.

LaTeX Font Info:    No math alphabet change to frozen version normal on input l
ine 1782.
LaTeX Font Info:    No math alphabet change to frozen version normal on input l
ine 1787.
LaTeX Font Info:    No math alphabet change to frozen version normal on input l
ine 1787.
LaTeX Font Info:    No math alphabet change to frozen version normal on input l
ine 1787.
LaTeX Font Info:    No math alphabet change to frozen version normal on input l
ine 1787.
LaTeX Font Info:    No math alphabet change to frozen version normal on input l
ine 1787.
LaTeX Font Info:    No math alphabet change to frozen version normal on input l
ine 1787.

Package fancyhdr Warning: \headheight is too small (12.0pt): 
(fancyhdr)                Make it at least 31.99992pt, for example:
(fancyhdr)                \setlength{\headheight}{31.99992pt}.
(fancyhdr)                You might also make \topmargin smaller to compensate:

(fancyhdr)                \addtolength{\topmargin}{-19.99992pt}.




<QR code requested for "https://www.youtube.com/@hochoakhongkho" in version 0-M
.>

<Copying the QR code for "https://www.youtube.com/@hochoakhongkho" in version 3
-M as previously calculated.>
LaTeX Font Info:    No math alphabet change to frozen version normal on input l
ine 1787.
\openout4 = `Hoa11_C01_CBHH_2.mw'.

[43] (./Hoa11_C01_CBHH_2.mw)
\openout4 = `Hoa11_C01_CBHH_2.mw'.

\openout4 = `Hoa11_C01_CBHH_2.mw'.

\openout4 = `Hoa11_C01_CBHH_2.mw'.

\openout4 = `Hoa11_C01_CBHH_2.mw'.

\openout4 = `Hoa11_C01_CBHH_2.mw'.

\openout4 = `Hoa11_C01_CBHH_2.mw'.

\openout4 = `Hoa11_C01_CBHH_2.mw'.

\openout4 = `Hoa11_C01_CBHH_2.mw'.

\openout4 = `Hoa11_C01_CBHH_2.mw'.

LaTeX Font Info:    No math alphabet change to frozen version normal on input l
ine 1799.
LaTeX Font Info:    No math alphabet change to frozen version normal on input l
ine 1804.
LaTeX Font Info:    No math alphabet change to frozen version normal on input l
ine 1804.
LaTeX Font Info:    No math alphabet change to frozen version normal on input l
ine 1804.
LaTeX Font Info:    No math alphabet change to frozen version normal on input l
ine 1804.
LaTeX Font Info:    No math alphabet change to frozen version normal on input l
ine 1804.
\openout4 = `Hoa11_C01_CBHH_2.mw'.

\openout4 = `Hoa11_C01_CBHH_2.mw'.

\openout4 = `Hoa11_C01_CBHH_2.mw'.

\openout4 = `Hoa11_C01_CBHH_2.mw'.

\openout4 = `Hoa11_C01_CBHH_2.mw'.

\openout4 = `Hoa11_C01_CBHH_2.mw'.

\openout4 = `Hoa11_C01_CBHH_2.mw'.

\openout4 = `Hoa11_C01_CBHH_2.mw'.

LaTeX Font Info:    No math alphabet change to frozen version normal on input l
ine 1816.
LaTeX Font Info:    No math alphabet change to frozen version normal on input l
ine 1816.
LaTeX Font Info:    No math alphabet change to frozen version normal on input l
ine 1821.
LaTeX Font Info:    No math alphabet change to frozen version normal on input l
ine 1821.
LaTeX Font Info:    No math alphabet change to frozen version normal on input l
ine 1821.
LaTeX Font Info:    No math alphabet change to frozen version normal on input l
ine 1821.
LaTeX Font Info:    No math alphabet change to frozen version normal on input l
ine 1821.
LaTeX Font Info:    No math alphabet change to frozen version normal on input l
ine 1821.
LaTeX Font Info:    No math alphabet change to frozen version normal on input l
ine 1821.
LaTeX Font Info:    No math alphabet change to frozen version normal on input l
ine 1821.
\openout4 = `Hoa11_C01_CBHH_2.mw'.

\openout4 = `Hoa11_C01_CBHH_2.mw'.

\openout4 = `Hoa11_C01_CBHH_2.mw'.

\openout4 = `Hoa11_C01_CBHH_2.mw'.

\openout4 = `Hoa11_C01_CBHH_2.mw'.

\openout4 = `Hoa11_C01_CBHH_2.mw'.

\openout4 = `Hoa11_C01_CBHH_2.mw'.

\openout4 = `Hoa11_C01_CBHH_2.mw'.

LaTeX Font Info:    No math alphabet change to frozen version normal on input l
ine 1838.
LaTeX Font Info:    No math alphabet change to frozen version normal on input l
ine 1838.
LaTeX Font Info:    No math alphabet change to frozen version normal on input l
ine 1838.
LaTeX Font Info:    No math alphabet change to frozen version normal on input l
ine 1838.
LaTeX Font Info:    No math alphabet change to frozen version normal on input l
ine 1838.
\openout4 = `Hoa11_C01_CBHH_2.mw'.

\openout4 = `Hoa11_C01_CBHH_2.mw'.

\openout4 = `Hoa11_C01_CBHH_2.mw'.

\openout4 = `Hoa11_C01_CBHH_2.mw'.

\openout4 = `Hoa11_C01_CBHH_2.mw'.

\openout4 = `Hoa11_C01_CBHH_2.mw'.

\openout4 = `Hoa11_C01_CBHH_2.mw'.

\openout4 = `Hoa11_C01_CBHH_2.mw'.

\openout4 = `Ans/Tempt-C01B02_Dang2.tex'.

\openout4 = `Ansbook/AnsTF-C01B02_Dang2.tex'.

\openout4 = `Ans/LGTF-C01B02_Dang2.tex'.



Package hyperref Warning: Token not allowed in a PDF string (Unicode):
(hyperref)                removing `\char' on input line 1853.

LaTeX Font Info:    No math alphabet change to frozen version normal on input l
ine 1859.
LaTeX Font Info:    No math alphabet change to frozen version normal on input l
ine 1860.
LaTeX Font Info:    No math alphabet change to frozen version normal on input l
ine 1860.
LaTeX Font Info:    No math alphabet change to frozen version normal on input l
ine 1860.
LaTeX Font Info:    No math alphabet change to frozen version normal on input l
ine 1861.
LaTeX Font Info:    No math alphabet change to frozen version normal on input l
ine 1861.
LaTeX Font Info:    No math alphabet change to frozen version normal on input l
ine 1862.
LaTeX Font Info:    No math alphabet change to frozen version normal on input l
ine 1863.
LaTeX Font Info:    No math alphabet change to frozen version normal on input l
ine 1864.
LaTeX Font Info:    No math alphabet change to frozen version normal on input l
ine 1864.
LaTeX Font Info:    No math alphabet change to frozen version normal on input l
ine 1865.
LaTeX Font Info:    No math alphabet change to frozen version normal on input l
ine 1866.
LaTeX Font Info:    No math alphabet change to frozen version normal on input l
ine 1866.
LaTeX Font Info:    No math alphabet change to frozen version normal on input l
ine 1867.
LaTeX Font Info:    No math alphabet change to frozen version normal on input l
ine 1869.
LaTeX Font Info:    No math alphabet change to frozen version normal on input l
ine 1870.
LaTeX Font Info:    No math alphabet change to frozen version normal on input l
ine 1871.
LaTeX Font Info:    No math alphabet change to frozen version normal on input l
ine 1875.
LaTeX Font Info:    No math alphabet change to frozen version normal on input l
ine 1875.
LaTeX Font Info:    No math alphabet change to frozen version normal on input l
ine 1875.
LaTeX Font Info:    No math alphabet change to frozen version normal on input l
ine 1875.
LaTeX Font Info:    No math alphabet change to frozen version normal on input l
ine 1875.
LaTeX Font Info:    No math alphabet change to frozen version normal on input l
ine 1875.
LaTeX Font Info:    No math alphabet change to frozen version normal on input l
ine 1875.
LaTeX Font Info:    No math alphabet change to frozen version normal on input l
ine 1875.
LaTeX Font Info:    No math alphabet change to frozen version normal on input l
ine 1876.
LaTeX Font Info:    No math alphabet change to frozen version normal on input l
ine 1876.
LaTeX Font Info:    No math alphabet change to frozen version normal on input l
ine 1876.
LaTeX Font Info:    No math alphabet change to frozen version normal on input l
ine 1876.
LaTeX Font Info:    No math alphabet change to frozen version normal on input l
ine 1876.
LaTeX Font Info:    No math alphabet change to frozen version normal on input l
ine 1876.
LaTeX Font Info:    No math alphabet change to frozen version normal on input l
ine 1876.
LaTeX Font Info:    No math alphabet change to frozen version normal on input l
ine 1876.
LaTeX Font Info:    No math alphabet change to frozen version normal on input l
ine 1877.
LaTeX Font Info:    No math alphabet change to frozen version normal on input l
ine 1877.
LaTeX Font Info:    No math alphabet change to frozen version normal on input l
ine 1877.
LaTeX Font Info:    No math alphabet change to frozen version normal on input l
ine 1877.
LaTeX Font Info:    No math alphabet change to frozen version normal on input l
ine 1877.
LaTeX Font Info:    No math alphabet change to frozen version normal on input l
ine 1877.
LaTeX Font Info:    No math alphabet change to frozen version normal on input l
ine 1877.
LaTeX Font Info:    No math alphabet change to frozen version normal on input l
ine 1877.
LaTeX Font Info:    No math alphabet change to frozen version normal on input l
ine 1878.
LaTeX Font Info:    No math alphabet change to frozen version normal on input l
ine 1878.
LaTeX Font Info:    No math alphabet change to frozen version normal on input l
ine 1878.
LaTeX Font Info:    No math alphabet change to frozen version normal on input l
ine 1878.
LaTeX Font Info:    No math alphabet change to frozen version normal on input l
ine 1878.
LaTeX Font Info:    No math alphabet change to frozen version normal on input l
ine 1878.
LaTeX Font Info:    No math alphabet change to frozen version normal on input l
ine 1878.
LaTeX Font Info:    No math alphabet change to frozen version normal on input l
ine 1880.
LaTeX Font Info:    No math alphabet change to frozen version normal on input l
ine 1887.
LaTeX Font Info:    No math alphabet change to frozen version normal on input l
ine 1888.
LaTeX Font Info:    No math alphabet change to frozen version normal on input l
ine 1888.

Package fancyhdr Warning: \headheight is too small (12.0pt): 
(fancyhdr)                Make it at least 31.99992pt, for example:
(fancyhdr)                \setlength{\headheight}{31.99992pt}.
(fancyhdr)                You might also make \topmargin smaller to compensate:

(fancyhdr)                \addtolength{\topmargin}{-19.99992pt}.



<QR code requested for "https://zalo.me/g/ogytdc722" in version 0-M.>
<Error-correction level increased from M to Q at no cost.>

<Copying the QR code for "https://zalo.me/g/ogytdc722" in version 3-Q as previo
usly calculated.>
LaTeX Font Info:    No math alphabet change to frozen version normal on input l
ine 1905.
\openout4 = `Hoa11_C01_CBHH_2.mw'.

[44] (./Hoa11_C01_CBHH_2.mw)
\openout4 = `Hoa11_C01_CBHH_2.mw'.

\openout4 = `Hoa11_C01_CBHH_2.mw'.

\openout4 = `Hoa11_C01_CBHH_2.mw'.


Output from handle ansbook going to Ansbook/Tamvd.tex
\openout4 = `Ansbook/Tamvd.tex'.

LaTeX Font Info:    No math alphabet change to frozen version normal on input l
ine 1910.
LaTeX Font Info:    No math alphabet change to frozen version normal on input l
ine 1910.
LaTeX Font Info:    No math alphabet change to frozen version normal on input l
ine 1910.
\openout4 = `Ansbook/Tamvd.tex'.

Output from handle ansbook going to Ansbook/Tamvd.tex
\openout4 = `Ansbook/Tamvd.tex'.

LaTeX Font Info:    No math alphabet change to frozen version normal on input l
ine 1931.
LaTeX Font Info:    No math alphabet change to frozen version normal on input l
ine 1931.
\openout4 = `Ansbook/Tamvd.tex'.


Package fancyhdr Warning: \headheight is too small (12.0pt): 
(fancyhdr)                Make it at least 31.99992pt, for example:
(fancyhdr)                \setlength{\headheight}{31.99992pt}.
(fancyhdr)                You might also make \topmargin smaller to compensate:

(fancyhdr)                \addtolength{\topmargin}{-19.99992pt}.




<QR code requested for "https://www.youtube.com/@hochoakhongkho" in version 0-M
.>

<Copying the QR code for "https://www.youtube.com/@hochoakhongkho" in version 3
-M as previously calculated.>
LaTeX Font Info:    No math alphabet change to frozen version normal on input l
ine 1949.
\openout4 = `Hoa11_C01_CBHH_2.mw'.

[45] (./Hoa11_C01_CBHH_2.mw)
\openout4 = `Hoa11_C01_CBHH_2.mw'.


Output from handle ansbook going to Ansbook/Tamvd.tex
\openout4 = `Ansbook/Tamvd.tex'.

LaTeX Font Info:    No math alphabet change to frozen version normal on input l
ine 1953.
\openout4 = `Ansbook/Tamvd.tex'.


pdfTeX warning (ext4): destination with the same identifier (name{phan.1.2.1}) 
has been already used, duplicate ignored
<to be read again> 
                   \relax 
l.1968 \phan{Bài tập tự luận}
                                    
Output from handle ansbth going to Ans/LGBT-C01B01_Dang4.tex
\openout4 = `Ans/LGBT-C01B01_Dang4.tex'.

Output from handle ansbt going to Ans/AnsBT-C01B01_Dang4.tex
\openout4 = `Ans/AnsBT-C01B01_Dang4.tex'.


pdfTeX warning (ext4): destination with the same identifier (name{bt.31}) has b
een already used, duplicate ignored
<to be read again> 
                   \relax 
l.1974 	T
         ính pH của các dung dịch sau ở $25^\circ C$:
LaTeX Font Info:    No math alphabet change to frozen version normal on input l
ine 1974.
LaTeX Font Info:    No math alphabet change to frozen version normal on input l
ine 1976.
LaTeX Font Info:    No math alphabet change to frozen version normal on input l
ine 1976.
LaTeX Font Info:    No math alphabet change to frozen version normal on input l
ine 1977.
LaTeX Font Info:    No math alphabet change to frozen version normal on input l
ine 1978.
LaTeX Font Info:    No math alphabet change to frozen version normal on input l
ine 1978.

pdfTeX warning (ext4): destination with the same identifier (name{bt.32}) has b
een already used, duplicate ignored
<to be read again> 
                   \relax 
l.1997 	V
         iết phương trình phân tử, ion đầy đủ và ion rút g�...
LaTeX Font Info:    No math alphabet change to frozen version normal on input l
ine 1999.
LaTeX Font Info:    No math alphabet change to frozen version normal on input l
ine 1999.
LaTeX Font Info:    No math alphabet change to frozen version normal on input l
ine 2000.
LaTeX Font Info:    No math alphabet change to frozen version normal on input l
ine 2000.
LaTeX Font Info:    No math alphabet change to frozen version normal on input l
ine 2001.
LaTeX Font Info:    No math alphabet change to frozen version normal on input l
ine 2001.
LaTeX Font Info:    No math alphabet change to frozen version normal on input l
ine 2002.
LaTeX Font Info:    No math alphabet change to frozen version normal on input l
ine 2002.

pdfTeX warning (ext4): destination with the same identifier (name{bt.33}) has b
een already used, duplicate ignored
<to be read again> 
                   \relax 
l.2025     D
            ự đoán môi trường (acid, base, hay trung tính) của c�...
LaTeX Font Info:    No math alphabet change to frozen version normal on input l
ine 2025.
LaTeX Font Info:    No math alphabet change to frozen version normal on input l
ine 2027.
LaTeX Font Info:    No math alphabet change to frozen version normal on input l
ine 2028.
LaTeX Font Info:    No math alphabet change to frozen version normal on input l
ine 2029.
LaTeX Font Info:    No math alphabet change to frozen version normal on input l
ine 2030.

pdfTeX warning (ext4): destination with the same identifier (name{bt.34}) has b
een already used, duplicate ignored
<to be read again> 
                   \relax 
l.2043     M
            ột học sinh thực hiện thí nghiệm cho từ từ dung d...
LaTeX Font Info:    No math alphabet change to frozen version normal on input l
ine 2043.
LaTeX Font Info:    No math alphabet change to frozen version normal on input l
ine 2043.
LaTeX Font Info:    No math alphabet change to frozen version normal on input l
ine 2061.
LaTeX Font Info:    No math alphabet change to frozen version normal on input l
ine 2061.
LaTeX Font Info:    No math alphabet change to frozen version normal on input l
ine 2061.
\openout4 = `Ans/AnsBT-C01B01_Dang4.tex'.

\openout4 = `Ans/LGBT-C01B01_Dang4.tex'.


pdfTeX warning (ext4): destination with the same identifier (name{phan.1.2.2}) 
has been already used, duplicate ignored
<to be read again> 
                   \relax 
l.2081 \phan{Bài tập trả lời ngắn}
                                           
Output from handle ansbth going to Ans/LGSA-C01B01_Dang4.tex
\openout4 = `Ans/LGSA-C01B01_Dang4.tex'.

Output from handle ansbt going to Ans/AnsSA-C01B01_Dang4.tex
\openout4 = `Ans/AnsSA-C01B01_Dang4.tex'.

LaTeX Font Info:    No math alphabet change to frozen version normal on input l
ine 2087.
\openout4 = `Hoa11_C01_CBHH_2.mw'.

\openout4 = `Hoa11_C01_CBHH_2.mw'.

\openout4 = `Hoa11_C01_CBHH_2.mw'.

\openout4 = `Hoa11_C01_CBHH_2.mw'.

\openout4 = `Hoa11_C01_CBHH_2.mw'.

\openout4 = `Hoa11_C01_CBHH_2.mw'.

\openout4 = `Hoa11_C01_CBHH_2.mw'.

\openout4 = `Hoa11_C01_CBHH_2.mw'.

\openout4 = `Hoa11_C01_CBHH_2.mw'.

\openout4 = `Hoa11_C01_CBHH_2.mw'.

\openout4 = `Hoa11_C01_CBHH_2.mw'.

\openout4 = `Hoa11_C01_CBHH_2.mw'.


Package fancyhdr Warning: \headheight is too small (12.0pt): 
(fancyhdr)                Make it at least 31.99992pt, for example:
(fancyhdr)                \setlength{\headheight}{31.99992pt}.
(fancyhdr)                You might also make \topmargin smaller to compensate:

(fancyhdr)                \addtolength{\topmargin}{-19.99992pt}.



<QR code requested for "https://zalo.me/g/ogytdc722" in version 0-M.>
<Error-correction level increased from M to Q at no cost.>

<Copying the QR code for "https://zalo.me/g/ogytdc722" in version 3-Q as previo
usly calculated.>
LaTeX Font Info:    No math alphabet change to frozen version normal on input l
ine 2099.
\openout4 = `Hoa11_C01_CBHH_2.mw'.

[46] (./Hoa11_C01_CBHH_2.mw)
\openout4 = `Hoa11_C01_CBHH_2.mw'.

LaTeX Font Info:    No math alphabet change to frozen version normal on input l
ine 2099.
\openout4 = `Hoa11_C01_CBHH_2.mw'.

\openout4 = `Hoa11_C01_CBHH_2.mw'.

\openout4 = `Hoa11_C01_CBHH_2.mw'.

\openout4 = `Hoa11_C01_CBHH_2.mw'.

\openout4 = `Hoa11_C01_CBHH_2.mw'.

\openout4 = `Hoa11_C01_CBHH_2.mw'.

LaTeX Font Info:    No math alphabet change to frozen version normal on input l
ine 2105.
LaTeX Font Info:    No math alphabet change to frozen version normal on input l
ine 2105.
\openout4 = `Hoa11_C01_CBHH_2.mw'.

\openout4 = `Hoa11_C01_CBHH_2.mw'.

\openout4 = `Hoa11_C01_CBHH_2.mw'.

\openout4 = `Hoa11_C01_CBHH_2.mw'.

\openout4 = `Hoa11_C01_CBHH_2.mw'.

\openout4 = `Hoa11_C01_CBHH_2.mw'.

LaTeX Font Info:    No math alphabet change to frozen version normal on input l
ine 2111.
LaTeX Font Info:    No math alphabet change to frozen version normal on input l
ine 2111.
\openout4 = `Hoa11_C01_CBHH_2.mw'.

\openout4 = `Hoa11_C01_CBHH_2.mw'.

\openout4 = `Hoa11_C01_CBHH_2.mw'.

\openout4 = `Hoa11_C01_CBHH_2.mw'.

\openout4 = `Hoa11_C01_CBHH_2.mw'.

\openout4 = `Hoa11_C01_CBHH_2.mw'.

LaTeX Font Info:    No math alphabet change to frozen version normal on input l
ine 2117.
LaTeX Font Info:    No math alphabet change to frozen version normal on input l
ine 2117.
\openout4 = `Hoa11_C01_CBHH_2.mw'.

\openout4 = `Hoa11_C01_CBHH_2.mw'.

\openout4 = `Hoa11_C01_CBHH_2.mw'.

\openout4 = `Hoa11_C01_CBHH_2.mw'.

\openout4 = `Hoa11_C01_CBHH_2.mw'.

\openout4 = `Hoa11_C01_CBHH_2.mw'.

LaTeX Font Info:    No math alphabet change to frozen version normal on input l
ine 2123.
LaTeX Font Info:    No math alphabet change to frozen version normal on input l
ine 2123.
LaTeX Font Info:    No math alphabet change to frozen version normal on input l
ine 2123.
\openout4 = `Hoa11_C01_CBHH_2.mw'.

\openout4 = `Hoa11_C01_CBHH_2.mw'.

\openout4 = `Hoa11_C01_CBHH_2.mw'.

\openout4 = `Hoa11_C01_CBHH_2.mw'.

\openout4 = `Hoa11_C01_CBHH_2.mw'.

\openout4 = `Hoa11_C01_CBHH_2.mw'.


Overfull \hbox (21.42302pt too wide) in paragraph at lines 2123--2129
[]\T5/qag/b/n/12 B�i 42.[]\T5/ptm/m/n/12 (-20) Dung d�ch $\OT1/ptmcm/m/n/12 X$ 
\T5/ptm/m/n/12 (-20) c� $\OT1/ptmcm/m/n/12 pOH = 3$\T5/ptm/m/n/12 (-20) . M�i t
r��ng c�a dung d�ch $\OT1/ptmcm/m/n/12 X$ \T5/ptm/m/n/12 (-20) l� g�? (Acid, Ba
se, Trung t�nh) [] [][][][]|     [] 
 []

LaTeX Font Info:    No math alphabet change to frozen version normal on input l
ine 2129.
LaTeX Font Info:    No math alphabet change to frozen version normal on input l
ine 2129.
\openout4 = `Hoa11_C01_CBHH_2.mw'.

\openout4 = `Hoa11_C01_CBHH_2.mw'.

\openout4 = `Hoa11_C01_CBHH_2.mw'.

\openout4 = `Hoa11_C01_CBHH_2.mw'.

\openout4 = `Hoa11_C01_CBHH_2.mw'.

\openout4 = `Hoa11_C01_CBHH_2.mw'.

LaTeX Font Info:    No math alphabet change to frozen version normal on input l
ine 2135.
LaTeX Font Info:    No math alphabet change to frozen version normal on input l
ine 2135.
LaTeX Font Info:    No math alphabet change to frozen version normal on input l
ine 2135.
\openout4 = `Hoa11_C01_CBHH_2.mw'.

\openout4 = `Hoa11_C01_CBHH_2.mw'.

\openout4 = `Hoa11_C01_CBHH_2.mw'.

\openout4 = `Hoa11_C01_CBHH_2.mw'.

\openout4 = `Hoa11_C01_CBHH_2.mw'.

\openout4 = `Hoa11_C01_CBHH_2.mw'.

LaTeX Font Info:    No math alphabet change to frozen version normal on input l
ine 2141.
\openout4 = `Hoa11_C01_CBHH_2.mw'.

\openout4 = `Hoa11_C01_CBHH_2.mw'.

\openout4 = `Hoa11_C01_CBHH_2.mw'.

\openout4 = `Hoa11_C01_CBHH_2.mw'.

\openout4 = `Hoa11_C01_CBHH_2.mw'.

\openout4 = `Hoa11_C01_CBHH_2.mw'.

\openout4 = `Ans/AnsSA-C01B01_Dang4.tex'.

\openout4 = `Ans/LGSA-C01B01_Dang4.tex'.


pdfTeX warning (ext4): destination with the same identifier (name{phan.1.2.3}) 
has been already used, duplicate ignored
<to be read again> 
                   \relax 
l.2151 \phan{Trắc nghiệm nhiều lựa chọn}
                                                  
Output from handle ansex going to Ans/LGEX-C01B01_Dang4.tex
\openout4 = `Ans/LGEX-C01B01_Dang4.tex'.

Output from handle ans going to Ans/Ans-C01B01_Dang4.tex
\openout4 = `Ans/Ans-C01B01_Dang4.tex'.

LaTeX Font Info:    No math alphabet change to frozen version normal on input l
ine 2157.
\openout4 = `Hoa11_C01_CBHH_2.mw'.

\openout4 = `Hoa11_C01_CBHH_2.mw'.

\openout4 = `Hoa11_C01_CBHH_2.mw'.

\openout4 = `Hoa11_C01_CBHH_2.mw'.

\openout4 = `Hoa11_C01_CBHH_2.mw'.

\openout4 = `Hoa11_C01_CBHH_2.mw'.

LaTeX Font Info:    No math alphabet change to frozen version normal on input l
ine 2167.
\openout4 = `Hoa11_C01_CBHH_2.mw'.

\openout4 = `Hoa11_C01_CBHH_2.mw'.

\openout4 = `Hoa11_C01_CBHH_2.mw'.

\openout4 = `Hoa11_C01_CBHH_2.mw'.

\openout4 = `Hoa11_C01_CBHH_2.mw'.

\openout4 = `Hoa11_C01_CBHH_2.mw'.

LaTeX Font Info:    No math alphabet change to frozen version normal on input l
ine 2177.
LaTeX Font Info:    No math alphabet change to frozen version normal on input l
ine 2182.
LaTeX Font Info:    No math alphabet change to frozen version normal on input l
ine 2182.
LaTeX Font Info:    No math alphabet change to frozen version normal on input l
ine 2182.
LaTeX Font Info:    No math alphabet change to frozen version normal on input l
ine 2182.
LaTeX Font Info:    No math alphabet change to frozen version normal on input l
ine 2182.
LaTeX Font Info:    No math alphabet change to frozen version normal on input l
ine 2182.
LaTeX Font Info:    No math alphabet change to frozen version normal on input l
ine 2182.
LaTeX Font Info:    No math alphabet change to frozen version normal on input l
ine 2182.
\openout4 = `Hoa11_C01_CBHH_2.mw'.

\openout4 = `Hoa11_C01_CBHH_2.mw'.

\openout4 = `Hoa11_C01_CBHH_2.mw'.

\openout4 = `Hoa11_C01_CBHH_2.mw'.

\openout4 = `Hoa11_C01_CBHH_2.mw'.

\openout4 = `Hoa11_C01_CBHH_2.mw'.


Overfull \hbox (0.84pt too wide) in paragraph at lines 2224--2224
   [] [] 
 []


Overfull \hbox (0.84pt too wide) in paragraph at lines 2224--2224
   [] [] 
 []


Overfull \hbox (0.84pt too wide) in paragraph at lines 2224--2224
   [] [] 
 []


Overfull \hbox (0.84pt too wide) in paragraph at lines 2224--2224
   [] [] 
 []

\openout4 = `Hoa11_C01_CBHH_2.mw'.

\openout4 = `Hoa11_C01_CBHH_2.mw'.

\openout4 = `Hoa11_C01_CBHH_2.mw'.

\openout4 = `Hoa11_C01_CBHH_2.mw'.

\openout4 = `Hoa11_C01_CBHH_2.mw'.

\openout4 = `Hoa11_C01_CBHH_2.mw'.

LaTeX Font Info:    No math alphabet change to frozen version normal on input l
ine 2234.
LaTeX Font Info:    No math alphabet change to frozen version normal on input l
ine 2234.
LaTeX Font Info:    No math alphabet change to frozen version normal on input l
ine 2234.
LaTeX Font Info:    No math alphabet change to frozen version normal on input l
ine 2234.
LaTeX Font Info:    No math alphabet change to frozen version normal on input l
ine 2234.
LaTeX Font Info:    No math alphabet change to frozen version normal on input l
ine 2234.
LaTeX Font Info:    No math alphabet change to frozen version normal on input l
ine 2234.
LaTeX Font Info:    No math alphabet change to frozen version normal on input l
ine 2234.
\openout4 = `Hoa11_C01_CBHH_2.mw'.

\openout4 = `Hoa11_C01_CBHH_2.mw'.

\openout4 = `Hoa11_C01_CBHH_2.mw'.

\openout4 = `Hoa11_C01_CBHH_2.mw'.

\openout4 = `Hoa11_C01_CBHH_2.mw'.

\openout4 = `Hoa11_C01_CBHH_2.mw'.

LaTeX Font Info:    No math alphabet change to frozen version normal on input l
ine 2239.
LaTeX Font Info:    No math alphabet change to frozen version normal on input l
ine 2239.
LaTeX Font Info:    No math alphabet change to frozen version normal on input l
ine 2244.
LaTeX Font Info:    No math alphabet change to frozen version normal on input l
ine 2244.
LaTeX Font Info:    No math alphabet change to frozen version normal on input l
ine 2244.
LaTeX Font Info:    No math alphabet change to frozen version normal on input l
ine 2244.
LaTeX Font Info:    No math alphabet change to frozen version normal on input l
ine 2244.

Overfull \hbox (0.84pt too wide) in paragraph at lines 2244--2244
   [] [] 
 []


Package fancyhdr Warning: \headheight is too small (12.0pt): 
(fancyhdr)                Make it at least 31.99992pt, for example:
(fancyhdr)                \setlength{\headheight}{31.99992pt}.
(fancyhdr)                You might also make \topmargin smaller to compensate:

(fancyhdr)                \addtolength{\topmargin}{-19.99992pt}.




<QR code requested for "https://www.youtube.com/@hochoakhongkho" in version 0-M
.>

<Copying the QR code for "https://www.youtube.com/@hochoakhongkho" in version 3
-M as previously calculated.>
LaTeX Font Info:    No math alphabet change to frozen version normal on input l
ine 2244.
\openout4 = `Hoa11_C01_CBHH_2.mw'.

[47] (./Hoa11_C01_CBHH_2.mw)
\openout4 = `Hoa11_C01_CBHH_2.mw'.

LaTeX Font Info:    No math alphabet change to frozen version normal on input l
ine 2244.

Overfull \hbox (0.84pt too wide) in paragraph at lines 2244--2244
   [] [] 
 []

LaTeX Font Info:    No math alphabet change to frozen version normal on input l
ine 2244.

Overfull \hbox (0.84pt too wide) in paragraph at lines 2244--2244
   [] [] 
 []

LaTeX Font Info:    No math alphabet change to frozen version normal on input l
ine 2244.

Overfull \hbox (0.84pt too wide) in paragraph at lines 2244--2244
   [] [] 
 []

\openout4 = `Hoa11_C01_CBHH_2.mw'.

\openout4 = `Hoa11_C01_CBHH_2.mw'.

\openout4 = `Hoa11_C01_CBHH_2.mw'.

\openout4 = `Hoa11_C01_CBHH_2.mw'.

\openout4 = `Hoa11_C01_CBHH_2.mw'.

\openout4 = `Hoa11_C01_CBHH_2.mw'.

LaTeX Font Info:    No math alphabet change to frozen version normal on input l
ine 2251.
LaTeX Font Info:    No math alphabet change to frozen version normal on input l
ine 2251.
\openout4 = `Hoa11_C01_CBHH_2.mw'.

\openout4 = `Hoa11_C01_CBHH_2.mw'.

\openout4 = `Hoa11_C01_CBHH_2.mw'.

\openout4 = `Hoa11_C01_CBHH_2.mw'.

\openout4 = `Hoa11_C01_CBHH_2.mw'.

\openout4 = `Hoa11_C01_CBHH_2.mw'.

LaTeX Font Info:    No math alphabet change to frozen version normal on input l
ine 2261.

Overfull \hbox (0.84pt too wide) in paragraph at lines 2266--2266
   [] [] 
 []


Overfull \hbox (0.84pt too wide) in paragraph at lines 2266--2266
   [] [] 
 []


Overfull \hbox (0.84pt too wide) in paragraph at lines 2266--2266
   [] [] 
 []


Overfull \hbox (0.84pt too wide) in paragraph at lines 2266--2266
   [] [] 
 []

\openout4 = `Hoa11_C01_CBHH_2.mw'.

\openout4 = `Hoa11_C01_CBHH_2.mw'.

\openout4 = `Hoa11_C01_CBHH_2.mw'.

\openout4 = `Hoa11_C01_CBHH_2.mw'.

\openout4 = `Hoa11_C01_CBHH_2.mw'.

\openout4 = `Hoa11_C01_CBHH_2.mw'.

LaTeX Font Info:    No math alphabet change to frozen version normal on input l
ine 2271.
LaTeX Font Info:    No math alphabet change to frozen version normal on input l
ine 2271.
LaTeX Font Info:    No math alphabet change to frozen version normal on input l
ine 2276.
LaTeX Font Info:    No math alphabet change to frozen version normal on input l
ine 2276.
LaTeX Font Info:    No math alphabet change to frozen version normal on input l
ine 2276.
LaTeX Font Info:    No math alphabet change to frozen version normal on input l
ine 2276.
LaTeX Font Info:    No math alphabet change to frozen version normal on input l
ine 2276.
LaTeX Font Info:    No math alphabet change to frozen version normal on input l
ine 2276.
LaTeX Font Info:    No math alphabet change to frozen version normal on input l
ine 2276.
LaTeX Font Info:    No math alphabet change to frozen version normal on input l
ine 2276.
\openout4 = `Hoa11_C01_CBHH_2.mw'.

\openout4 = `Hoa11_C01_CBHH_2.mw'.

\openout4 = `Hoa11_C01_CBHH_2.mw'.

\openout4 = `Hoa11_C01_CBHH_2.mw'.

\openout4 = `Hoa11_C01_CBHH_2.mw'.

\openout4 = `Hoa11_C01_CBHH_2.mw'.

LaTeX Font Info:    No math alphabet change to frozen version normal on input l
ine 2286.
LaTeX Font Info:    No math alphabet change to frozen version normal on input l
ine 2286.
LaTeX Font Info:    No math alphabet change to frozen version normal on input l
ine 2286.
LaTeX Font Info:    No math alphabet change to frozen version normal on input l
ine 2286.
LaTeX Font Info:    No math alphabet change to frozen version normal on input l
ine 2286.
LaTeX Font Info:    No math alphabet change to frozen version normal on input l
ine 2286.
LaTeX Font Info:    No math alphabet change to frozen version normal on input l
ine 2286.
LaTeX Font Info:    No math alphabet change to frozen version normal on input l
ine 2286.
\openout4 = `Hoa11_C01_CBHH_2.mw'.

\openout4 = `Hoa11_C01_CBHH_2.mw'.

\openout4 = `Hoa11_C01_CBHH_2.mw'.

\openout4 = `Hoa11_C01_CBHH_2.mw'.

\openout4 = `Hoa11_C01_CBHH_2.mw'.

\openout4 = `Hoa11_C01_CBHH_2.mw'.

LaTeX Font Info:    No math alphabet change to frozen version normal on input l
ine 2291.
\openout4 = `Hoa11_C01_CBHH_2.mw'.

\openout4 = `Hoa11_C01_CBHH_2.mw'.

\openout4 = `Hoa11_C01_CBHH_2.mw'.

\openout4 = `Hoa11_C01_CBHH_2.mw'.

\openout4 = `Hoa11_C01_CBHH_2.mw'.

\openout4 = `Hoa11_C01_CBHH_2.mw'.

LaTeX Font Info:    No math alphabet change to frozen version normal on input l
ine 2303.
LaTeX Font Info:    No math alphabet change to frozen version normal on input l
ine 2303.
LaTeX Font Info:    No math alphabet change to frozen version normal on input l
ine 2303.
\openout4 = `Hoa11_C01_CBHH_2.mw'.

\openout4 = `Hoa11_C01_CBHH_2.mw'.

\openout4 = `Hoa11_C01_CBHH_2.mw'.

\openout4 = `Hoa11_C01_CBHH_2.mw'.

\openout4 = `Hoa11_C01_CBHH_2.mw'.

\openout4 = `Hoa11_C01_CBHH_2.mw'.

LaTeX Font Info:    No math alphabet change to frozen version normal on input l
ine 2314.
LaTeX Font Info:    No math alphabet change to frozen version normal on input l
ine 2319.
LaTeX Font Info:    No math alphabet change to frozen version normal on input l
ine 2319.
LaTeX Font Info:    No math alphabet change to frozen version normal on input l
ine 2319.
LaTeX Font Info:    No math alphabet change to frozen version normal on input l
ine 2319.
LaTeX Font Info:    No math alphabet change to frozen version normal on input l
ine 2319.
LaTeX Font Info:    No math alphabet change to frozen version normal on input l
ine 2319.
LaTeX Font Info:    No math alphabet change to frozen version normal on input l
ine 2319.
LaTeX Font Info:    No math alphabet change to frozen version normal on input l
ine 2319.
\openout4 = `Hoa11_C01_CBHH_2.mw'.

\openout4 = `Hoa11_C01_CBHH_2.mw'.

\openout4 = `Hoa11_C01_CBHH_2.mw'.

\openout4 = `Hoa11_C01_CBHH_2.mw'.

\openout4 = `Hoa11_C01_CBHH_2.mw'.

\openout4 = `Hoa11_C01_CBHH_2.mw'.

LaTeX Font Info:    No math alphabet change to frozen version normal on input l
ine 2327.
LaTeX Font Info:    No math alphabet change to frozen version normal on input l
ine 2327.
LaTeX Font Info:    No math alphabet change to frozen version normal on input l
ine 2327.
LaTeX Font Info:    No math alphabet change to frozen version normal on input l
ine 2327.
LaTeX Font Info:    No math alphabet change to frozen version normal on input l
ine 2332.
LaTeX Font Info:    No math alphabet change to frozen version normal on input l
ine 2332.
LaTeX Font Info:    No math alphabet change to frozen version normal on input l
ine 2332.
LaTeX Font Info:    No math alphabet change to frozen version normal on input l
ine 2332.
LaTeX Font Info:    No math alphabet change to frozen version normal on input l
ine 2332.
LaTeX Font Info:    No math alphabet change to frozen version normal on input l
ine 2332.
\openout4 = `Hoa11_C01_CBHH_2.mw'.

\openout4 = `Hoa11_C01_CBHH_2.mw'.

\openout4 = `Hoa11_C01_CBHH_2.mw'.

\openout4 = `Hoa11_C01_CBHH_2.mw'.

\openout4 = `Hoa11_C01_CBHH_2.mw'.

\openout4 = `Hoa11_C01_CBHH_2.mw'.

LaTeX Font Info:    No math alphabet change to frozen version normal on input l
ine 2340.
LaTeX Font Info:    No math alphabet change to frozen version normal on input l
ine 2340.
\openout4 = `Hoa11_C01_CBHH_2.mw'.

\openout4 = `Hoa11_C01_CBHH_2.mw'.

\openout4 = `Hoa11_C01_CBHH_2.mw'.

\openout4 = `Hoa11_C01_CBHH_2.mw'.

\openout4 = `Hoa11_C01_CBHH_2.mw'.

\openout4 = `Hoa11_C01_CBHH_2.mw'.

LaTeX Font Info:    No math alphabet change to frozen version normal on input l
ine 2353.
\openout4 = `Hoa11_C01_CBHH_2.mw'.

\openout4 = `Hoa11_C01_CBHH_2.mw'.

\openout4 = `Hoa11_C01_CBHH_2.mw'.

\openout4 = `Hoa11_C01_CBHH_2.mw'.

\openout4 = `Hoa11_C01_CBHH_2.mw'.

\openout4 = `Hoa11_C01_CBHH_2.mw'.

LaTeX Font Info:    No math alphabet change to frozen version normal on input l
ine 2368.
LaTeX Font Info:    No math alphabet change to frozen version normal on input l
ine 2368.
LaTeX Font Info:    No math alphabet change to frozen version normal on input l
ine 2368.
LaTeX Font Info:    No math alphabet change to frozen version normal on input l
ine 2368.
LaTeX Font Info:    No math alphabet change to frozen version normal on input l
ine 2368.

Overfull \hbox (0.84pt too wide) in paragraph at lines 2368--2368
   [] [] 
 []

LaTeX Font Info:    No math alphabet change to frozen version normal on input l
ine 2368.

Overfull \hbox (0.84pt too wide) in paragraph at lines 2368--2368
   [] [] 
 []


Package fancyhdr Warning: \headheight is too small (12.0pt): 
(fancyhdr)                Make it at least 31.99992pt, for example:
(fancyhdr)                \setlength{\headheight}{31.99992pt}.
(fancyhdr)                You might also make \topmargin smaller to compensate:

(fancyhdr)                \addtolength{\topmargin}{-19.99992pt}.



<QR code requested for "https://zalo.me/g/ogytdc722" in version 0-M.>
<Error-correction level increased from M to Q at no cost.>

<Copying the QR code for "https://zalo.me/g/ogytdc722" in version 3-Q as previo
usly calculated.>
LaTeX Font Info:    No math alphabet change to frozen version normal on input l
ine 2368.
\openout4 = `Hoa11_C01_CBHH_2.mw'.

[48] (./Hoa11_C01_CBHH_2.mw)
\openout4 = `Hoa11_C01_CBHH_2.mw'.

LaTeX Font Info:    No math alphabet change to frozen version normal on input l
ine 2368.

Overfull \hbox (0.84pt too wide) in paragraph at lines 2368--2368
   [] [] 
 []

LaTeX Font Info:    No math alphabet change to frozen version normal on input l
ine 2368.

Overfull \hbox (0.84pt too wide) in paragraph at lines 2368--2368
   [] [] 
 []

\openout4 = `Hoa11_C01_CBHH_2.mw'.

\openout4 = `Hoa11_C01_CBHH_2.mw'.

\openout4 = `Hoa11_C01_CBHH_2.mw'.

\openout4 = `Hoa11_C01_CBHH_2.mw'.

\openout4 = `Hoa11_C01_CBHH_2.mw'.

\openout4 = `Hoa11_C01_CBHH_2.mw'.

LaTeX Font Info:    No math alphabet change to frozen version normal on input l
ine 2374.
LaTeX Font Info:    No math alphabet change to frozen version normal on input l
ine 2374.
LaTeX Font Info:    No math alphabet change to frozen version normal on input l
ine 2374.
LaTeX Font Info:    No math alphabet change to frozen version normal on input l
ine 2379.
LaTeX Font Info:    No math alphabet change to frozen version normal on input l
ine 2379.
LaTeX Font Info:    No math alphabet change to frozen version normal on input l
ine 2379.

Overfull \hbox (0.84pt too wide) in paragraph at lines 2379--2379
   [] [] 
 []

LaTeX Font Info:    No math alphabet change to frozen version normal on input l
ine 2379.

Overfull \hbox (0.84pt too wide) in paragraph at lines 2379--2379
   [] [] 
 []


Overfull \hbox (0.84pt too wide) in paragraph at lines 2379--2379
   [] [] 
 []


Overfull \hbox (0.84pt too wide) in paragraph at lines 2379--2379
   [] [] 
 []

\openout4 = `Hoa11_C01_CBHH_2.mw'.

\openout4 = `Hoa11_C01_CBHH_2.mw'.

\openout4 = `Hoa11_C01_CBHH_2.mw'.

\openout4 = `Hoa11_C01_CBHH_2.mw'.

\openout4 = `Hoa11_C01_CBHH_2.mw'.

\openout4 = `Hoa11_C01_CBHH_2.mw'.

LaTeX Font Info:    No math alphabet change to frozen version normal on input l
ine 2384.
\openout4 = `Hoa11_C01_CBHH_2.mw'.

\openout4 = `Hoa11_C01_CBHH_2.mw'.

\openout4 = `Hoa11_C01_CBHH_2.mw'.

\openout4 = `Hoa11_C01_CBHH_2.mw'.

\openout4 = `Hoa11_C01_CBHH_2.mw'.

\openout4 = `Hoa11_C01_CBHH_2.mw'.

LaTeX Font Info:    No math alphabet change to frozen version normal on input l
ine 2399.
LaTeX Font Info:    No math alphabet change to frozen version normal on input l
ine 2399.
LaTeX Font Info:    No math alphabet change to frozen version normal on input l
ine 2399.
LaTeX Font Info:    No math alphabet change to frozen version normal on input l
ine 2399.
LaTeX Font Info:    No math alphabet change to frozen version normal on input l
ine 2399.
LaTeX Font Info:    No math alphabet change to frozen version normal on input l
ine 2399.
LaTeX Font Info:    No math alphabet change to frozen version normal on input l
ine 2399.
LaTeX Font Info:    No math alphabet change to frozen version normal on input l
ine 2399.
\openout4 = `Hoa11_C01_CBHH_2.mw'.

\openout4 = `Hoa11_C01_CBHH_2.mw'.

\openout4 = `Hoa11_C01_CBHH_2.mw'.

\openout4 = `Hoa11_C01_CBHH_2.mw'.

\openout4 = `Hoa11_C01_CBHH_2.mw'.

\openout4 = `Hoa11_C01_CBHH_2.mw'.

\openout4 = `Ans/Ans-C01B01_Dang4.tex'.

\openout4 = `Ans/LGEX-C01B01_Dang4.tex'.


pdfTeX warning (ext4): destination with the same identifier (name{phan.1.2.4}) 
has been already used, duplicate ignored
<to be read again> 
                   \relax 
l.2408 ...n{Bài tập trắc nghiệm Đúng Sai}
                                                  
Output from handle ansex going to Ans/LGTF-C01B01_Dang4.tex
\openout4 = `Ans/LGTF-C01B01_Dang4.tex'.

Output from handle ansbook going to Ansbook/AnsTF-C01B01_Dang4.tex
\openout4 = `Ansbook/AnsTF-C01B01_Dang4.tex'.

Output from handle ans going to Ans/Tempt-C01B01_Dang4.tex
\openout4 = `Ans/Tempt-C01B01_Dang4.tex'.

LaTeX Font Info:    No math alphabet change to frozen version normal on input l
ine 2415.
LaTeX Font Info:    No math alphabet change to frozen version normal on input l
ine 2420.
LaTeX Font Info:    No math alphabet change to frozen version normal on input l
ine 2420.
LaTeX Font Info:    No math alphabet change to frozen version normal on input l
ine 2420.
LaTeX Font Info:    No math alphabet change to frozen version normal on input l
ine 2420.
LaTeX Font Info:    No math alphabet change to frozen version normal on input l
ine 2420.
\openout4 = `Hoa11_C01_CBHH_2.mw'.

\openout4 = `Hoa11_C01_CBHH_2.mw'.

\openout4 = `Hoa11_C01_CBHH_2.mw'.

\openout4 = `Hoa11_C01_CBHH_2.mw'.

\openout4 = `Hoa11_C01_CBHH_2.mw'.

\openout4 = `Hoa11_C01_CBHH_2.mw'.

\openout4 = `Hoa11_C01_CBHH_2.mw'.

\openout4 = `Hoa11_C01_CBHH_2.mw'.

LaTeX Font Info:    No math alphabet change to frozen version normal on input l
ine 2437.
\openout4 = `Hoa11_C01_CBHH_2.mw'.

\openout4 = `Hoa11_C01_CBHH_2.mw'.

\openout4 = `Hoa11_C01_CBHH_2.mw'.

\openout4 = `Hoa11_C01_CBHH_2.mw'.

\openout4 = `Hoa11_C01_CBHH_2.mw'.

\openout4 = `Hoa11_C01_CBHH_2.mw'.

\openout4 = `Hoa11_C01_CBHH_2.mw'.

\openout4 = `Hoa11_C01_CBHH_2.mw'.

LaTeX Font Info:    No math alphabet change to frozen version normal on input l
ine 2460.
LaTeX Font Info:    No math alphabet change to frozen version normal on input l
ine 2460.
\openout4 = `Hoa11_C01_CBHH_2.mw'.

\openout4 = `Hoa11_C01_CBHH_2.mw'.

\openout4 = `Hoa11_C01_CBHH_2.mw'.

\openout4 = `Hoa11_C01_CBHH_2.mw'.

\openout4 = `Hoa11_C01_CBHH_2.mw'.

\openout4 = `Hoa11_C01_CBHH_2.mw'.

\openout4 = `Hoa11_C01_CBHH_2.mw'.

\openout4 = `Hoa11_C01_CBHH_2.mw'.

LaTeX Font Info:    No math alphabet change to frozen version normal on input l
ine 2477.
LaTeX Font Info:    No math alphabet change to frozen version normal on input l
ine 2477.
LaTeX Font Info:    No math alphabet change to frozen version normal on input l
ine 2477.
\openout4 = `Hoa11_C01_CBHH_2.mw'.

\openout4 = `Hoa11_C01_CBHH_2.mw'.

\openout4 = `Hoa11_C01_CBHH_2.mw'.

\openout4 = `Hoa11_C01_CBHH_2.mw'.

\openout4 = `Hoa11_C01_CBHH_2.mw'.

\openout4 = `Hoa11_C01_CBHH_2.mw'.

\openout4 = `Hoa11_C01_CBHH_2.mw'.

\openout4 = `Hoa11_C01_CBHH_2.mw'.

LaTeX Font Info:    No math alphabet change to frozen version normal on input l
ine 2494.
LaTeX Font Info:    No math alphabet change to frozen version normal on input l
ine 2494.
LaTeX Font Info:    No math alphabet change to frozen version normal on input l
ine 2494.
LaTeX Font Info:    No math alphabet change to frozen version normal on input l
ine 2494.

Package fancyhdr Warning: \headheight is too small (12.0pt): 
(fancyhdr)                Make it at least 31.99992pt, for example:
(fancyhdr)                \setlength{\headheight}{31.99992pt}.
(fancyhdr)                You might also make \topmargin smaller to compensate:

(fancyhdr)                \addtolength{\topmargin}{-19.99992pt}.




<QR code requested for "https://www.youtube.com/@hochoakhongkho" in version 0-M
.>

<Copying the QR code for "https://www.youtube.com/@hochoakhongkho" in version 3
-M as previously calculated.>
LaTeX Font Info:    No math alphabet change to frozen version normal on input l
ine 2494.
\openout4 = `Hoa11_C01_CBHH_2.mw'.

[49] (./Hoa11_C01_CBHH_2.mw)
\openout4 = `Hoa11_C01_CBHH_2.mw'.

LaTeX Font Info:    No math alphabet change to frozen version normal on input l
ine 2494.
LaTeX Font Info:    No math alphabet change to frozen version normal on input l
ine 2494.
LaTeX Font Info:    No math alphabet change to frozen version normal on input l
ine 2494.
LaTeX Font Info:    No math alphabet change to frozen version normal on input l
ine 2494.
\openout4 = `Hoa11_C01_CBHH_2.mw'.

\openout4 = `Hoa11_C01_CBHH_2.mw'.

\openout4 = `Hoa11_C01_CBHH_2.mw'.

\openout4 = `Hoa11_C01_CBHH_2.mw'.

\openout4 = `Hoa11_C01_CBHH_2.mw'.

\openout4 = `Hoa11_C01_CBHH_2.mw'.

\openout4 = `Hoa11_C01_CBHH_2.mw'.

\openout4 = `Hoa11_C01_CBHH_2.mw'.

LaTeX Font Info:    No math alphabet change to frozen version normal on input l
ine 2511.
LaTeX Font Info:    No math alphabet change to frozen version normal on input l
ine 2511.
LaTeX Font Info:    No math alphabet change to frozen version normal on input l
ine 2511.
LaTeX Font Info:    No math alphabet change to frozen version normal on input l
ine 2511.
LaTeX Font Info:    No math alphabet change to frozen version normal on input l
ine 2511.
LaTeX Font Info:    No math alphabet change to frozen version normal on input l
ine 2511.
LaTeX Font Info:    No math alphabet change to frozen version normal on input l
ine 2511.
LaTeX Font Info:    No math alphabet change to frozen version normal on input l
ine 2511.
LaTeX Font Info:    No math alphabet change to frozen version normal on input l
ine 2511.
\openout4 = `Hoa11_C01_CBHH_2.mw'.

\openout4 = `Hoa11_C01_CBHH_2.mw'.

\openout4 = `Hoa11_C01_CBHH_2.mw'.

\openout4 = `Hoa11_C01_CBHH_2.mw'.

\openout4 = `Hoa11_C01_CBHH_2.mw'.

\openout4 = `Hoa11_C01_CBHH_2.mw'.

\openout4 = `Hoa11_C01_CBHH_2.mw'.

\openout4 = `Hoa11_C01_CBHH_2.mw'.

LaTeX Font Info:    No math alphabet change to frozen version normal on input l
ine 2528.
LaTeX Font Info:    No math alphabet change to frozen version normal on input l
ine 2528.
\openout4 = `Hoa11_C01_CBHH_2.mw'.

\openout4 = `Hoa11_C01_CBHH_2.mw'.

\openout4 = `Hoa11_C01_CBHH_2.mw'.

\openout4 = `Hoa11_C01_CBHH_2.mw'.

\openout4 = `Hoa11_C01_CBHH_2.mw'.

\openout4 = `Hoa11_C01_CBHH_2.mw'.

\openout4 = `Hoa11_C01_CBHH_2.mw'.

\openout4 = `Hoa11_C01_CBHH_2.mw'.

LaTeX Font Info:    No math alphabet change to frozen version normal on input l
ine 2545.
LaTeX Font Info:    No math alphabet change to frozen version normal on input l
ine 2545.
LaTeX Font Info:    No math alphabet change to frozen version normal on input l
ine 2545.
LaTeX Font Info:    No math alphabet change to frozen version normal on input l
ine 2545.
LaTeX Font Info:    No math alphabet change to frozen version normal on input l
ine 2545.
LaTeX Font Info:    No math alphabet change to frozen version normal on input l
ine 2545.
LaTeX Font Info:    No math alphabet change to frozen version normal on input l
ine 2545.
\openout4 = `Hoa11_C01_CBHH_2.mw'.

\openout4 = `Hoa11_C01_CBHH_2.mw'.

\openout4 = `Hoa11_C01_CBHH_2.mw'.

\openout4 = `Hoa11_C01_CBHH_2.mw'.

\openout4 = `Hoa11_C01_CBHH_2.mw'.

\openout4 = `Hoa11_C01_CBHH_2.mw'.

\openout4 = `Hoa11_C01_CBHH_2.mw'.

\openout4 = `Hoa11_C01_CBHH_2.mw'.

LaTeX Font Info:    No math alphabet change to frozen version normal on input l
ine 2557.
LaTeX Font Info:    No math alphabet change to frozen version normal on input l
ine 2562.
LaTeX Font Info:    No math alphabet change to frozen version normal on input l
ine 2562.
LaTeX Font Info:    No math alphabet change to frozen version normal on input l
ine 2562.
\openout4 = `Hoa11_C01_CBHH_2.mw'.

\openout4 = `Hoa11_C01_CBHH_2.mw'.

\openout4 = `Hoa11_C01_CBHH_2.mw'.

\openout4 = `Hoa11_C01_CBHH_2.mw'.

\openout4 = `Hoa11_C01_CBHH_2.mw'.

\openout4 = `Hoa11_C01_CBHH_2.mw'.

\openout4 = `Hoa11_C01_CBHH_2.mw'.

\openout4 = `Hoa11_C01_CBHH_2.mw'.

\openout4 = `Hoa11_C01_CBHH_2.mw'.

\openout4 = `Hoa11_C01_CBHH_2.mw'.

\openout4 = `Hoa11_C01_CBHH_2.mw'.

\openout4 = `Hoa11_C01_CBHH_2.mw'.

\openout4 = `Hoa11_C01_CBHH_2.mw'.

\openout4 = `Hoa11_C01_CBHH_2.mw'.

\openout4 = `Hoa11_C01_CBHH_2.mw'.

\openout4 = `Hoa11_C01_CBHH_2.mw'.

\openout4 = `Ans/Tempt-C01B01_Dang4.tex'.

\openout4 = `Ansbook/AnsTF-C01B01_Dang4.tex'.

\openout4 = `Ans/LGTF-C01B01_Dang4.tex'.

)
\tf@thm=\write141
\openout4 = `Hoa11_C01_CBHH_2.thm'.

\openout4 = `Hoa11_C01_CBHH_2.pre'.



Package fancyhdr Warning: \headheight is too small (12.0pt): 
(fancyhdr)                Make it at least 31.99992pt, for example:
(fancyhdr)                \setlength{\headheight}{31.99992pt}.
(fancyhdr)                You might also make \topmargin smaller to compensate:

(fancyhdr)                \addtolength{\topmargin}{-19.99992pt}.



<QR code requested for "https://zalo.me/g/ogytdc722" in version 0-M.>
<Error-correction level increased from M to Q at no cost.>

<Copying the QR code for "https://zalo.me/g/ogytdc722" in version 3-Q as previo
usly calculated.>
LaTeX Font Info:    No math alphabet change to frozen version normal on input l
ine 10.
\openout4 = `Hoa11_C01_CBHH_2.mw'.

[50] (./Hoa11_C01_CBHH_2.mw)
\openout4 = `Hoa11_C01_CBHH_2.mw'.



enddocument/afterlastpage: lastpage setting LastPage.
(./Hoa11_C01_CBHH_2.aux
<Reading QR code for "https://www.youtube.com/@hochoakhongkho" at level 3-M fro
m aux file.>

<Reading QR code for "https://zalo.me/g/ogytdc722" at level 3-Q from aux file.>

)
 ***********
LaTeX2e <2023-11-01> patch level 1
L3 programming layer <2020/03/25>
 ***********


LaTeX Font Warning: Size substitutions with differences
(Font)              up to 1.12pt have occurred.


LaTeX Font Warning: Some font shapes were not available, defaults substituted.

\openout4 = `Hoa11_C01_CBHH_2.out'.

Package rerunfilecheck Info: File `Hoa11_C01_CBHH_2.out' has not changed.
(rerunfilecheck)             Checksum: BEA193DBB19126688970506BB03E21F9;4275.
\openout4 = `Hoa11_C01_CBHH_2.thm'.

 ) 
Here is how much of TeX's memory you used:
 79539 strings out of 474116
 1787448 string characters out of 5747717
 2582319 words of memory out of 5000000
 97223 multiletter control sequences out of 15000+600000
 799284 words of font info for 542 fonts, out of 8000000 for 9000
 1141 hyphenation exceptions out of 8191
 119i,28n,137p,1224b,2594s stack positions out of 10000i,1000n,20000p,200000b,200000s
<c:/texlive/2024/texmf-dist/fonts/type1/public/fontawesome/FontAwesome.pfb><c
:/texlive/2024/texmf-dist/fonts/type1/public/amsfonts/cm/cmex10.pfb><c:/texlive
/2024/texmf-dist/fonts/type1/public/amsfonts/cm/cmmi10.pfb><c:/texlive/2024/tex
mf-dist/fonts/type1/public/amsfonts/cm/cmr10.pfb><c:/texlive/2024/texmf-dist/fo
nts/type1/public/amsfonts/cm/cmss10.pfb><c:/texlive/2024/texmf-dist/fonts/type1
/public/amsfonts/cm/cmss8.pfb><c:/texlive/2024/texmf-dist/fonts/type1/public/am
sfonts/cm/cmssbx10.pfb><c:/texlive/2024/texmf-dist/fonts/type1/public/amsfonts/
cm/cmsy10.pfb><c:/texlive/2024/texmf-dist/fonts/type1/public/marvosym/marvosym.
pfb><c:/texlive/2024/texmf-dist/fonts/type1/public/miama/miama.pfb><c:/texlive/
2024/texmf-dist/fonts/type1/public/amsfonts/symbols/msam10.pfb><c:/texlive/2024
/texmf-dist/fonts/type1/vntex/vntopia/putb8v.pfb><c:/texlive/2024/texmf-dist/fo
nts/type1/public/tex-gyre/qagb.pfb><c:/texlive/2024/texmf-dist/fonts/type1/publ
ic/tex-gyre/qagbi.pfb><c:/texlive/2024/texmf-dist/fonts/type1/public/cm-super/s
fsx2488.pfb><c:/texlive/2024/texmf-dist/fonts/type1/vntex/grotesqvn/ugqb8v.pfb>
<c:/texlive/2024/texmf-dist/fonts/type1/vntex/urwvn/uhvb8v.pfb><c:/texlive/2024
/texmf-dist/fonts/type1/urw/symbol/usyr.pfb><c:/texlive/2024/texmf-dist/fonts/t
ype1/urw/times/utmb8a.pfb><c:/texlive/2024/texmf-dist/fonts/type1/vntex/urwvn/u
tmb8v.pfb><c:/texlive/2024/texmf-dist/fonts/type1/vntex/urwvn/utmbi8v.pfb><c:/t
exlive/2024/texmf-dist/fonts/type1/urw/times/utmr8a.pfb><c:/texlive/2024/texmf-
dist/fonts/type1/vntex/urwvn/utmr8v.pfb><c:/texlive/2024/texmf-dist/fonts/type1
/urw/times/utmri8a.pfb><c:/texlive/2024/texmf-dist/fonts/type1/vntex/urwvn/utmr
i8v.pfb><c:/texlive/2024/texmf-dist/fonts/type1/vntex/vnr/vnss12.pfb><c:/texliv
e/2024/texmf-dist/fonts/type1/vntex/vnr/vnssbx10.pfb><c:/texlive/2024/texmf-dis
t/fonts/type1/public/yhmath/yhcmex.pfb>
Output written on Hoa11_C01_CBHH_2.pdf (50 pages, 11668663 bytes).
PDF statistics:
 1262 PDF objects out of 1440 (max. 8388607)
 1067 compressed objects within 11 object streams
 569 named destinations out of 1000 (max. 500000)
 154084 words of extra memory for PDF output out of 184870 (max. 10000000)

